331939838,1,3,-2.3052063,3.6068995,7.7047777
331939848,1,3,-2.3878345,3.5637891,7.68442
331939858,1,3,-2.4321423,3.5218763,7.599397
331939868,1,3,-2.4333398,3.556604,7.8616514
331939878,1,3,-2.4513025,3.4524207,7.6688523
331939888,1,3,-2.5890162,3.4655933,7.9119473
331939897,1,3,-2.75068,3.4284704,7.8616514
331939907,1,3,-2.7422974,3.5122962,7.8077636
331939917,1,3,-2.8129504,3.5829492,7.883207
331939927,1,3,-2.933899,3.5182836,8.024513
331939937,1,3,-2.9566517,3.2308815,8.213719
331939947,1,3,-3.002157,3.2081287,8.178991
331939957,1,3,-2.9877868,3.3602123,8.193362
331939967,1,3,-3.075205,3.4200878,8.297545
331939976,1,3,-2.6656568,3.5961218,7.8867993
331939986,1,3,-2.9722192,3.7170703,8.153844
331939996,1,3,-2.9051588,3.6164794,7.8640466
331940006,1,3,-2.8285182,3.5793567,7.7670484
331940016,1,3,-3.0081446,3.6380346,7.721543
331940026,1,3,-2.9985645,3.617677,7.667655
331940036,1,3,-3.0931678,3.4332604,7.550299
331940046,1,3,-2.618954,3.5362463,7.723938
331940055,1,3,-2.626139,3.3458424,7.806566
331940065,1,3,-2.9350965,3.239264,7.892787
331940075,1,3,-5.6462584,2.2261705,8.438851
331940085,1,3,-2.518363,3.4679883,7.289242
331940095,1,3,-1.9950513,3.7577856,8.321495
331940105,1,3,-2.391427,3.4009278,8.243657
331940115,1,3,-2.9123437,3.197351,7.8891945
331940125,1,3,-2.9255164,3.4332604,7.7909985
331940134,1,3,-2.7027795,3.7242553,7.789801
331940144,1,3,-3.0201197,3.6536024,7.891589
331940154,1,3,-3.0728102,3.556604,7.9622426
331940164,1,3,-2.9482691,3.3554223,8.1071415
331940174,1,3,-2.9698243,3.2380664,8.165819
331940184,1,3,-3.321892,3.0105395,8.171806
331940194,1,3,-5.965994,2.5267456,7.180269
331940204,1,3,-2.8740234,3.5937269,7.8939843
331940213,1,3,-1.0095007,3.8811293,8.8879175
331940223,1,3,-1.5447876,3.3039293,8.799302
331940233,1,3,-2.3159838,3.2560291,8.29994
331940243,1,3,-2.4489074,3.6799476,8.152646
331940253,1,3,-2.894381,3.8452039,7.850874
331940263,1,3,-3.38536,3.6332445,7.728728
331940273,1,3,-3.4476306,3.234474,7.9275146
331940283,1,3,-3.1003528,2.9255164,8.234077
331940292,1,3,-2.8345056,2.842888,8.231682
331940302,1,3,-3.3123121,2.767445,7.9909825
331940312,1,3,-3.333867,3.2811768,7.306007
331940322,1,3,-3.4943335,4.0751257,7.411388
331940332,1,3,-3.8152661,4.362528,7.260502
331940342,1,3,-4.411626,4.9612827,7.0748878
331940352,1,3,-4.8966174,5.4319043,6.340814
331940362,1,3,-5.0918117,5.4462743,6.1767554
331940371,1,3,-5.422324,4.8714695,5.6151233
331940381,1,3,-5.5073476,4.1709266,5.4331017
331940391,1,3,-5.1720448,3.070415,4.822372
331940401,1,3,-4.7696815,1.9962487,4.59245
331940411,1,3,-4.3960586,0.48139894,4.5397596
331940421,1,3,-4.0439906,-0.86699706,4.2978625
331940431,1,3,-3.2955468,-1.6669335,3.258424
331940441,1,3,-3.0033545,-2.7470875,3.4560132
331940450,1,3,-2.2393432,-4.0811133,3.1734009
331940460,1,3,-1.7603394,-5.5193224,3.8272412
331940470,1,3,-0.83945435,-7.588619,4.127816
331940480,1,3,0.21674927,-9.286688,4.4882665
331940490,1,3,1.3340259,-10.784773,4.118236
331940500,1,3,1.9830762,-11.899654,3.1434631
331940510,1,3,2.198628,-12.776232,1.9375708
331940520,1,3,2.2022204,-13.53186,1.0154883
331940529,1,3,1.9722986,-14.031222,0.7723938
331940539,1,3,1.9699036,-14.752123,2.503993
331940549,1,3,1.4513818,-15.183227,4.0463853
331940559,1,3,1.5459851,-15.002402,5.9863515
331940569,1,3,1.9830762,-13.622871,7.061715
331940579,1,3,1.8800904,-11.888877,5.8498354
331940589,1,3,1.421444,-11.173964,4.3385777
331940599,1,3,1.2621753,-10.528506,3.6631823
331940608,1,3,1.4765296,-9.9153805,1.9243982
331940618,1,3,2.2321582,-9.53098,0.4646338
331940628,1,3,2.5566833,-9.366921,-0.53049684
331940638,1,3,2.3052063,-9.489067,-1.1460168
331940648,1,3,2.4045997,-9.129814,-1.6813037
331940658,1,3,2.2944288,-8.6843405,-2.0896544
331940668,1,3,1.6369958,-8.5011215,-2.3950195
331940677,1,3,1.0801538,-8.420889,-1.9878662
331940687,1,3,0.49097902,-8.447234,-1.5184424
331940697,1,3,-0.067060545,-9.336984,-0.8322693
331940707,1,3,-0.12933105,-9.358539,0.34488282
331940717,1,3,-0.17363891,-9.3381815,1.2657678
331940727,1,3,-0.36404297,-9.414822,0.55324954
331940737,1,3,-0.88855225,-9.912986,0.45026368
331940747,1,3,-1.0933264,-10.788365,-0.12693603
331940756,1,3,-0.95321774,-10.903326,-0.79035646
331940766,1,3,-0.99872315,-10.875784,-1.900448
331940776,1,3,-1.1615845,-10.17045,-1.6441809
331940786,1,3,-1.2585827,-10.224339,-0.9316626
331940796,1,3,-1.6034656,-10.372829,0.45265868
331940806,1,3,-0.9807605,-9.871073,0.5005591
331940816,1,3,-0.2586621,-9.251961,-0.14130615
331940826,1,3,-0.13891113,-9.186097,-1.7208215
331940835,1,3,-0.30057496,-8.964558,-2.7782226
331940845,1,3,-0.6646179,-9.105865,-3.5578015
331940855,1,3,-0.9460327,-8.928633,-4.399651
331940865,1,3,-0.91849,-8.005353,-3.7649708
331940875,1,3,0.23710693,-7.846084,-1.8214123
331940885,1,3,-1.0885364,-9.277108,-3.0285022
331940895,1,3,-0.7592212,-9.266331,-1.4837146
331940905,1,3,-0.17962646,-9.126222,-1.4034815
331940914,1,3,-0.6011499,-9.0148535,-1.1328442
331940924,1,3,-0.4921765,-8.897497,-1.0095007
331940934,1,3,-0.56881714,-8.7897215,-0.6251001
331940944,1,3,-0.25387207,-8.941806,-1.1795471
331940954,1,3,0.07185058,-9.093889,-1.6657361
331940964,1,3,0.6658154,-9.400452,-2.1674926
331940974,1,3,1.165177,-9.884246,-3.1051428
331940984,1,3,1.3663586,-10.532099,-3.6068995
331940993,1,3,1.404679,-10.142908,-4.204457
331941003,1,3,1.3819263,-9.1130495,-4.93374
331941013,1,3,0.86579955,-8.793314,-5.647456
331941023,1,3,0.8190967,-9.24238,-6.5108604
331941033,1,3,0.5376819,-10.917697,-5.649851
331941043,1,3,1.1687695,-12.24334,-5.8151073
331941053,1,3,1.1256592,-13.457615,-5.5121374
331941063,1,3,0.85502195,-14.523398,-5.771997
331941072,1,3,0.5376819,-15.011982,-6.1839404
331941082,1,3,-0.2802173,-15.487393,-6.1204724
331941092,1,3,-1.165177,-15.839461,-5.6905665
331941102,1,3,-1.3795313,-16.221468,-5.2355127
331941112,1,3,-1.3280383,-16.308886,-4.3924656
331941122,1,3,-1.2717553,-16.265776,-3.309917
331941132,1,3,-1.4968872,-15.799944,-2.2704785
331941142,1,3,-1.8190173,-15.077846,-1.6621436
331941151,1,3,-2.3087988,-14.0934925,-1.1172767
331941161,1,3,-2.6836195,-13.117522,-0.9556128
331941171,1,3,-2.75068,-12.058924,-1.104104
331941181,1,3,-2.7614574,-11.456576,-1.4226416
331941203,1,3,-2.7710376,-10.9703865,-1.6573535
331941213,1,3,-3.0955627,-10.712922,-1.8046472
331941223,1,3,-3.38536,-10.635084,-2.039359
331941233,1,3,-3.5578015,-10.842254,-2.14953
331941243,1,3,-3.7733533,-11.338022,-2.0130138
331941253,1,3,-3.8954992,-11.805051,-1.5867004
331941263,1,3,-3.9158568,-12.341536,-0.93765014
331941272,1,3,-4.0559654,-12.463681,-0.34727782
331941282,1,3,-4.4104285,-12.687616,0.3927832
331941292,1,3,-5.0331335,-12.9187355,0.8322693
331941302,1,3,-5.812712,-13.442047,1.5148499
331941312,1,3,-6.730005,-14.4874735,1.9675086
331941322,1,3,-7.4688683,-15.813116,2.450105
331941332,1,3,-8.220904,-16.569942,3.1446607
331941342,1,3,-8.57896,-16.413069,3.803291
331941351,1,3,-8.404123,-15.174844,3.7517982
331941361,1,3,-7.838899,-13.616883,3.8248463
331941371,1,3,-6.8868785,-12.100836,3.6092944
331941381,1,3,-5.710924,-10.693762,3.4512231
331941391,1,3,-4.86189,-9.19448,3.3949401
331941401,1,3,-4.333788,-7.782616,3.270399
331941411,1,3,-3.8404138,-6.222261,2.8153455
331941421,1,3,-3.2955468,-4.8032117,1.9950513
331941430,1,3,-2.811753,-3.5410364,1.2466077
331941440,1,3,-2.3363416,-2.6512866,0.4754114
331941450,1,3,-1.7387842,-1.8860779,-0.36524048
331941460,1,3,-1.1603869,-1.5711328,-0.78915894
331941470,1,3,-0.6490503,-1.2573853,-0.83346677
331941480,1,3,-0.3676355,-1.0154883,-0.64186525
331941490,1,3,0.031135254,-0.8981323,-0.65623534
331941500,1,3,0.5029541,-0.556842,-0.6095325
331941509,1,3,0.70533323,0.05867798,-0.44427612
331941519,1,3,0.96160036,0.7244934,-0.60833496
331941529,1,3,1.2358301,1.4453943,-1.1100916
331941539,1,3,1.3903089,1.9471508,-1.729204
331941549,1,3,1.5914905,2.2525158,-2.3076012
331941559,1,3,1.8046472,2.0417542,-2.4752526
331941569,1,3,2.017804,1.4908997,-2.503993
331941579,1,3,2.1052222,0.54726195,-2.3926246
331941588,1,3,2.0525317,-0.41074586,-2.0501368
331941598,1,3,1.6765137,-1.5735278,-1.8094373
331941608,1,3,1.3136683,-2.8440857,-1.6597486
331941618,1,3,0.84065187,-4.1864944,-1.4693445
331941628,1,3,0.429906,-5.1756372,-1.2370276
331941638,1,3,0.18561402,-6.324049,-1.3927039
331941648,1,3,0.017962646,-7.03058,-1.8046472
331941658,1,3,0.17603393,-7.7909985,-2.1040246
331941667,1,3,0.05269043,-8.714278,-2.6153612
331941677,1,3,-0.17124389,-9.774075,-3.3111145
331941687,1,3,-0.62390256,-11.109298,-4.2834926
331941697,1,3,-1.1807446,-12.9259205,-5.273833
331941707,1,3,-1.8058448,-14.438375,-4.8726673
331941717,1,3,-2.339934,-15.764019,-4.214037
331941727,1,3,-2.9374914,-16.743582,-3.3374598
331941737,1,3,-3.427273,-17.15313,-1.9040406
331941746,1,3,-3.573369,-16.959133,-0.61073
331941756,1,3,-3.0955627,-16.429834,0.30177248
331941766,1,3,-2.8728259,-15.827487,1.0945239
331941776,1,3,-2.6908045,-15.311359,1.4034815
331941786,1,3,-2.5459058,-14.925762,1.3268409
331941796,1,3,-2.8201356,-14.663507,1.0250684
331941806,1,3,-3.006947,-14.042,0.90052736
331941815,1,3,-2.957849,-13.135485,0.5281018
331941825,1,3,-2.7422974,-11.975098,0.016765136
331941835,1,3,-2.45729,-11.178754,-0.44906616
331941851,1,3,-2.203418,-10.5129385,-0.5269043
331941861,1,3,-2.0046313,-9.978848,-0.5616321
331941871,1,3,-2.0094213,-9.599238,-0.60713744
331941881,1,3,-2.15911,-9.714199,-0.49337402
331941891,1,3,-2.2704785,-10.212363,-0.19998413
331941900,1,3,-2.4740553,-10.806328,0.2945874
331941910,1,3,-2.5973988,-11.421848,0.66701293
331941920,1,3,-2.994972,-11.94995,1.111289
331941930,1,3,-3.3865576,-12.498409,1.4573693
331941940,1,3,-3.913462,-12.930711,1.5388
331941950,1,3,-4.6427455,-13.803695,1.284928
331941960,1,3,-5.300178,-15.004797,0.91130495
331941970,1,3,-6.065387,-15.92209,0.5640271
331941979,1,3,-6.803053,-16.026274,0.6933582
331941989,1,3,-7.425758,-15.457456,0.6610254
331941999,1,3,-7.9766126,-14.631174,0.7101233
331942009,1,3,-8.52148,-14.3186245,0.64665526
331942019,1,3,-8.750204,-14.12343,1.096919
331942029,1,3,-9.012459,-14.06116,1.6346009
331942039,1,3,-9.135802,-13.7701645,1.8705102
331942049,1,3,-8.778944,-13.183385,2.0261865
331942058,1,3,-8.309521,-12.516372,2.0142114
331942068,1,3,-7.6880126,-11.834989,1.9794836
331942078,1,3,-6.9132237,-10.938054,1.8226099
331942088,1,3,-6.258186,-10.003997,1.5543677
331942098,1,3,-5.661826,-8.860374,1.3687537
331942108,1,3,-5.3947816,-7.7682457,1.0538086
331942118,1,3,-5.154082,-6.8952613,0.6813831
331942128,1,3,-4.8594947,-6.2102857,0.5269043
331942137,1,3,-4.62119,-5.51094,0.23710693
331942147,1,3,-4.3122325,-4.8738647,0.09699829
331942157,1,3,-3.923042,-4.2882824,-0.017962646
331942167,1,3,-3.7649708,-3.7458105,-0.13771363
331942177,1,3,-3.3386571,-3.3374598,-0.17962646
331942187,1,3,-3.0716126,-2.9841943,-0.34488282
331942197,1,3,-2.8692334,-2.7686427,-0.38559815
331942207,1,3,-2.6093738,-2.5638685,-0.47181883
331942216,1,3,-2.3650818,-2.389032,-0.5831873
331942226,1,3,-2.254911,-2.0285816,-0.8789722
331942236,1,3,-2.1148024,-1.7435743,-1.1579919
331942246,1,3,-1.9914588,-1.7327967,-1.3196558
331942256,1,3,-1.9220031,-1.7627344,-1.3543836
331942266,1,3,-1.9938538,-1.9746937,-1.5579602
331942276,1,3,-2.0190015,-2.2022204,-1.5352075
331942286,1,3,-2.0537293,-2.44771,-1.4429992
331942295,1,3,-2.0752845,-2.7638526,-1.1819421
331942305,1,3,-2.4117846,-3.3518298,-0.89334226
331942315,1,3,-2.8680358,-4.0631504,-0.68976563
331942325,1,3,-3.246449,-4.8822474,-0.25506958
331942335,1,3,-3.8511915,-5.795947,0.021555176
331942345,1,3,-4.2882824,-6.8186207,0.010777588
331942355,1,3,-4.724176,-8.01134,-0.17483643
331942365,1,3,-5.2750306,-8.729846,-0.3580554
331942374,1,3,-5.4606447,-9.552535,-0.48499146
331942384,1,3,-5.7851696,-10.051897,-0.31255004
331942394,1,3,-5.9683886,-10.414742,-0.35087037
331942404,1,3,-6.1228676,-10.389595,-0.34847534
331942414,1,3,-6.229446,-10.312954,-0.6969507
331942424,1,3,-6.3444066,-10.199191,-0.63587767
331942434,1,3,-6.795868,-10.746452,-0.35087037
331942444,1,3,-7.252119,-12.061318,0.49576905
331942453,1,3,-7.563472,-13.667179,1.3795313
331942463,1,3,-7.7526784,-14.899417,2.0848646
331942473,1,3,-7.8173437,-15.382013,2.598596
331942483,1,3,-7.9179344,-15.756833,3.0165272
331942493,1,3,-7.811356,-16.411871,3.5482213
331942503,1,3,-7.6796303,-17.154327,3.920647
331942513,1,3,-7.460486,-17.23456,4.149371
331942523,1,3,-7.191046,-17.10523,3.9517822
331942532,1,3,-6.8581386,-16.860937,3.9386096
331942542,1,3,-6.5431933,-16.756754,3.6440222
331942552,1,3,-6.0977197,-16.444204,3.046465
331942562,1,3,-5.6893687,-15.895744,2.286046
331942572,1,3,-5.412744,-15.323335,1.3388159
331942582,1,3,-4.982838,-14.814393,0.6885681
331942592,1,3,-4.766089,-14.327007,0.26704466
331942602,1,3,-4.2810974,-13.768968,-0.05987549
331942611,1,3,-3.747008,-13.069622,-0.33769774
331942621,1,3,-3.2057335,-12.718751,-0.732876
331942631,1,3,-2.4692652,-12.822934,-1.2502002
331942641,1,3,-1.902843,-12.913945,-1.8645227
331942651,1,3,-1.1747571,-13.18099,-2.3590941
331942661,1,3,-0.30296996,-13.50791,-2.9195287
331942671,1,3,0.47301635,-13.978532,-3.4799633
331942681,1,3,1.409469,-14.299464,-4.33259
331942690,1,3,2.0190015,-14.429993,-5.4702244
331942700,1,3,2.4237597,-14.203663,-6.365962
331942710,1,3,2.626139,-13.911471,-6.9826794
331942720,1,3,2.7482848,-14.009666,-7.9909825
331942730,1,3,2.9518616,-13.73424,-8.171806
331942740,1,3,2.9698243,-13.795313,-8.679551
331942750,1,3,2.9530592,-13.562996,-8.731044
331942759,1,3,2.809358,-13.400134,-8.498727
331942769,1,3,2.7159522,-13.021721,-8.102351
331942779,1,3,2.3219714,-12.695998,-7.2401443
331942789,1,3,2.0417542,-11.846964,-6.3132715
331942799,1,3,1.5675403,-10.977572,-5.556445
331942809,1,3,1.1124866,-9.690249,-4.3864784
331942819,1,3,0.7364685,-8.5083065,-3.6440222
331942829,1,3,0.41194335,-7.2413416,-2.9015663
331942838,1,3,-0.13052857,-6.291716,-2.3507116
331942848,1,3,-0.31015503,-5.070256,-1.5579602
331942858,1,3,-0.30895752,-3.984115,-1.2346326
331942868,1,3,-0.6382727,-3.0895753,-1.1160791
331942878,1,3,-0.68976563,-2.034569,-0.4514612
331942888,1,3,-0.735271,-1.2118798,-0.05149292
331942898,1,3,-0.32692015,0.21195923,0.37003052
331942908,1,3,0.22513184,1.4310242,0.0119750975
331942917,1,3,0.2802173,1.7998571,-0.10059082
331942927,1,3,-0.21794678,1.966311,0.48858398
331942937,1,3,-0.53049684,1.6405884,1.0023156
331942947,1,3,-0.9556128,1.3256433,1.6034656
331942957,1,3,-1.1783496,0.9340576,2.2980213
331942967,1,3,-1.6597486,0.5999524,2.7003846
331942977,1,3,-1.658551,0.676593,2.692002
331942987,1,3,-1.5867004,0.7927515,2.290836
331942996,1,3,-1.5819104,0.7747888,2.039359
331943006,1,3,-1.7016613,0.54726195,2.0142114
331943016,1,3,-1.9040406,-0.03592529,1.2609777
331943026,1,3,-2.1962328,-0.4263135,0.9065149
331943036,1,3,-2.4956102,-0.91609496,0.38320312
331943046,1,3,-2.647694,-1.6980689,0.11975098
331943056,1,3,-2.8656409,-2.882406,-0.016765136
331943066,1,3,-3.0764027,-4.096681,-0.34009278
331943075,1,3,-3.417693,-5.302573,0.021555176
331943085,1,3,-3.718268,-6.666537,0.30057496
331943095,1,3,-3.7745507,-8.0305,0.5029541
331943105,1,3,-3.7996986,-9.477093,0.5281018
331943115,1,3,-3.8715491,-10.659035,-0.05508545
331943125,1,3,-3.822451,-11.170371,-0.7041357
331943135,1,3,-3.984115,-11.425441,-1.5938855
331943144,1,3,-4.418811,-11.460169,-2.1112096
331943154,1,3,-4.827162,-11.663745,-2.081272
331943164,1,3,-5.3313136,-12.256513,-1.971101
331943174,1,3,-5.6342835,-13.103152,-1.6765137
331943184,1,3,-5.9049206,-14.155763,-1.1412268
331943194,1,3,-6.0414367,-15.456259,-1.1029065
331943204,1,3,-6.212681,-16.68131,-1.1244617
331943214,1,3,-6.212681,-17.57106,-1.1256592
331943223,1,3,-6.1911254,-17.998571,-1.0801538
331943233,1,3,-6.173163,-18.083595,-0.7699988
331943243,1,3,-6.173163,-17.780624,-0.21076173
331943253,1,3,-5.980364,-17.217796,0.4778064
331943263,1,3,-5.606741,-16.421452,1.0322534
331943273,1,3,-5.2498827,-15.625108,1.2837305
331943296,1,3,-4.843927,-14.837146,1.3016931
331943305,1,3,-4.61161,-14.117443,0.9352551
331943315,1,3,-4.454736,-13.394147,0.75562865
331943325,1,3,-4.437971,-12.936698,0.4155359
331943335,1,3,-4.4032435,-12.430151,0.11855347
331943345,1,3,-4.1314087,-11.716435,-0.23710693
331943355,1,3,-3.9290295,-11.164384,-0.852627
331943365,1,3,-3.8559813,-10.578801,-0.87178713
331943375,1,3,-3.5482213,-10.081835,-1.0729687
331943384,1,3,-3.1530433,-9.916578,-1.2561878
331943394,1,3,-2.694397,-10.02675,-1.6645386
331943404,1,3,-2.5483007,-10.009984,-2.205813
331943414,1,3,-2.198628,-9.7956295,-2.523153
331943424,1,3,-1.7938696,-9.968071,-3.4129028
331943434,1,3,-1.5004797,-10.645862,-3.906277
331943444,1,3,-1.1520044,-11.419453,-4.012855
331943454,1,3,-0.83825684,-12.510385,-4.511019
331943463,1,3,-0.86100954,-13.442047,-5.156477
331943473,1,3,-1.3843213,-14.131813,-6.074967
331943483,1,3,-1.8214123,-14.544953,-7.8424916
331943493,1,3,-2.6512866,-15.43111,-9.666299
331943503,1,3,-2.926714,-15.962805,-10.813513
331943513,1,3,-2.4848328,-15.682588,-11.05541
331943523,1,3,-1.7004639,-15.117363,-11.115286
331943532,1,3,-1.1328442,-14.432387,-11.00751
331943542,1,3,-0.43709105,-13.397739,-10.584789
331943552,1,3,-0.23710693,-12.657679,-10.07465
331943562,1,3,-0.28859985,-12.240945,-9.386082
331943572,1,3,-0.34847534,-11.64698,-8.708291
331943582,1,3,-0.43349853,-10.862611,-7.946675
331943592,1,3,-0.42751098,-10.032737,-7.2581067
331943602,1,3,-0.3305127,-8.937016,-6.1540027
331943611,1,3,-0.17723145,-7.755073,-4.88584
331943621,1,3,0.0,-6.553971,-3.5194812
331943631,1,3,0.04790039,-5.3061657,-2.757865
331943641,1,3,-0.028740235,-3.920647,-2.2884412
331943651,1,3,-0.18681152,-2.379452,-2.2201831
331943661,1,3,-0.23830444,-0.92567503,-2.339934
331943671,1,3,-0.10298584,0.32692015,-2.5219555
331943681,1,3,0.23710693,1.2346326,-2.2848487
331943690,1,3,0.54606444,1.7591418,-2.0477417
331943700,1,3,0.98195803,1.968706,-1.5280224
331943710,1,3,1.1819421,1.9016455,-1.0083032
331943720,1,3,1.284928,1.7926722,-0.43349853
331943730,1,3,1.2178674,1.4561719,0.21195923
331943740,1,3,0.852627,1.0250684,0.6502478
331943750,1,3,0.30296996,0.41433838,0.90411985
331943760,1,3,-0.42152345,-0.34608033,1.0777588
331943769,1,3,-1.1100916,-1.2142749,0.62390256
331943779,1,3,-1.900448,-2.262096,0.25027955
331943789,1,3,-2.5734484,-3.1482532,0.34488282
331943799,1,3,-3.1051428,-4.364923,-0.083825685
331943809,1,3,-3.4500256,-5.457052,-0.62390256
331943819,1,3,-3.873944,-6.4162574,-0.8454419
331943829,1,3,-4.123026,-7.7107654,-1.6381934
331943839,1,3,-4.1829014,-9.284293,-2.327959
331943848,1,3,-4.382886,-10.44468,-2.290836
331943858,1,3,-4.6247826,-10.985954,-2.2968237
331943868,1,3,-4.6104126,-10.845846,-3.0524523
331943878,1,3,-4.5050316,-10.635084,-3.8164637
331943888,1,3,-4.750521,-10.68538,-3.38536
331943898,1,3,-5.221143,-10.715318,-2.3650818
331943908,1,3,-5.7612195,-10.945239,-1.1639795
331943918,1,3,-6.319259,-10.97398,-0.081430666
331943927,1,3,-6.4246397,-10.850636,0.34727782
331943937,1,3,-6.349197,-10.771601,0.3412903
331943947,1,3,-6.284531,-11.293715,0.11256592
331943957,1,3,-5.884563,-12.167896,-0.1963916
331943967,1,3,-5.4175344,-13.184583,-0.2802173
331943977,1,3,-4.7553115,-13.967754,-0.5736072
331943987,1,3,-4.0571632,-14.604829,-0.9017249
331943997,1,3,-3.4667907,-14.572496,-0.8214917
331944006,1,3,-2.9087512,-14.218034,-0.7699988
331944016,1,3,-2.5938063,-13.501923,-1.1029065
331944033,1,3,-2.3519092,-12.662468,-1.2418176
331944043,1,3,-2.3650818,-12.139156,-1.6848962
331944053,1,3,-2.550696,-11.660152,-2.090852
331944063,1,3,-2.692002,-11.384726,-2.626139
331944073,1,3,-2.762655,-11.194322,-2.9698243
331944082,1,3,-2.7925928,-11.105705,-3.3662
331944092,1,3,-2.8009753,-11.288924,-3.4045203
331944102,1,3,-2.638114,-11.425441,-3.551814
331944112,1,3,-2.5542884,-11.505673,-3.490741
331944122,1,3,-2.4321423,-11.467354,-3.6607873
331944132,1,3,-2.1782703,-11.590697,-3.8368213
331944142,1,3,-2.017804,-11.791879,-3.8260436
331944152,1,3,-1.9507434,-11.984677,-4.0044727
331944161,1,3,-1.7974621,-12.013418,-4.0739284
331944171,1,3,-1.6705261,-11.785892,-4.0811133
331944181,1,3,-1.5016773,-11.486514,-4.0188427
331944191,1,3,-1.2370276,-11.081756,-4.099076
331944201,1,3,-0.93884766,-10.797946,-4.3289976
331944211,1,3,-0.6825806,-10.620714,-4.2763076
331944221,1,3,-0.48020142,-10.71891,-4.191284
331944231,1,3,-0.35326537,-10.724897,-4.0439906
331944240,1,3,-0.41433838,-10.667417,-4.1218286
331944250,1,3,-0.35326537,-10.437495,-4.076323
331944260,1,3,-0.36164796,-10.1752405,-4.099076
331944270,1,3,-0.2945874,-9.693842,-3.9901025
331944280,1,3,-0.3065625,-9.344169,-3.7170703
331944290,1,3,-0.25985962,-8.8951025,-3.4356556
331944300,1,3,-0.07664063,-8.478369,-3.3518298
331944310,1,3,0.069455564,-8.230485,-3.1817834
331944319,1,3,0.13052857,-7.9430823,-3.138673
331944329,1,3,0.15687378,-7.773036,-2.957849
331944339,1,3,0.22513184,-7.812554,-2.6620643
331944349,1,3,0.16525635,-7.738308,-2.5686584
331944359,1,3,0.020357667,-7.731123,-2.4836352
331944369,1,3,0.0023950196,-7.5742493,-2.5123756
331944379,1,3,0.013172608,-7.379055,-2.7099645
331944389,1,3,-0.0011975098,-7.108418,-2.9039612
331944398,1,3,0.085023195,-7.0976405,-3.0344896
331944408,1,3,0.025147704,-7.0437527,-2.9913795
331944418,1,3,0.038320314,-7.1287756,-2.997367
331944428,1,3,-0.0047900393,-7.188651,-2.9446764
331944438,1,3,-0.05388794,-7.2928343,-3.0105395
331944448,1,3,-0.12813355,-7.6425076,-3.3039293
331944458,1,3,-0.4035608,-7.97302,-3.3374598
331944468,1,3,-0.6813831,-8.450827,-3.4236803
331944477,1,3,-1.0538086,-8.387359,-3.2548316
331944487,1,3,-1.1160791,-8.630453,-3.737428
331944497,1,3,-1.1843371,-8.289163,-3.7290454
331944507,1,3,-1.22625,-7.5694594,-3.8763392
331944517,1,3,-1.2034973,-6.812633,-3.974535
331944527,1,3,-1.1340418,-6.074967,-3.911067
331944537,1,3,-1.0250684,-5.8019347,-3.932622
331944547,1,3,-1.0035132,-5.8474402,-3.754193
331944556,1,3,-0.97118044,-6.0953245,-3.9362147
331944566,1,3,-0.9580078,-6.509663,-3.8416114
331944576,1,3,-0.8071216,-7.0712953,-4.0320153
331944586,1,3,-0.7388635,-7.9502673,-4.1733217
331944596,1,3,-0.45864624,-8.977731,-4.1074586
331944606,1,3,-0.3939807,-9.811197,-4.2954674
331944616,1,3,-0.29817992,-10.906919,-4.3948607
331944626,1,3,-0.27542725,-11.851754,-4.538562
331944635,1,3,-0.3676355,-12.66606,-4.59724
331944645,1,3,-0.59276736,-13.548626,-4.92416
331944655,1,3,-1.0118958,-14.37371,-4.8654823
331944665,1,3,-1.4609619,-14.823974,-4.9648757
331944675,1,3,-1.773512,-15.2922,-5.0415163
331944685,1,3,-1.729204,-15.427518,-4.9540977
331944695,1,3,-1.6118481,-15.2682495,-4.7553115
331944705,1,3,-1.5447876,-15.000008,-4.62119
331944714,1,3,-1.2669654,-14.567706,-4.691843
331944724,1,3,-1.0250684,-14.134208,-4.381688
331944734,1,3,-0.7843689,-13.570181,-4.3768983
331944744,1,3,-0.76281375,-13.081596,-4.388873
331944754,1,3,-0.6610254,-12.879217,-4.188889
331944764,1,3,-0.9017249,-12.463681,-3.913462
331944774,1,3,-1.3855188,-12.24334,-3.5122962
331944784,1,3,-1.8273998,-12.245735,-3.3123121
331944793,1,3,-2.2956262,-12.3630905,-2.8440857
331944803,1,3,-2.8357031,-12.462484,-2.7099645
331944813,1,3,-3.2081287,-12.486434,-3.006947
331944823,1,3,-3.4667907,-12.543915,-3.253634
331944833,1,3,-3.6883302,-12.808564,-3.3374598
331944843,1,3,-3.913462,-13.064832,-2.9925768
331944853,1,3,-4.212839,-13.175002,-2.286046
331944863,1,3,-4.988826,-13.428875,-1.2609777
331944872,1,3,-6.0390415,-13.704302,-0.7975415
331944882,1,3,-7.1611085,-14.214441,-0.083825685
331944892,1,3,-8.120314,-15.117363,0.8322693
331944902,1,3,-9.140592,-16.137642,1.4226416
331944912,1,3,-10.387199,-16.838184,2.0417542
331944922,1,3,-11.014695,-17.019009,2.875221
331944932,1,3,-10.948832,-16.502882,3.5063086
331944942,1,3,-10.11297,-15.350878,3.6428246
331944951,1,3,-8.87714,-14.136602,3.817661
331944961,1,3,-7.477251,-12.656481,3.4727783
331944971,1,3,-6.1959157,-11.1320505,2.5279431
331944981,1,3,-5.3528686,-9.321416,1.4801221
331944991,1,3,-4.9085927,-7.425758,0.41433838
331945001,1,3,-4.4762917,-5.6486535,-0.30776
331945011,1,3,-4.093088,-4.2319994,-0.81670165
331945020,1,3,-3.4404457,-3.2153137,-1.2466077
331945030,1,3,-2.6776319,-2.5902135,-1.299298
331945040,1,3,-1.900448,-2.198628,-1.2442126
331945050,1,3,-1.1543994,-1.9076331,-1.2406201
331945060,1,3,-0.4754114,-1.2681628,-1.1879296
331945070,1,3,0.062270507,-0.6873706,-1.2981006
331945080,1,3,0.42391846,0.05628296,-1.3962964
331945090,1,3,0.5281018,0.88735473,-1.0526111
331945099,1,3,0.7580237,1.8585352,-0.857417
331945109,1,3,0.9244775,2.6740394,-0.8454419
331945119,1,3,1.0693762,3.2548316,-1.0885364
331945129,1,3,1.1879296,3.497926,-1.0609937
331945139,1,3,1.4908997,3.3314722,-1.1891272
331945149,1,3,1.5651453,2.8764184,-1.2406201
331945159,1,3,1.5639478,2.1603076,-1.3124707
331945169,1,3,1.5459851,1.411864,-1.4130615
331945178,1,3,1.5447876,0.5292993,-1.607058
331945188,1,3,1.4561719,-0.34847534,-1.8010547
331945198,1,3,1.2382251,-1.2022998,-2.1531227
331945208,1,3,1.0262659,-2.032174,-2.398612
331945218,1,3,0.97477293,-2.830913,-2.581831
331945228,1,3,1.0418335,-4.0655456,-3.1805859
331945238,1,3,0.8969348,-5.9851537,-3.5446289
331945248,1,3,0.7041357,-8.032895,-3.5134935
331945257,1,3,0.4670288,-10.110575,-3.1183155
331945267,1,3,-0.11136841,-12.108021,-2.3758593
331945277,1,3,-0.6730005,-13.937817,-1.6932788
331945287,1,3,-1.2549902,-15.456259,-1.900448
331945297,1,3,-1.9255958,-16.763939,-2.078877
331945307,1,3,-2.2884412,-17.366287,-1.893263
331945317,1,3,-2.1627026,-17.660873,-1.9387683
331945327,1,3,-2.3004162,-17.874031,-1.7232165
331945337,1,3,-2.4022045,-18.097965,-1.3400134
331945346,1,3,-2.3758593,-18.840422,-1.0562036
331945356,1,3,-2.14474,-19.309845,-0.80233157
331945366,1,3,-2.1459374,-18.992504,-0.5604346
331945376,1,3,-2.3052063,-18.678757,-0.8813672
331945386,1,3,-2.7878027,-18.814075,-0.96040285
331945396,1,3,-3.7757483,-19.209253,-1.1304492
331945406,1,3,-4.247567,-18.657202,-0.7652087
331945416,1,3,-4.472699,-17.344732,-0.80113405
331945425,1,3,-4.6475353,-15.59038,-0.83945435
331945435,1,3,-4.590055,-13.695919,-0.72808594
331945458,1,3,-4.374503,-11.728411,-0.6143225
331945467,1,3,-3.97693,-10.10339,-0.5340893
331945477,1,3,-3.6392322,-8.763376,-0.45625123
331945487,1,3,-3.3673975,-7.715555,-0.21315674
331945497,1,3,-3.1578333,-6.798263,0.26704466
331945507,1,3,-3.004552,-5.971981,0.6550378
331945517,1,3,-2.654879,-5.1037865,0.9831555
331945527,1,3,-2.5087829,-4.3062453,0.84065187
331945537,1,3,-2.4584875,-3.4380505,0.8071216
331945546,1,3,-2.3159838,-2.826123,0.5221143
331945556,1,3,-2.3758593,-2.2944288,0.84424436
331945566,1,3,-2.518363,-2.1854553,1.1831397
331945576,1,3,-2.6740394,-1.9507434,1.7699194
331945586,1,3,-3.2715967,-1.8669177,2.0645068
331945596,1,3,-4.155359,-1.4849122,1.7315991
331945606,1,3,-5.1792297,-0.5376819,0.7699988
331945616,1,3,-6.165978,0.5292993,-0.16046631
331945625,1,3,-7.4808435,0.87298465,-1.2322376
331945635,1,3,-9.012459,0.05269043,-1.1412268
331945645,1,3,-11.140433,-2.386637,-0.14010864
331945655,1,3,-13.659994,-5.388794,1.1484119
331945665,1,3,-16.162788,-7.6688523,1.7363892
331945675,1,3,-18.303936,-8.878338,1.2705579
331945685,1,3,-19.587667,-9.992022,0.68497556
331945695,1,3,-19.902613,-10.888956,0.7927515
331945704,1,3,-19.078726,-11.480526,1.113684
331945714,1,3,-17.08128,-11.555969,0.9903406
331945724,1,3,-15.047908,-11.5823145,0.671803
331945734,1,3,-13.609698,-11.57992,0.554447
331945744,1,3,-12.694801,-11.541599,0.50774413
331945754,1,3,-11.812237,-11.322454,0.71850586
331945764,1,3,-10.876981,-11.166779,0.92807007
331945774,1,3,-9.947714,-10.890154,1.3879138
331945783,1,3,-8.698711,-10.408755,1.22625
331945793,1,3,-6.821016,-9.392069,0.74125856
331945803,1,3,-4.2822948,-8.971744,-0.23950195
331945813,1,3,-1.2370276,-9.46871,-1.1795471
331945823,1,3,1.780697,-10.233918,-1.4382092
331945833,1,3,4.069138,-10.178833,-0.46343628
331945843,1,3,5.4175344,-10.160871,-0.94363767
331945853,1,3,8.093968,-9.914184,-0.83945435
331945866,1,3,10.4075575,-9.656719,-1.0490185
331945876,1,3,11.496094,-9.55972,-1.3903089
331945886,1,3,11.323652,-9.754914,-1.6106507
331945896,1,3,11.135643,-9.832752,-1.2957056
331945906,1,3,11.281739,-9.778865,-1.0154883
331945915,1,3,11.561956,-10.099797,-1.1855347
331945925,1,3,11.520044,-11.133248,-1.9962487
331945935,1,3,9.924961,-12.66606,-1.8681152
331945945,1,3,7.267687,-14.966477,-3.4655933
331945955,1,3,4.2822948,-16.750767,-3.9386096
331945965,1,3,1.0370435,-18.531464,-3.4715807
331945975,1,3,-2.4022045,-20.52891,-2.8955786
331945985,1,3,-5.5468655,-22.224585,-1.6980689
331945994,1,3,-7.989785,-22.848486,-1.8190173
331946004,1,3,-9.811197,-22.3132,-3.114723
331946014,1,3,-11.748768,-21.521645,-4.0823107
331946024,1,3,-13.285173,-21.058208,-3.6368372
331946034,1,3,-14.274317,-20.640278,-2.8452833
331946044,1,3,-14.683865,-19.605629,-2.882406
331946054,1,3,-14.750925,-18.063238,-3.4141004
331946064,1,3,-13.915064,-16.361576,-3.5434313
331946073,1,3,-13.043277,-14.916182,-3.493136
331946083,1,3,-12.32956,-13.458813,-3.006947
331946093,1,3,-11.599079,-11.809841,-2.5518932
331946103,1,3,-10.662627,-10.424322,-2.3099964
331946113,1,3,-10.158475,-9.311836,-2.1171973
331946123,1,3,-9.857901,-8.601712,-2.1770728
331946133,1,3,-9.626781,-8.008945,-2.3758593
331946143,1,3,-8.968151,-7.0952454,-2.6740394
331946152,1,3,-9.11784,-6.1468177,-2.5339308
331946162,1,3,-8.801697,-5.2498827,-2.569856
331946172,1,3,-8.178991,-4.405638,-2.286046
331946182,1,3,-7.3850427,-3.9146595,-1.419049
331946192,1,3,-6.4917006,-4.172124,-0.64545774
331946202,1,3,-5.8582177,-4.6128078,0.0047900393
331946212,1,3,-5.498965,-4.9996033,0.859812
331946222,1,3,-5.126539,-5.0498986,0.76760375
331946231,1,3,-5.0091834,-4.728966,0.38799316
331946245,1,3,-4.9792457,-4.254752,-0.09580078
331946255,1,3,-5.0427136,-3.8188586,-0.7197034
331946264,1,3,-5.3073635,-3.2787817,-1.2370276
331946274,1,3,-5.276228,-2.7327173,-1.4681469
331946284,1,3,-5.3756213,-2.4393275,-1.477727
331946294,1,3,-5.309758,-2.3195765,-1.6417859
331946304,1,3,-4.934938,-2.5471032,-1.407074
331946314,1,3,-4.763694,-3.427273,-0.83825684
331946324,1,3,-5.3121533,-4.4595265,-1.223855
331946334,1,3,-6.2521987,-4.8642845,-1.9782861
331946344,1,3,-7.443721,-5.2403026,-3.0105395
331946353,1,3,-8.928633,-5.773195,-3.685935
331946363,1,3,-9.999207,-5.835465,-4.0894957
331946373,1,3,-10.617122,-6.0761647,-3.791316
331946383,1,3,-10.868599,-6.444998,-3.046465
331946393,1,3,-10.929671,-7.2461314,-1.3424084
331946403,1,3,-10.829081,-8.527467,-0.041912843
331946413,1,3,-10.976375,-9.604029,1.3687537
331946423,1,3,-11.279345,-10.17045,1.9495459
331946432,1,3,-11.214679,-10.432705,2.3758593
331946442,1,3,-10.284214,-10.267448,2.76505
331946452,1,3,-9.002878,-9.999207,3.326682
331946462,1,3,-7.820936,-9.80521,3.7458105
331946472,1,3,-6.8389783,-9.872271,3.6092944
331946482,1,3,-6.309679,-10.042316,3.6967127
331946492,1,3,-6.4246397,-10.688972,3.8068836
331946502,1,3,-6.973099,-11.274554,3.7733533
331946511,1,3,-8.0017605,-11.573932,3.432063
331946521,1,3,-8.854387,-11.340418,2.931504
331946531,1,3,-9.439969,-10.951227,2.3435266
331946541,1,3,-9.55014,-10.503358,2.0992346
331946551,1,3,-9.254355,-9.78126,1.3076806
331946561,1,3,-8.691525,-8.947793,0.7388635
331946571,1,3,-8.242459,-8.351433,0.05508545
331946581,1,3,-7.8808117,-7.9179344,-0.48618898
331946590,1,3,-7.5778418,-7.9287124,-0.66342044
331946600,1,3,-7.5203614,-8.0508585,-0.6322852
331946610,1,3,-7.6161623,-8.002957,-0.5113367
331946620,1,3,-7.667655,-7.975415,-0.676593
331946630,1,3,-7.6892104,-7.892787,-0.6813831
331946640,1,3,-7.7933936,-8.070019,0.08861572
331946650,1,3,-7.933502,-8.182584,0.674198
331946660,1,3,-8.002957,-8.313113,0.9580078
331946669,1,3,-7.834109,-8.240065,0.87777466
331946679,1,3,-7.714358,-8.187374,0.798739
331946689,1,3,-7.5526943,-8.101153,0.77957886
331946699,1,3,-7.418573,-8.040081,0.6538403
331946709,1,3,-7.4964113,-8.138276,0.64665526
331946719,1,3,-7.8161464,-8.072413,0.68497556
331946729,1,3,-8.138276,-8.0999565,0.41074586
331946739,1,3,-8.253238,-8.139474,0.38799316
331946748,1,3,-8.320298,-8.193362,0.5017566
331946758,1,3,-8.367001,-8.356223,0.5281018
331946768,1,3,-8.268805,-8.412506,0.60234743
331946778,1,3,-8.066425,-8.193362,0.8849597
331946788,1,3,-7.732321,-8.028106,0.7723938
331946798,1,3,-7.458091,-8.095166,0.8969348
331946808,1,3,-7.019802,-8.343051,0.91489744
331946818,1,3,-6.758745,-8.708291,0.8466394
331946827,1,3,-6.6641417,-8.971744,0.98674804
331946837,1,3,-6.3515916,-9.442365,0.9029224
331946847,1,3,-6.052214,-9.79084,0.8681946
331946857,1,3,-5.725294,-10.20398,0.9939331
331946867,1,3,-5.4606447,-10.710527,1.1807446
331946877,1,3,-5.1684523,-10.899734,1.9722986
331946887,1,3,-5.0403185,-11.166779,2.2800586
331946897,1,3,-4.8235693,-11.516452,2.5279431
331946906,1,3,-4.694238,-11.708053,2.5650659
331946916,1,3,-4.548142,-11.851754,2.342329
331946926,1,3,-4.319418,-11.971505,1.8609302
331946936,1,3,-4.0906935,-11.836186,1.3759388
331946946,1,3,-3.8212538,-11.729609,1.1053015
331946956,1,3,-3.6416273,-11.6876955,0.66701293
331946966,1,3,-3.3638048,-11.764336,0.7244934
331946976,1,3,-3.1051428,-11.867322,1.3100756
331946985,1,3,-3.011737,-11.706856,1.6884887
331946995,1,3,-2.8488758,-11.363171,2.0633094
331947005,1,3,-2.6141639,-10.765613,2.4225624
331947015,1,3,-2.3291564,-10.102192,2.337539
331947025,1,3,-1.9926562,-9.806408,2.2357507
331947035,1,3,-1.5136523,-9.472302,2.2824535
331947045,1,3,-1.1148816,-9.481882,2.0405567
331947055,1,3,-0.79993653,-9.348959,1.8681152
331947064,1,3,-0.4514612,-8.975336,1.6058606
331947074,1,3,-0.2969824,-8.55501,0.6610254
331947084,1,3,-0.123343505,-8.178991,-0.032332763
331947094,1,3,-0.35087037,-7.8664417,-0.6706055
331947104,1,3,-0.7472461,-7.6556797,-1.2981006
331947114,1,3,-1.0538086,-7.7993813,-1.6765137
331947124,1,3,-1.4573693,-7.9814024,-1.651366
331947134,1,3,-1.7950672,-8.151449,-1.2226574
331947143,1,3,-1.8034497,-8.575367,-1.1591895
331947153,1,3,-1.8764977,-9.004076,-1.0621911
331947163,1,3,-1.9255958,-9.562116,-0.71730834
331947173,1,3,-1.8058448,-10.081835,-0.5269043
331947183,1,3,-1.8585352,-10.516531,-0.38440064
331947193,1,3,-1.905238,-10.661429,-0.5292993
331947203,1,3,-1.8058448,-10.299782,-0.9460327
331947213,1,3,-1.726809,-9.971663,-1.4322217
331947222,1,3,-1.8130298,-9.667497,-1.6381934
331947232,1,3,-1.7447717,-9.796827,-1.9471508
331947242,1,3,-1.9639161,-10.372829,-1.9758911
331947252,1,3,-1.7304016,-10.517728,-2.0118165
331947262,1,3,-1.9339783,-10.977572,-2.1615052
331947272,1,3,-2.0692968,-11.298505,-1.7304016
331947282,1,3,-2.0513341,-11.378737,-1.6046631
331947292,1,3,-1.9375708,-11.241024,-1.2118798
331947301,1,3,-1.8812878,-10.881771,-1.0825489
331947311,1,3,-1.5076648,-10.197993,-0.7532337
331947321,1,3,-1.2466077,-9.413624,-1.1687695
331947331,1,3,-1.3112732,-9.235195,-1.353186
331947341,1,3,-1.1148816,-9.022038,-1.0286609
331947351,1,3,-0.85142946,-8.769364,-1.1005114
331947361,1,3,-0.38080812,-8.141869,-1.219065
331947371,1,3,0.12813355,-7.5347314,-1.6058606
331947380,1,3,0.6394702,-6.793473,-1.8585352
331947390,1,3,0.95441526,-6.084547,-1.6753162
331947400,1,3,1.1268567,-5.5384827,-1.8992505
331947410,1,3,1.2058923,-5.031936,-1.8657203
331947420,1,3,1.2394226,-4.8032117,-1.595083
331947430,1,3,1.2406201,-4.724176,-1.0765613
331947440,1,3,0.89932984,-4.4691067,-0.7197034
331947450,1,3,0.6825806,-4.637955,-0.3556604
331947459,1,3,0.42391846,-4.9672704,0.09220825
331947469,1,3,0.123343505,-5.2175503,0.7424561
331947479,1,3,0.05029541,-5.357659,0.84065187
331947489,1,3,0.10897339,-4.942123,0.7927515
331947499,1,3,0.124541014,-5.2319202,0.43828857
331947509,1,3,-0.26225463,-6.1959157,1.0118958
331947519,1,3,-0.57959473,-7.195836,0.83825684
331947529,1,3,-0.5113367,-7.2149963,0.7209009
331947538,1,3,-0.7879614,-7.3048096,0.63587767
331947548,1,3,-1.3831238,-7.4952135,0.857417
331947558,1,3,-1.7639319,-7.462881,0.7723938
331947568,1,3,-1.785487,-7.4293504,0.49576905
331947578,1,3,-2.0261865,-8.187374,0.43589357
331947588,1,3,-2.1183949,-9.801618,0.09699829
331947598,1,3,-2.3830445,-11.468551,0.22992188
331947608,1,3,-2.572251,-13.324691,1.1855347
331947617,1,3,-3.617677,-15.411951,1.1532019
331947627,1,3,-4.813989,-16.705261,0.37362304
331947637,1,3,-4.9720607,-16.736397,1.3998889
331947647,1,3,-5.47741,-16.56156,0.8143066
331947657,1,3,-5.7444544,-16.231047,1.0394385
331947667,1,3,-5.292993,-15.580799,1.4058765
331947677,1,3,-4.8259645,-14.73416,1.9267932
331947687,1,3,-4.035608,-13.566588,2.430945
331947696,1,3,-3.4763708,-12.694801,2.7937903
331947706,1,3,-3.131488,-11.8002615,2.9602442
331947716,1,3,-2.8716285,-10.956017,2.8009753
331947726,1,3,-2.6620643,-10.260263,2.3854394
331947736,1,3,-2.454895,-9.929751,2.1435425
331947746,1,3,-2.311194,-9.51182,2.0166063
331947756,1,3,-1.9255958,-9.339378,1.8657203
331947766,1,3,-1.8669177,-8.853189,1.6346009
331947775,1,3,-1.4310242,-8.1071415,1.2370276
331947785,1,3,-1.2561878,-7.470066,0.74006104
331947795,1,3,-1.2957056,-6.4438,0.19040406
331947805,1,3,-1.2777429,-6.284531,0.067060545
331947815,1,3,-1.7064514,-6.597081,-0.34608033
331947825,1,3,-1.5076648,-6.051017,-0.20716919
331947835,1,3,-1.783092,-6.1959157,-0.6334827
331947845,1,3,-2.0429516,-6.5156507,-0.64665526
331947854,1,3,-2.0309765,-6.5276256,-0.30296996
331947864,1,3,-2.1124072,-6.495293,-0.020357667
331947874,1,3,-2.1411474,-6.2318406,-0.122145995
331947884,1,3,-1.7315991,-5.5384827,-0.18082398
331947894,1,3,-1.4082714,-5.051096,-0.1472937
331947904,1,3,-1.4310242,-5.0977993,-0.09101074
331947914,1,3,-1.595083,-5.6486535,0.039517824
331947924,1,3,-1.4908997,-6.2102857,-0.086220704
331947933,1,3,-1.4645544,-6.8138304,-0.27542725
331947943,1,3,-1.6477734,-7.538324,-0.05508545
331947953,1,3,-2.3363416,-8.605305,0.84424436
331947963,1,3,-2.3734643,-9.138197,1.0370435
331947973,1,3,-2.283651,-9.020841,0.7867639
331947983,1,3,-2.1507275,-9.187295,0.28620484
331947993,1,3,-2.0968397,-9.897418,-0.067060545
331948003,1,3,-1.9806812,-11.142828,-0.061072998
331948012,1,3,-1.6765137,-12.056528,-0.13292359
331948022,1,3,-1.1579919,-12.430151,-0.2694397
331948032,1,3,-0.74125856,-12.6445055,-0.7867639
331948042,1,3,-0.40236327,-12.691209,-1.0681787
331948052,1,3,-0.04790039,-13.262421,-1.5962806
331948062,1,3,0.32692015,-13.941409,-1.6657361
331948072,1,3,0.71251833,-14.391672,-1.6118481
331948082,1,3,0.8825647,-14.68147,-1.4992822
331948091,1,3,1.1543994,-14.603632,-1.419049
331948101,1,3,1.1975098,-14.246774,-1.419049
331948111,1,3,1.4669495,-13.759387,-1.4585669
331948121,1,3,1.4765296,-13.273198,-1.7280066
331948131,1,3,1.4010864,-12.747492,-1.778302
331948158,1,3,1.5639478,-12.360696,-1.7507592
331948168,1,3,1.7411792,-12.148737,-2.0992346
331948177,1,3,1.8333875,-11.5823145,-2.1411474
331948187,1,3,2.0213964,-10.996732,-2.3004162
331948197,1,3,1.9830762,-10.371632,-2.4788451
331948207,1,3,2.088457,-9.650731,-2.4836352
331948217,1,3,2.2381458,-8.842412,-2.4536974
331948227,1,3,2.2752686,-8.149054,-2.46687
331948237,1,3,2.494413,-7.8568616,-2.5638685
331948247,1,3,2.4177723,-7.5347314,-2.242936
331948256,1,3,2.2141955,-7.3515124,-2.2046156
331948266,1,3,2.039359,-7.162306,-2.193838
331948276,1,3,1.8896704,-6.884484,-2.3315516
331948286,1,3,1.6322058,-6.7455726,-2.5399182
331948296,1,3,1.3567786,-6.6773143,-2.4656725
331948306,1,3,1.2202624,-6.6066613,-2.2968237
331948316,1,3,1.1124866,-6.6473765,-2.3016138
331948326,1,3,0.9831555,-6.901249,-2.4129822
331948335,1,3,0.6011499,-7.2161937,-2.259701
331948345,1,3,0.6095325,-7.339537,-2.2141955
331948355,1,3,0.4394861,-7.4161777,-2.0285816
331948365,1,3,0.24429199,-7.7059755,-2.0549269
331948375,1,3,0.20836669,-8.042476,-1.971101
331948385,1,3,0.021555176,-8.5598,-1.7004639
331948395,1,3,-0.38440064,-9.509425,-1.6142431
331948405,1,3,-0.78915894,-10.582394,-1.2597803
331948414,1,3,-1.0741663,-11.288924,-1.0777588
331948424,1,3,-1.4873071,-11.538007,-0.9400452
331948434,1,3,-1.7890795,-11.3643675,-1.0106982
331948444,1,3,-2.0249891,-10.990745,-1.2178674
331948454,1,3,-2.5375233,-10.542876,-1.0861413
331948464,1,3,-3.0009594,-10.339299,-0.81310916
331948474,1,3,-3.150648,-9.924961,-0.6730005
331948484,1,3,-3.222499,-9.484278,-0.62390256
331948493,1,3,-3.2284863,-8.956176,-0.6370752
331948503,1,3,-3.0847852,-8.286768,-0.81550413
331948513,1,3,-2.9171338,-7.9155397,-1.0322534
331948523,1,3,-2.6488917,-7.777826,-1.0418335
331948533,1,3,-2.630929,-8.344248,-1.2058923
331948543,1,3,-2.7279272,-8.999286,-1.0957215
331948553,1,3,-3.0213172,-9.395661,-0.6753955
331948563,1,3,-2.8919861,-9.869876,-0.62390256
331948572,1,3,-2.7770252,-10.249486,-0.67898804
331948582,1,3,-2.2513185,-10.79076,-1.0466236
331948592,1,3,-1.968706,-11.314073,-1.1124866
331948602,1,3,-1.9184107,-11.748768,-1.4310242
331948612,1,3,-1.7986597,-11.602673,-1.4322217
331948622,1,3,-1.7675244,-11.463761,-1.4717395
331948632,1,3,-1.971101,-11.0266695,-1.3316308
331948642,1,3,-1.9543359,-10.303374,-1.0202783
331948651,1,3,-2.1136048,-9.703422,-1.155597
331948661,1,3,-2.4417224,-9.286688,-0.94842774
331948671,1,3,-2.694397,-9.135802,-0.98195803
331948681,1,3,-2.8740234,-9.089099,-1.2046949
331948691,1,3,-2.6464965,-8.793314,-0.9699829
331948701,1,3,-2.4656725,-8.721463,-0.6047424
331948711,1,3,-2.151925,-8.7334385,-0.45265868
331948720,1,3,-1.9255958,-9.029223,-0.37362304
331948730,1,3,-1.84177,-9.52619,-0.28500733
331948740,1,3,-1.7555493,-9.9644785,-0.10897339
331948750,1,3,-1.6441809,-10.3440895,-0.120948486
331948760,1,3,-1.2466077,-10.100995,-0.025147704
331948770,1,3,-1.033451,-9.641151,-0.2586621
331948780,1,3,-0.65623534,-9.138197,0.05748047
331948790,1,3,-0.8107141,-8.914263,0.26584718
331948799,1,3,-1.1208692,-8.943003,0.432301
331948809,1,3,-1.3052857,-8.619676,0.5724097
331948819,1,3,-1.2741504,-8.254435,0.4646338
331948829,1,3,-1.3112732,-8.334668,0.10657837
331948839,1,3,-1.1520044,-8.493937,-0.32811767
331948849,1,3,-1.1196716,-8.513097,-0.43349853
331948859,1,3,-1.2370276,-8.477172,-0.51013917
331948869,1,3,-1.3723462,-8.243657,-0.49816406
331948878,1,3,-1.3040881,-7.9442797,-0.6143225
331948888,1,3,-1.2394226,-7.5910144,-0.66821045
331948898,1,3,-1.0981164,-7.5023985,-0.41673338
331948908,1,3,-1.2442126,-7.5251513,-0.08861572
331948918,1,3,-1.4010864,-7.728728,0.09340576
331948928,1,3,-1.7208215,-8.096363,0.30177248
331948938,1,3,-2.14474,-7.8496766,0.4071533
331948948,1,3,-2.335144,-7.387438,0.33171022
331948957,1,3,-2.3543043,-7.028185,0.24189697
331948967,1,3,-2.3555017,-6.45338,0.26824218
331948977,1,3,-2.2285657,-5.882168,0.15567628
331948987,1,3,-2.215393,-5.8402553,-0.20597167
331948997,1,3,-2.1088147,-6.2881236,-0.3927832
331949007,1,3,-2.1842577,-7.2173915,-0.9292676
331949017,1,3,-1.9758911,-8.169412,-1.583108
331949027,1,3,-1.6765137,-9.032816,-1.8585352
331949036,1,3,-1.1268567,-9.872271,-2.2118006
331949046,1,3,-0.54247195,-10.627899,-2.0872595
331949056,1,3,-0.013172608,-11.317665,-2.5375233
331949066,1,3,0.043110352,-12.335548,-2.76505
331949076,1,3,-0.27422974,-13.542638,-3.37099
331949086,1,3,-1.0286609,-14.499448,-3.9266346
331949096,1,3,-1.658551,-15.086228,-4.518204
331949106,1,3,-1.8321899,-15.176042,-5.2702403
331949115,1,3,-1.5986755,-15.140116,-5.835465
331949125,1,3,-1.541195,-15.337705,-6.212681
331949135,1,3,-1.1903247,-15.336508,-5.882168
331949145,1,3,-1.223855,-15.140116,-6.013894
331949155,1,3,-1.2933105,-14.349759,-5.8175025
331949165,1,3,-1.2945081,-13.486355,-5.557643
331949175,1,3,-1.0609937,-12.973821,-5.273833
331949185,1,3,-0.85382444,-12.340338,-4.7050157
331949194,1,3,-0.47301635,-11.802656,-4.0104604
331949204,1,3,-0.22752686,-11.106903,-3.368595
331949214,1,3,-0.2215393,-10.563233,-2.706372
331949224,1,3,-0.53169435,-9.708212,-2.1698878
331949234,1,3,-0.5292993,-8.582553,-1.8226099
331949244,1,3,-0.083825685,-6.7036595,-1.9926562
331949254,1,3,0.7819739,-5.083429,-2.2381458
331949264,1,3,1.4801221,-4.0679407,-2.4848328
331949273,1,3,2.0405567,-3.8248463,-2.3411317
331949283,1,3,2.325564,-4.052373,-1.9507434
331949293,1,3,2.2537134,-4.59245,-1.4010864
331949303,1,3,2.1722827,-4.848717,-0.8418494
331949313,1,3,1.771117,-4.64514,-0.6933582
331949323,1,3,1.5040723,-4.1924815,-0.52570677
331949333,1,3,1.101709,-3.5793567,-1.0669812
331949343,1,3,0.7532337,-3.6464171,-1.1448194
331949352,1,3,0.4514612,-4.566105,-1.1795471
331949362,1,3,0.07065307,-5.6390734,-1.1484119
331949372,1,3,-0.2323169,-6.3791347,-1.1388317
331949382,1,3,-0.77957886,-6.9707046,-1.2058923
331949392,1,3,-1.2669654,-7.509584,-1.5040723
331949402,1,3,-2.081272,-8.274793,-1.8273998
331949412,1,3,-2.6572742,-8.565787,-2.0657043
331949421,1,3,-3.0716126,-8.946595,-2.7866051
331949431,1,3,-3.326682,-9.20406,-3.182981
331949441,1,3,-3.3434472,-9.754914,-3.5841467
331949451,1,3,-3.2644117,-10.142908,-3.5937269
331949461,1,3,-3.1494508,-10.805131,-3.3865576
331949471,1,3,-3.1326857,-12.0253935,-3.549419
331949481,1,3,-3.2692018,-13.674364,-3.6356397
331949491,1,3,-3.5122962,-15.143708,-3.6200721
331949500,1,3,-3.793711,-16.4466,-3.5877392
331949510,1,3,-3.9901025,-17.31599,-3.8487964
331949520,1,3,-3.993695,-18.112335,-4.2763076
331949530,1,3,-3.7781434,-18.659597,-4.2715173
331949540,1,3,-3.8332288,-18.718275,-4.0368056
331949550,1,3,-3.6536024,-18.311121,-3.6703675
331949560,1,3,-3.69312,-17.524359,-3.3793726
331949570,1,3,-3.4512231,-16.37954,-2.8440857
331949579,1,3,-3.1255004,-15.165264,-2.499203
331949589,1,3,-2.8596532,-13.948594,-2.1854553
331949599,1,3,-2.4297473,-12.515175,-1.705254
331949609,1,3,-2.0525317,-11.0266695,-1.355581
331949619,1,3,-1.407074,-9.718989,-0.8741821
331949629,1,3,-1.0382409,-8.462802,-0.49097902
331949639,1,3,-0.59516233,-7.4485106,0.1844165
331949649,1,3,-0.5161267,-6.551576,0.6442602
331949658,1,3,-0.5161267,-5.795947,0.87178713
331949668,1,3,-0.33650026,-4.975653,1.1448194
331949678,1,3,-0.15447876,-4.28948,1.1496093
331949688,1,3,0.0490979,-3.6200721,1.1867322
331949698,1,3,0.22992188,-3.0285022,1.1891272
331949708,1,3,0.4406836,-2.550696,1.0130932
331949718,1,3,0.556842,-2.0549269,0.84065187
331949728,1,3,0.75203615,-1.6501684,0.5867798
331949737,1,3,0.7424561,-1.3615686,0.46343628
331949747,1,3,0.81191164,-1.2633728,0.13412109
331949757,1,3,0.6478528,-1.0621911,-0.12933105
331949767,1,3,0.55803955,-1.2717553,-0.49337402
331949777,1,3,0.2802173,-1.6992663,-0.5664221
331949787,1,3,0.32452515,-2.4117846,-0.63108766
331949797,1,3,0.4897815,-2.999762,-0.6706055
331949807,1,3,0.6490503,-4.0835085,-1.3196558
331949816,1,3,0.36524048,-5.5169277,-1.6801062
331949826,1,3,-0.05628296,-7.157516,-1.8812878
331949836,1,3,-0.5053491,-9.398057,-2.3267615
331949846,1,3,-1.0633887,-11.042237,-2.5590785
331949856,1,3,-1.6286132,-12.388239,-2.76026
331949866,1,3,-2.1363573,-13.937817,-3.2476466
331949876,1,3,-2.6129663,-15.552059,-3.8487964
331949885,1,3,-2.9039612,-17.469273,-4.4032435
331949895,1,3,-3.3398547,-19.078726,-4.8810496
331949905,1,3,-3.6260595,-20.11098,-5.2570677
331949915,1,3,-4.0272255,-20.671413,-6.055807
331949925,1,3,-4.540957,-20.786375,-6.4186525
331949935,1,3,-4.758904,-20.45706,-6.6653395
331949945,1,3,-4.54934,-19.952908,-6.9036436
331949955,1,3,-3.6631823,-19.372116,-7.1443434
331949964,1,3,-2.567461,-19.032022,-7.3359447
331949974,1,3,-1.648971,-18.817669,-7.108418
331949984,1,3,-0.549657,-18.221308,-6.4066772
331949994,1,3,0.4406836,-17.24414,-5.78996
331950004,1,3,1.3148657,-15.987953,-5.166057
331950014,1,3,2.123185,-14.620397,-4.8822474
331950024,1,3,2.877616,-13.539045,-4.7038183
331950034,1,3,3.3554223,-12.662468,-4.501439
331950043,1,3,3.6559973,-12.197834,-4.372108
331950053,1,3,3.8296363,-11.710448,-4.491859
331950063,1,3,3.6943176,-11.29132,-4.59245
331950073,1,3,3.3889527,-11.057805,-4.939728
331950083,1,3,3.109933,-10.813513,-5.4582496
331950093,1,3,2.7482848,-10.529703,-6.0390415
331950103,1,3,2.410587,-10.278226,-6.7503624
331950113,1,3,2.1974304,-9.889035,-7.244934
331950122,1,3,1.9950513,-9.59325,-7.4712634
331950132,1,3,1.6920813,-9.319021,-7.6161623
331950142,1,3,1.5890955,-9.186097,-7.532336
331950152,1,3,1.3148657,-9.057964,-7.0700974
331950162,1,3,0.91849,-9.001681,-6.508466
331950172,1,3,0.4897815,-8.8879175,-5.9276733
331950182,1,3,-0.19160156,-8.960965,-5.1947975
331950192,1,3,-0.8310718,-8.776549,-4.663103
331950201,1,3,-1.4573693,-8.522677,-4.2727146
331950211,1,3,-2.1722827,-8.230485,-3.9673498
331950221,1,3,-2.7878027,-7.715555,-3.8296363
331950231,1,3,-3.065625,-7.289242,-3.6080968
331950241,1,3,-3.3350646,-6.673722,-3.3889527
331950251,1,3,-3.3997302,-5.9839563,-3.2692018
331950261,1,3,-3.2500415,-5.4247193,-3.1722033
331950270,1,3,-3.018922,-4.7960267,-3.0787976
331950280,1,3,-2.7243347,-4.3960586,-2.9877868
331950290,1,3,-2.4848328,-3.739823,-2.75547
331950300,1,3,-2.215393,-3.3206947,-2.4165747
331950310,1,3,-2.203418,-2.9183314,-1.7914746
331950320,1,3,-2.0022364,-2.694397,-1.3519886
331950330,1,3,-1.8836828,-2.3998096,-1.0873389
331950340,1,3,-1.6992663,-2.1411474,-1.043031
331950349,1,3,-1.463357,-1.9507434,-0.9699829
331950359,1,3,-1.353186,-1.7016613,-0.9687854
331950369,1,3,-1.3064831,-1.6226257,-1.2034973
331950379,1,3,-1.4837146,-1.5819104,-1.0394385
331950389,1,3,-1.8166223,-1.6369958,-0.6993457
331950399,1,3,-2.090852,-1.9423609,-0.07544312
331950409,1,3,-2.3387365,-2.5494983,0.57959473
331950419,1,3,-2.4824378,-3.2715967,1.0789562
331950428,1,3,-2.8177404,-3.7218604,2.271676
331950438,1,3,-2.9446764,-4.0104604,3.0776
331950448,1,3,-3.1626234,-3.8823266,3.0560448
331950458,1,3,-3.3937426,-3.4380505,2.689607
331950468,1,3,-3.9721398,-3.1650183,2.290836
331950478,1,3,-4.694238,-3.681145,2.147135
331950488,1,3,-5.461842,-5.0750465,2.2261705
331950498,1,3,-6.3623695,-7.6880126,2.9171338
331950507,1,3,-7.2018237,-10.827884,4.0092626
331950517,1,3,-8.144264,-13.268408,5.20797
331950527,1,3,-8.265212,-14.234798,4.9552956
331950537,1,3,-7.9766126,-14.34497,3.8164637
331950547,1,3,-8.073611,-13.8683605,2.6153612
331950557,1,3,-8.634046,-14.1425905,1.8525476
331950567,1,3,-9.362131,-15.153289,1.6741186
331950576,1,3,-9.616003,-16.019089,1.7100439
331950586,1,3,-9.618399,-16.554375,1.8753003
331950596,1,3,-8.823252,-16.6382,2.2189856
331950606,1,3,-7.66047,-16.353193,2.7135572
331950616,1,3,-6.339617,-15.91251,3.2500415
331950626,1,3,-5.2510805,-15.428716,4.0463853
331950636,1,3,-4.4487486,-14.935342,4.5205994
331950646,1,3,-3.8535864,-14.337785,4.7864466
331950655,1,3,-3.3458424,-13.258828,4.9552956
331950665,1,3,-3.1087353,-12.2146,4.7696815
331950675,1,3,-2.7614574,-11.321258,4.30385
331950685,1,3,-2.506388,-10.583591,3.8428087
331950718,1,3,-2.3207738,-10.129735,3.436853
331950728,1,3,-2.2393432,-9.727372,3.187771
331950738,1,3,-2.0585194,-9.216035,2.838098
331950747,1,3,-2.0309765,-8.584948,2.3686743
331950757,1,3,-2.086062,-7.8891945,1.8513501
331950767,1,3,-2.3531067,-7.369475,1.0645862
331950777,1,3,-2.3578968,-6.646179,0.4658313
331950787,1,3,-2.5542884,-6.2007055,0.3065625
331950797,1,3,-2.8369007,-5.989944,0.29578492
331950807,1,3,-3.1626234,-5.987549,0.24548951
331950817,1,3,-3.37578,-5.960006,0.07185058
331950826,1,3,-3.6512072,-6.180348,-0.031135254
331950836,1,3,-3.7649708,-6.389912,-0.07185058
331950846,1,3,-3.993695,-6.7683253,-0.3676355
331950856,1,3,-4.174519,-6.9587293,-0.69096315
331950866,1,3,-4.4475513,-7.123986,-0.7149133
331950876,1,3,-4.812792,-7.562274,-0.9029224
331950886,1,3,-5.0666637,-8.430469,-1.0190808
331950895,1,3,-5.322931,-9.323811,-1.1927197
331950905,1,3,-5.5289025,-9.887838,-1.6908838
331950915,1,3,-6.098917,-10.551258,-2.4345374
331950925,1,3,-6.8892736,-11.576327,-2.814148
331950935,1,3,-7.701185,-12.47446,-3.1422656
331950945,1,3,-8.311915,-13.064832,-3.3326697
331950955,1,3,-8.587342,-13.310321,-3.9026842
331950965,1,3,-8.491542,-13.518688,-4.1805067
331950974,1,3,-8.091574,-14.0899,-3.6595898
331950984,1,3,-7.8245287,-14.429993,-2.318379
331950994,1,3,-7.570657,-14.518608,-1.8920654
331951004,1,3,-7.4832387,-14.697038,-1.658551
331951014,1,3,-7.588619,-14.742542,-1.6789087
331951024,1,3,-7.500004,-14.71979,-1.8741028
331951034,1,3,-7.619755,-14.602434,-2.0633094
331951044,1,3,-7.7993813,-14.196478,-2.4956102
331951053,1,3,-7.9790077,-13.780942,-3.253634
331951063,1,3,-8.28078,-13.414504,-3.7386255
331951073,1,3,-8.361013,-13.068424,-3.69791
331951083,1,3,-8.212522,-12.585828,-3.7122803
331951093,1,3,-7.8568616,-11.564352,-3.202141
331951103,1,3,-7.2569094,-10.48779,-2.8620484
331951113,1,3,-6.597081,-9.868678,-2.9374914
331951123,1,3,-5.7995396,-9.081914,-2.7937903
331951132,1,3,-5.3313136,-8.642428,-2.870431
331951142,1,3,-4.804409,-8.168214,-3.026107
331951152,1,3,-4.30864,-8.076006,-3.4775684
331951162,1,3,-3.7745507,-8.311915,-3.730243
331951172,1,3,-3.2524366,-8.320298,-3.4691858
331951182,1,3,-2.7901978,-8.1071415,-3.1111305
331951192,1,3,-2.2369483,-7.9358974,-2.8033705
331951202,1,3,-1.7567468,-7.3515124,-2.2956262
331951211,1,3,-1.2394226,-6.6797094,-1.9902612
331951221,1,3,-0.88735473,-6.114485,-1.8729053
331951231,1,3,-0.5388794,-5.7636147,-1.9998413
331951241,1,3,-0.5125342,-5.640271,-1.6477734
331951251,1,3,-0.7101233,-5.7205043,-1.350791
331951261,1,3,-1.0705737,-5.825885,-0.7807764
331951271,1,3,-1.0574012,-5.989944,-0.7807764
331951281,1,3,-0.6813831,-6.46775,-0.7496411
331951290,1,3,-0.5340893,-7.1443434,-0.63468015
331951300,1,3,-0.2933899,-8.065228,-0.613125
331951310,1,3,-0.1353186,-9.029223,-0.676593
331951320,1,3,0.0047900393,-9.298663,-0.5113367
331951330,1,3,0.16525635,-9.142987,-0.5041516
331951340,1,3,0.38919067,-8.90109,-0.6382727
331951350,1,3,0.5161267,-8.63165,-0.37362304
331951359,1,3,0.92687255,-8.343051,0.120948486
331951369,1,3,1.2466077,-8.246052,0.22273682
331951379,1,3,1.6729212,-8.017328,0.70174074
331951389,1,3,2.1088147,-7.938292,0.11615845
331951399,1,3,2.6213489,-7.8496766,0.10059082
331951409,1,3,2.7734327,-8.5083065,-0.68976563
331951419,1,3,3.1757958,-8.070019,-0.0071850587
331951429,1,3,3.36141,-7.643705,-0.9017249
331951438,1,3,3.969745,-6.7132397,-1.8573376
331951448,1,3,3.9038818,-6.5108604,-1.6848962
331951458,1,3,3.3386571,-7.276069,-0.85142946
331951468,1,3,3.1518457,-7.244934,0.4394861
331951478,1,3,3.265609,-6.612649,1.1939173
331951488,1,3,3.2620165,-5.5456676,1.162782
331951498,1,3,3.3913476,-4.701423,1.4980847
331951508,1,3,3.0081446,-4.792434,1.2561878
331951517,1,3,2.8919861,-5.004393,0.91489744
331951527,1,3,2.7901978,-5.1433043,1.0645862
331951537,1,3,2.7219398,-4.8582973,1.1184741
331951547,1,3,2.6441016,-4.5984373,0.8981323
331951557,1,3,2.029779,-5.102589,0.99872315
331951567,1,3,1.0286609,-6.5060706,1.4058765
331951577,1,3,-0.123343505,-8.514295,2.017804
331951587,1,3,-0.63108766,-10.123748,2.1195922
331951596,1,3,-0.23590942,-10.397977,1.6525635
331951606,1,3,0.27901977,-10.299782,1.1448194
331951616,1,3,0.9508228,-10.14171,0.59516233
331951626,1,3,1.4346167,-10.408755,-0.0035925293
331951636,1,3,1.4621594,-10.353669,-0.27422974
331951646,1,3,1.2478051,-10.128537,-0.6059399
331951656,1,3,1.0657837,-9.986034,-1.3986914
331951665,1,3,0.803529,-9.760902,-1.7794995
331951675,1,3,0.6059399,-9.465117,-2.2261705
331951685,1,3,0.44786865,-9.633966,-1.9423609
331951695,1,3,-0.15328126,-10.187216,-2.2369483
331951705,1,3,-0.32332763,-10.1189575,-1.7004639
331951715,1,3,-0.22513184,-10.033935,-2.511178
331951725,1,3,-0.14250366,-10.129735,-2.5758436
331951735,1,3,0.15208374,-10.194401,-2.9794042
331951744,1,3,0.59516233,-10.591974,-4.421206
331951754,1,3,0.7101233,-11.270962,-5.054689
331951764,1,3,0.6442602,-12.327166,-5.3480787
331951774,1,3,0.4778064,-13.778547,-5.988746
331951784,1,3,0.49097902,-14.898219,-6.1695704
331951794,1,3,-0.13052857,-17.058527,-4.508624
331951804,1,3,-0.38559815,-19.112255,-3.2368689
331951814,1,3,-0.69216067,-20.425924,-1.9351758
331951823,1,3,-1.0705737,-20.441492,-1.9387683
331951833,1,3,-1.3711487,-19.530188,-2.2357507
331951843,1,3,-1.3843213,-18.192568,-2.7339149
331951853,1,3,-1.2909155,-16.742384,-3.0129347
331951863,1,3,-1.2789404,-15.286212,-3.2296839
331951873,1,3,-1.0705737,-13.779745,-3.7362304
331951883,1,3,-0.88855225,-12.372671,-4.4224033
331951892,1,3,-0.68497556,-11.315269,-4.58766
331951902,1,3,-0.4754114,-10.424322,-4.813989
331951912,1,3,-0.36404297,-9.425599,-4.748126
331951922,1,3,-0.07544312,-8.648416,-4.509822
331951932,1,3,-0.033530273,-7.8592567,-4.040398
331951942,1,3,-0.1951941,-7.242539,-3.9433997
331951952,1,3,-0.2694397,-6.4869103,-3.551814
331951962,1,3,-0.41912842,-6.295309,-3.4631982
331951971,1,3,-0.6095325,-6.070177,-3.129093
331951981,1,3,-0.62989014,-5.9145007,-2.6752367
331951991,1,3,-0.55803955,-5.8713903,-2.4081922
331952001,1,3,-0.6885681,-5.7025414,-1.8405725
331952011,1,3,-0.65623534,-5.494175,-1.5735278
331952021,1,3,-0.72808594,-5.3037705,-1.1867322
331952031,1,3,-1.0645862,-5.0738487,-0.7735913
331952041,1,3,-1.3400134,-5.0163684,-0.66821045
331952050,1,3,-1.6968713,-5.1049843,-0.45505372
331952060,1,3,-1.9806812,-5.126539,-0.47421387
331952070,1,3,-2.1627026,-5.2965856,-0.71251833
331952080,1,3,-2.3267615,-5.3337083,-0.6430628
331952090,1,3,-2.4608827,-5.4462743,-0.6646179
331952100,1,3,-2.523153,-5.579198,-0.74485105
331952110,1,3,-2.6955945,-5.471422,-0.5831873
331952120,1,3,-2.692002,-5.381609,-0.5113367
331952129,1,3,-2.577041,-5.429509,-0.25387207
331952139,1,3,-2.6488917,-5.562433,0.15088624
331952149,1,3,-2.7315197,-6.074967,0.4646338
331952159,1,3,-2.8129504,-6.4737377,0.82268924
331952169,1,3,-3.026107,-7.1515284,0.96160036
331952179,1,3,-3.1243029,-7.7251353,1.0825489
331952189,1,3,-3.373385,-8.764574,0.91609496
331952199,1,3,-3.6583924,-10.212363,0.5987549
331952208,1,3,-3.918252,-11.706856,0.6538403
331952218,1,3,-4.1924815,-13.497132,0.66342044
331952228,1,3,-4.660708,-15.366446,0.33650026
331952238,1,3,-5.0067883,-17.17229,-0.017962646
331952248,1,3,-5.3456836,-18.312319,-0.4682263
331952258,1,3,-5.7779846,-19.1398,-0.8969348
331952268,1,3,-6.187533,-19.708616,-1.3448035
331952277,1,3,-6.4030848,-19.90381,-1.4262341
331952287,1,3,-6.3683567,-19.349363,-1.1364368
331952297,1,3,-6.2402234,-18.375788,-0.9089099
331952307,1,3,-5.8294773,-17.363892,-0.6274951
331952317,1,3,-5.372029,-16.367563,-0.28979737
331952327,1,3,-4.997208,-15.336508,-0.183219
331952337,1,3,-4.5984373,-14.422808,-0.033530273
331952347,1,3,-4.3780956,-13.351036,-0.16166382
331952356,1,3,-4.1469765,-12.353511,-0.28859985
331952366,1,3,-3.8044884,-11.329639,-0.40595582
331952376,1,3,-3.4679883,-10.317744,-0.5664221
331952386,1,3,-2.9698243,-9.153765,-0.68497556
331952396,1,3,-2.4333398,-7.828121,-0.6442602
331952406,1,3,-2.022594,-6.285729,-0.6646179
331952416,1,3,-1.6801062,-5.100194,-0.8071216
331952426,1,3,-1.7627344,-4.087101,-1.040636
331952435,1,3,-1.8142273,-3.5446289,-1.0262659
331952445,1,3,-2.015409,-2.9758117,-0.81550413
331952455,1,3,-2.0920496,-2.7159522,-0.4538562
331952465,1,3,-1.9471508,-2.386637,-0.22273682
331952475,1,3,-1.8669177,-2.2980213,0.2335144
331952485,1,3,-1.8357825,-2.088457,0.5652246
331952495,1,3,-1.7974621,-1.8154248,0.5760022
331952505,1,3,-1.9303857,-1.653761,0.6047424
331952514,1,3,-2.1435425,-1.7304016,0.40116578
331952524,1,3,-2.3519092,-1.7016613,0.38679564
331952534,1,3,-2.5207582,-2.0142114,0.13172607
331952544,1,3,-2.5997937,-2.7051744,-0.305365
331952554,1,3,-2.9003687,-3.8727465,-0.6119275
331952564,1,3,-3.2668066,-4.843927,-0.7711963
331952574,1,3,-3.4703834,-5.612728,-0.8801697
331952583,1,3,-3.6236646,-6.2007055,-1.1855347
331952593,1,3,-3.566184,-6.7803,-1.3208532
331952603,1,3,-3.4991236,-7.05453,-1.4992822
331952613,1,3,-3.38536,-7.3263645,-1.4681469
331952623,1,3,-3.3602123,-7.289242,-0.859812
331952633,1,3,-3.0273046,-7.2808595,-0.27422974
331952643,1,3,-2.9806018,-7.5514965,0.3796106
331952653,1,3,-3.0440698,-8.211325,1.1484119
331952662,1,3,-3.2620165,-8.7262535,1.5220349
331952672,1,3,-3.4871485,-8.932225,1.7184265
331952682,1,3,-3.685935,-9.159752,1.7663269
331952692,1,3,-4.01525,-9.778865,1.6729212
331952702,1,3,-4.333788,-10.547666,1.8022522
331952712,1,3,-4.4691067,-11.341615,1.7208215
331952722,1,3,-4.7325587,-12.288845,1.3795313
331952732,1,3,-4.9996033,-13.269606,1.0238708
331952741,1,3,-5.51094,-13.954581,0.61791503
331952751,1,3,-5.994734,-14.408438,0.15567628
331952761,1,3,-6.3851223,-15.009587,-0.09460327
331952771,1,3,-6.6797094,-16.084951,0.124541014
331952781,1,3,-6.709647,-17.171093,0.52450925
331952791,1,3,-6.394702,-17.886005,0.6598279
331952801,1,3,-6.3851223,-18.214123,1.0226734
331952811,1,3,-6.3444066,-18.252443,1.4645544
331952820,1,3,-6.2031007,-18.09557,1.7926722
331952830,1,3,-6.0761647,-17.317188,1.6968713
331952840,1,3,-5.8198977,-16.219072,1.5100598
331952850,1,3,-5.1852174,-15.098203,1.1436218
331952860,1,3,-4.3613305,-14.122232,0.366438
331952870,1,3,-3.5913317,-13.463602,-0.34009278
331952880,1,3,-2.8656409,-13.072017,-0.81550413
331952890,1,3,-2.2285657,-12.843292,-1.1615845
331952899,1,3,-1.4597644,-13.1929655,-1.3819263
331952909,1,3,-0.8202942,-13.693524,-1.6190332
331952919,1,3,-0.1484912,-14.180911,-1.8693128
331952929,1,3,0.556842,-14.475498,-2.4273522
331952939,1,3,1.4262341,-14.360538,-3.3697925
331952949,1,3,1.9327807,-14.135406,-4.254752
331952959,1,3,2.5459058,-13.922249,-5.5169277
331952969,1,3,2.9219239,-13.947396,-6.6354017
331952978,1,3,2.9243188,-13.833632,-6.849756
331952988,1,3,3.0847852,-13.45043,-6.890471
331952998,1,3,3.1745985,-13.034894,-6.72282
331953008,1,3,3.046465,-12.4828415,-6.7611403
331953018,1,3,3.06802,-11.834989,-6.7527575
331953028,1,3,3.2272887,-11.235037,-6.5695386
331953038,1,3,3.08239,-10.720107,-6.3791347
331953048,1,3,2.9494665,-10.092612,-6.2989016
331953057,1,3,2.76026,-9.372909,-5.915698
331953067,1,3,2.3998096,-8.863967,-5.6666164
331953077,1,3,2.078877,-8.471184,-4.996011
331953087,1,3,1.9375708,-7.941885,-4.0894957
331953097,1,3,1.7986597,-7.2904396,-3.7637732
331953107,1,3,1.1783496,-6.5036755,-3.297942
331953117,1,3,1.1508069,-5.492977,-3.1422656
331953126,1,3,0.9735754,-4.454736,-2.821333
331953136,1,3,0.79035646,-3.6332445,-2.889591
331953146,1,3,0.6167175,-2.7470875,-2.6369164
331953156,1,3,0.5412744,-2.13037,-2.3363416
331953166,1,3,0.42511597,-1.4022839,-2.0429516
331953176,1,3,0.17842895,-0.89334226,-1.8633252
331953186,1,3,0.020357667,-0.51013917,-1.6118481
331953196,1,3,-0.07544312,-0.18561402,-1.101709
331953205,1,3,-0.1844165,0.0011975098,-0.60713744
331953215,1,3,-0.3197351,0.13891113,-0.10059082
331953225,1,3,-0.52570677,0.32811767,0.20956421
331953235,1,3,-0.92567503,0.4406836,0.549657
331953245,1,3,-1.1196716,0.6095325,0.6969507
331953255,1,3,-1.3986914,0.9340576,0.549657
331953265,1,3,-1.6190332,1.1723621,0.2586621
331953275,1,3,-1.7184265,1.1975098,-0.24668701
331953284,1,3,-1.5459851,1.0705737,-0.52570677
331953294,1,3,-1.407074,0.37003052,-0.3544629
331953304,1,3,-1.3112732,-0.9412427,-0.07185058
331953314,1,3,-1.169967,-1.9770886,0.41912842
331953324,1,3,-0.7532337,-3.1841784,0.2814148
331953334,1,3,-0.37003052,-4.237987,0.031135254
331953344,1,3,-0.068258055,-5.971981,-0.4538562
331953354,1,3,-0.13052857,-7.9814024,-0.3221301
331953363,1,3,-0.2335144,-10.096205,0.28979737
331953373,1,3,0.11256592,-12.155922,1.7567468
331953383,1,3,0.28859985,-13.827645,2.2848487
331953393,1,3,0.5712122,-15.283817,2.1639001
331953403,1,3,0.7197034,-16.51366,1.651366
331953413,1,3,0.31015503,-16.933985,1.3076806
331953423,1,3,-0.5508545,-17.147142,1.1711645
331953433,1,3,-1.5352075,-17.381855,0.92807007
331953442,1,3,-2.266886,-17.02859,1.0861413
331953452,1,3,-2.403402,-16.357983,0.90411985
331953462,1,3,-2.0537293,-15.471827,0.7209009
331953472,1,3,-1.5196398,-14.713802,0.91130495
331953482,1,3,-0.83825684,-14.00847,1.3076806
331953492,1,3,-0.4754114,-13.589341,1.8561401
331953502,1,3,-0.19040406,-13.227693,2.4237597
331953512,1,3,-0.26584718,-12.6936035,2.5878186
331953521,1,3,-0.5053491,-12.182267,2.2585034
331953531,1,3,-0.3185376,-11.496094,1.8597326
331953541,1,3,-0.19878662,-11.043435,1.6477734
331953551,1,3,0.41194335,-10.773995,1.7088464
331953587,1,3,0.6286926,-11.037448,1.5447876
331953597,1,3,0.64066774,-11.269764,1.6046631
331953606,1,3,0.40954834,-11.559562,1.3699511
331953616,1,3,0.068258055,-11.927197,1.2034973
331953626,1,3,-0.26584718,-12.045751,1.0466236
331953636,1,3,-0.3065625,-12.000245,0.7256909
331953646,1,3,-0.17962646,-11.923605,0.34248778
331953656,1,3,-0.05748047,-11.785892,-0.0011975098
331953666,1,3,-0.039517824,-11.772718,-0.26225463
331953676,1,3,-0.061072998,-11.62782,-0.5987549
331953685,1,3,0.11256592,-11.3499975,-0.75083864
331953695,1,3,0.12933105,-11.008707,-0.93884766
331953705,1,3,0.29937744,-10.782378,-1.2166699
331953715,1,3,0.6981482,-10.826686,-1.6369958
331953725,1,3,1.22625,-11.104508,-1.6286132
331953735,1,3,1.6705261,-11.63261,-1.5759228
331953745,1,3,2.003434,-12.188254,-1.7531543
331953755,1,3,2.1567152,-12.521162,-1.9603235
331953764,1,3,2.530338,-12.451707,-2.4980054
331953774,1,3,2.633324,-12.319981,-3.065625
331953784,1,3,2.7243347,-12.084071,-3.3230896
331953794,1,3,2.76505,-11.6314125,-3.5338514
331953804,1,3,2.7782226,-11.087743,-3.5482213
331953814,1,3,3.0201197,-10.408755,-3.859574
331953824,1,3,3.2775843,-9.976454,-4.30864
331953834,1,3,3.3877552,-9.933344,-4.4427614
331953843,1,3,3.439248,-10.065069,-4.5229945
331953853,1,3,3.3111145,-10.166858,-4.5277843
331953863,1,3,3.0871801,-10.0770445,-4.4762917
331953873,1,3,3.121908,-9.648336,-4.373306
331953883,1,3,3.0249097,-9.181308,-4.190087
331953893,1,3,2.9003687,-8.623268,-4.0044727
331953903,1,3,2.711162,-8.3957405,-3.8763392
331953913,1,3,2.5375233,-8.116721,-3.4847534
331953922,1,3,2.5087829,-7.843689,-3.1734009
331953932,1,3,2.5602758,-7.6233473,-2.8608508
331953942,1,3,2.8273206,-7.625742,-2.430945
331953952,1,3,2.9135413,-7.6712475,-1.968706
331953962,1,3,3.0033545,-7.732321,-1.773512
331953972,1,3,2.870431,-7.6389146,-1.6202307
331953982,1,3,2.4860303,-7.716753,-1.3783337
331953991,1,3,2.2465284,-7.6963954,-1.2969031
331954001,1,3,1.9495459,-7.6784325,-1.1160791
331954011,1,3,1.9124231,-7.404203,-0.99752563
331954021,1,3,1.7435743,-7.0629125,-0.8107141
331954031,1,3,1.712439,-6.7695227,-0.7879614
331954041,1,3,1.6250207,-6.45338,-0.8298743
331954051,1,3,1.4681469,-6.0905347,-1.0633887
331954061,1,3,1.1543994,-5.9025254,-1.1328442
331954070,1,3,0.88855225,-5.5444703,-1.5495776
331954080,1,3,0.5412744,-5.597161,-1.9351758
331954090,1,3,0.07304809,-5.725294,-2.0704944
331954100,1,3,-0.59276736,-6.12646,-2.0920496
331954110,1,3,-1.1807446,-6.894064,-2.039359
331954120,1,3,-1.7495618,-7.470066,-1.8669177
331954130,1,3,-1.8525476,-7.67005,-2.090852
331954140,1,3,-2.0944445,-7.394623,-2.1124072
331954149,1,3,-2.1698878,-6.8868785,-2.430945
331954159,1,3,-2.3159838,-6.4306273,-2.6081762
331954169,1,3,-2.4201672,-6.2378283,-2.6764343
331954179,1,3,-2.530338,-6.1815453,-2.623744
331954189,1,3,-2.5279431,-6.603069,-2.6812243
331954199,1,3,-2.2704785,-7.0401597,-2.6979895
331954209,1,3,-1.7998571,-7.4161777,-2.7937903
331954219,1,3,-1.4465919,-7.7933936,-2.870431
331954228,1,3,-1.1208692,-8.513097,-2.9817994
331954238,1,3,-0.86579955,-9.583671,-2.9662316
331954248,1,3,-0.62390256,-10.698552,-3.131488
331954258,1,3,-0.28859985,-11.894864,-3.3015344
331954268,1,3,-0.09220825,-13.218113,-3.5338514
331954278,1,3,0.3544629,-14.494658,-3.7338355
331954288,1,3,0.91250247,-15.507751,-4.1170387
331954298,1,3,1.3627661,-16.284935,-4.482279
331954307,1,3,1.7699194,-17.217796,-4.91937
331954317,1,3,2.1674926,-17.814156,-5.2798204
331954327,1,3,2.2585034,-18.329084,-5.3923864
331954337,1,3,2.2357507,-18.294357,-5.435497
331954347,1,3,2.2920337,-17.674047,-5.266648
331954357,1,3,2.2980213,-16.66694,-5.078639
331954367,1,3,2.2848487,-15.829882,-4.694238
331954376,1,3,2.1124072,-15.194004,-4.4128237
331954386,1,3,2.208208,-14.546151,-4.2296047
331954396,1,3,2.3507116,-13.970149,-4.035608
331954406,1,3,2.5327332,-13.46959,-4.096681
331954416,1,3,2.7147546,-13.140275,-3.923042
331954426,1,3,2.7147546,-12.808564,-3.7625756
331954436,1,3,2.9003687,-12.3139925,-3.7410204
331954446,1,3,2.943479,-11.880494,-3.8212538
331954455,1,3,2.8812084,-11.233839,-3.8763392
331954465,1,3,2.8931837,-10.568024,-3.749403
331954475,1,3,2.647694,-10.056687,-3.8978944
331954485,1,3,2.4129822,-9.582473,-3.5482213
331954495,1,3,2.1267774,-9.145382,-3.1554382
331954505,1,3,1.592688,-8.92025,-2.5219555
331954515,1,3,0.8861572,-8.435259,-1.7627344
331954525,1,3,0.08023316,-8.1071415,-0.82268924
331954534,1,3,-0.60833496,-7.6712475,-0.5879773
331954544,1,3,-1.167572,-7.420968,-0.7544311
331954554,1,3,-1.5112573,-7.2461314,-1.3424084
331954564,1,3,-1.5962806,-7.1874537,-1.8992505
331954574,1,3,-1.6010705,-7.315587,-2.6524842
331954584,1,3,-1.7890795,-7.7035804,-2.994972
331954594,1,3,-1.8824854,-8.586145,-3.297942
331954604,1,3,-2.254911,-9.764495,-3.453618
331954613,1,3,-2.579436,-11.067386,-2.8955786
331954623,1,3,-2.9111462,-12.697196,-2.166295
331954633,1,3,-3.0177245,-14.028827,-1.4465919
331954643,1,3,-3.117118,-14.643149,-0.60354495
331954653,1,3,-3.2500415,-14.499448,-0.10657837
331954663,1,3,-3.566184,-13.846806,0.2586621
331954673,1,3,-4.085903,-13.566588,0.58198977
331954682,1,3,-4.9936156,-13.895904,1.1124866
331954692,1,3,-5.7863674,-14.195281,1.6106507
331954702,1,3,-6.2797413,-14.349759,2.0070264
331954712,1,3,-6.450985,-14.615606,2.3207738
331954722,1,3,-6.6258216,-14.887442,2.4848328
331954732,1,3,-6.245013,-15.366446,2.645299
331954742,1,3,-5.5528526,-15.730488,2.8033705
331954752,1,3,-4.7720766,-15.607144,3.0644274
331954761,1,3,-3.7841308,-14.871874,3.2368689
331954771,1,3,-3.0644274,-13.7138815,3.121908
331954781,1,3,-2.44771,-12.01222,3.0177245
331954791,1,3,-1.9303857,-10.050699,2.5962012
331954801,1,3,-1.597478,-7.8891945,2.0333717
331954811,1,3,-1.3771362,-5.8402553,1.3651612
331954821,1,3,-1.2406201,-4.118236,0.54366946
331954831,1,3,-0.90052736,-2.8512707,-0.30177248
331954840,1,3,-0.6813831,-1.895658,-0.7723938
331954850,1,3,-0.5448669,-1.4010864,-1.1975098
331954860,1,3,-0.37242553,-1.0801538,-1.4382092
331954870,1,3,-0.26105714,-0.88735473,-1.5531702
331954880,1,3,-0.09939331,-0.7316785,-1.3495935
331954890,1,3,0.05987549,-0.39757323,-1.1400293
331954900,1,3,0.28500733,0.05867798,-1.0190808
331954909,1,3,0.5185217,0.6394702,-0.91010743
331954919,1,3,0.6215076,1.2082874,-1.0981164
331954929,1,3,0.62989014,1.7902771,-1.3747412
331954939,1,3,0.5676196,1.9699036,-1.6417859
331954949,1,3,0.58079225,1.8549427,-1.7639319
331954959,1,3,0.70772827,1.3915063,-1.7615368
331954969,1,3,0.8921448,0.8202942,-1.7531543
331954979,1,3,0.9568103,0.120948486,-1.714834
331954988,1,3,1.1448194,-0.70772827,-1.8381774
331954998,1,3,1.0238708,-1.7184265,-1.8812878
331955008,1,3,0.8250842,-2.76984,-1.9495459
331955018,1,3,0.59635985,-4.0332127,-2.1435425
331955028,1,3,0.4646338,-5.84265,-2.2992187
331955038,1,3,0.42751098,-7.8329115,-1.9794836
331955048,1,3,0.39877075,-9.6830635,-1.7160316
331955058,1,3,0.48499146,-11.121273,-1.7651294
331955067,1,3,0.62031007,-11.765533,-1.9974463
331955077,1,3,0.5939648,-11.827804,-2.5315356
331955087,1,3,0.44427612,-11.971505,-2.9231215
331955097,1,3,-0.21076173,-12.213402,-3.3290772
331955107,1,3,-0.8454419,-12.590618,-3.2236962
331955117,1,3,-1.1963123,-13.097164,-3.08239
331955127,1,3,-0.79394895,-13.862373,-2.650089
331955137,1,3,-0.22513184,-14.688655,-1.9746937
331955146,1,3,0.24429199,-15.589182,-1.1783496
331955156,1,3,0.8298743,-16.530424,-0.98195803
331955166,1,3,1.0071057,-17.266893,-0.7831714
331955176,1,3,0.60234743,-17.714762,-0.9939331
331955186,1,3,-0.2814148,-17.53274,-1.1340418
331955196,1,3,-1.1148816,-16.85495,-1.3064831
331955206,1,3,-1.7699194,-15.9999275,-1.5376025
331955216,1,3,-1.8776953,-15.025155,-1.6872913
331955225,1,3,-1.8238074,-14.246774,-1.8944604
331955235,1,3,-1.4429992,-13.735437,-1.9375708
331955245,1,3,-1.348396,-13.613291,-2.039359
331955255,1,3,-1.3124707,-13.558206,-1.9507434
331955265,1,3,-1.4346167,-13.376184,-1.890868
331955275,1,3,-1.409469,-13.237273,-1.8884729
331955285,1,3,-1.1424243,-12.672049,-1.7723144
331955295,1,3,-0.7424561,-11.903247,-1.6705261
331955304,1,3,-0.40116578,-11.08415,-1.6166382
331955314,1,3,-0.07664063,-10.799143,-1.5651453
331955324,1,3,-0.085023195,-11.091335,-1.0538086
331955334,1,3,-0.10657837,-11.783496,-0.4538562
331955344,1,3,-0.33650026,-12.292438,-0.09220825
331955354,1,3,-0.5760022,-12.790602,0.18681152
331955364,1,3,-0.66701293,-12.922328,0.40595582
331955374,1,3,-0.59635985,-12.915143,0.3293152
331955383,1,3,-0.5771997,-12.827724,0.17483643
331955393,1,3,-0.4897815,-12.57505,-0.21435425
331955403,1,3,-0.3544629,-12.530743,-0.7256909
331955413,1,3,-0.2969824,-12.552298,-0.8478369
331955423,1,3,-0.19279908,-12.709171,-0.77718383
331955433,1,3,-0.3903882,-13.092374,-0.71251833
331955443,1,3,-0.64066774,-13.323494,-0.3556604
331955452,1,3,-1.0550061,-13.504317,-0.020357667
331955462,1,3,-1.4406042,-13.513898,0.554447
331955472,1,3,-1.7651294,-13.412109,0.7472461
331955482,1,3,-2.15432,-13.427677,1.040636
331955492,1,3,-2.5902135,-13.388159,1.3064831
331955502,1,3,-2.8764184,-13.215717,1.719624
331955512,1,3,-3.1985486,-12.807367,1.7016613
331955522,1,3,-3.4775684,-12.034973,1.9639161
331955531,1,3,-3.4440382,-10.814711,2.13995
331955541,1,3,-3.4081128,-9.297466,2.0513341
331955551,1,3,-3.2895594,-7.765851,1.8860779
331955561,1,3,-3.131488,-6.2869263,1.9411633
331955571,1,3,-2.9841943,-4.819977,1.848955
331955581,1,3,-2.598596,-3.6583924,1.4441968
331955591,1,3,-2.327959,-2.7518775,0.95321774
331955601,1,3,-1.9291883,-2.1555176,0.5903723
331955610,1,3,-1.6310083,-1.7794995,0.35326537
331955620,1,3,-1.2130774,-1.4501843,0.13412109
331955630,1,3,-0.9244775,-1.2777429,0.0
331955640,1,3,-0.5999524,-1.1472144,0.0119750975
331955650,1,3,-0.3580554,-0.92687255,-0.022752685
331955660,1,3,-0.28500733,-0.5724097,-0.041912843
331955670,1,3,-0.08741821,-0.14968872,-0.1484912
331955680,1,3,0.0490979,0.20716919,-0.34967285
331955689,1,3,0.07304809,0.5149292,-0.58079225
331955699,1,3,0.2203418,0.5867798,-0.97597045
331955709,1,3,0.27542725,0.43709105,-1.2717553
331955719,1,3,0.3185376,0.17603393,-1.8717078
331955729,1,3,0.18800904,-0.22393432,-2.1136048
331955739,1,3,0.0981958,-1.1771522,-2.4417224
331955749,1,3,-0.008382568,-2.3016138,-2.242936
331955758,1,3,-0.05867798,-3.4620008,-2.137555
331955768,1,3,0.027542725,-5.108577,-2.5614734
331955778,1,3,0.08861572,-6.955137,-2.6572742
331955788,1,3,-0.043110352,-8.711884,-1.9722986
331955798,1,3,0.025147704,-9.922565,-1.9315833
331955808,1,3,0.32692015,-10.323731,-2.4812403
331955818,1,3,0.5652246,-10.209969,-3.4332604
331955828,1,3,0.368833,-10.41594,-3.918252
331955837,1,3,-0.21315674,-10.566826,-4.023633
331955847,1,3,-0.79514647,-10.897339,-3.612887
331955857,1,3,-1.169967,-11.693683,-3.3985326
331955867,1,3,-1.1148816,-12.972623,-3.2117212
331955877,1,3,-0.82268924,-14.582076,-2.6752367
331955887,1,3,-0.37362304,-15.809524,-2.325564
331955897,1,3,-0.086220704,-16.719631,-2.523153
331955907,1,3,0.019160157,-17.065712,-2.8297155
331955916,1,3,0.043110352,-16.762741,-3.4919386
331955926,1,3,0.2933899,-16.106506,-4.071533
331955936,1,3,0.34967285,-15.534097,-4.5888577
331955946,1,3,0.49936157,-15.203584,-5.0091834
331955956,1,3,0.58198977,-15.150893,-5.503755
331955966,1,3,0.4406836,-15.362853,-5.874983
331955976,1,3,0.11376343,-15.617923,-6.211483
331955985,1,3,-0.15328126,-15.779586,-6.101312
331955995,1,3,-0.26105714,-15.2754345,-5.9049206
331956005,1,3,-0.22752686,-14.404845,-5.3217335
331956015,1,3,-0.04430786,-13.43606,-4.707411
331956025,1,3,0.11615845,-12.566668,-4.099076
331956035,1,3,0.18561402,-11.98348,-3.8392162
331956045,1,3,0.104183346,-11.643388,-3.615282
331956055,1,3,-0.25985962,-11.275752,-3.615282
331956064,1,3,-0.72928345,-10.981165,-3.6643798
331956074,1,3,-1.0621911,-10.532099,-4.0631504
331956084,1,3,-1.1663746,-10.07944,-4.2571473
331956094,1,3,-1.1100916,-10.11297,-4.3685155
331956104,1,3,-1.1508069,-10.324929,-4.3349853
331956114,1,3,-1.0585986,-10.532099,-4.0583606
331956124,1,3,-0.98195803,-10.668614,-3.566184
331956134,1,3,-0.9927356,-10.782378,-3.2093263
331956143,1,3,-1.23104,-11.128458,-2.7123597
331956153,1,3,-1.6286132,-11.62782,-2.3435266
331956163,1,3,-2.1243823,-11.861334,-2.217788
331956173,1,3,-2.6536818,-11.975098,-2.5363257
331956183,1,3,-3.497926,-12.129577,-2.9722192
331956193,1,3,-4.3457627,-12.179872,-3.3111145
331956203,1,3,-5.205575,-12.330758,-3.2991395
331956212,1,3,-6.1528053,-12.608581,-2.8967762
331956222,1,3,-6.9946547,-12.752281,-2.3638842
331956232,1,3,-7.6341248,-12.643308,-1.52922
331956242,1,3,-7.933502,-12.427756,-1.0083032
331956252,1,3,-8.213719,-11.712843,-0.5149292
331956262,1,3,-8.113129,-10.885364,-0.34009278
331956272,1,3,-7.5287437,-9.806408,-0.3197351
331956282,1,3,-7.0736904,-8.923842,-0.17124389
331956291,1,3,-6.338419,-8.226892,-0.09340576
331956301,1,3,-5.6582336,-7.6808276,-0.09699829
331956311,1,3,-4.9792457,-7.3575,-0.19399658
331956321,1,3,-4.331393,-7.1587133,-0.27422974
331956331,1,3,-3.866759,-6.9778895,-0.59276736
331956341,1,3,-3.5158887,-6.8557434,-0.674198
331956351,1,3,-3.3506324,-6.5767236,-0.74365354
331956361,1,3,-3.1542406,-6.4030848,-0.90411985
331956370,1,3,-3.2165112,-6.109695,-0.85023195
331956380,1,3,-3.1937585,-6.045029,-0.90411985
331956390,1,3,-3.1470556,-5.9683886,-0.7316785
331956400,1,3,-3.0668225,-5.660629,-0.87298465
331956410,1,3,-2.880011,-5.3480787,-0.9520203
331956420,1,3,-2.6955945,-5.0008006,-1.0849439
331956430,1,3,-2.499203,-4.7720766,-1.0154883
331956440,1,3,-2.4752526,-4.590055,-1.0921289
331956449,1,3,-2.4536974,-4.54934,-1.2585827
331956459,1,3,-2.501598,-4.8247666,-1.1999048
331956469,1,3,-2.5494983,-5.0427136,-1.1436218
331956506,1,3,-2.618954,-5.1852174,-1.0466236
331956515,1,3,-2.5926087,-5.1624646,-1.0621911
331956525,1,3,-2.3698719,-4.8798523,-0.9855505
331956535,1,3,-2.2956262,-4.6475353,-0.98674804
331956545,1,3,-2.1435425,-4.333788,-0.98674804
331956555,1,3,-2.0513341,-4.2787023,-0.96519285
331956565,1,3,-1.9758911,-4.348158,-1.1124866
331956575,1,3,-2.0285816,-4.8187795,-1.2358301
331956585,1,3,-2.0645068,-5.540878,-1.299298
331956594,1,3,-2.0692968,-6.1743603,-1.5986755
331956604,1,3,-2.1650977,-7.028185,-2.0333717
331956614,1,3,-2.2165906,-7.838899,-1.9531385
331956624,1,3,-2.123185,-8.611293,-2.3722668
331956634,1,3,-1.8860779,-9.0076685,-2.718347
331956644,1,3,-1.7974621,-9.273516,-2.7818153
331956654,1,3,-1.5998731,-9.691446,-2.8392956
331956664,1,3,-1.7471668,-10.263856,-3.065625
331956673,1,3,-2.1159997,-10.746452,-3.2847693
331956683,1,3,-2.738705,-11.38712,-3.473976
331956693,1,3,-3.446433,-12.266092,-3.542234
331956703,1,3,-3.8703516,-13.398937,-3.8236487
331956713,1,3,-4.0392003,-14.668297,-3.8583765
331956723,1,3,-4.190087,-15.446678,-3.7721558
331956733,1,3,-4.113446,-16.014297,-3.7721558
331956743,1,3,-4.212839,-16.334034,-3.5817518
331956752,1,3,-4.277505,-16.584312,-3.234474
331956762,1,3,-4.3924656,-16.155603,-2.9674292
331956772,1,3,-4.4104285,-15.770006,-2.8728259
331956782,1,3,-4.2008643,-15.197597,-2.6812243
331956792,1,3,-3.9014869,-14.716198,-2.5051904
331956802,1,3,-3.4643958,-14.191689,-2.2728736
331956812,1,3,-3.1985486,-13.612094,-2.2189856
331956821,1,3,-3.05844,-13.026511,-2.3902295
331956831,1,3,-2.9710217,-12.385843,-2.3543043
331956841,1,3,-2.9231215,-11.773916,-2.274071
331956851,1,3,-2.711162,-11.123669,-2.4632776
331956861,1,3,-2.515968,-10.3440895,-2.262096
331956871,1,3,-2.3926246,-9.653126,-2.0285816
331956881,1,3,-2.1998255,-8.993299,-1.9914588
331956891,1,3,-1.9303857,-8.375383,-1.8441651
331956900,1,3,-1.84656,-7.801776,-1.658551
331956910,1,3,-1.7818946,-7.4317455,-1.4932947
331956920,1,3,-1.6884887,-6.707252,-1.404679
331956930,1,3,-1.6346009,-6.234236,-1.1256592
331956940,1,3,-1.5196398,-5.691764,-1.0262659
331956950,1,3,-1.472937,-5.166057,-0.8789722
331956960,1,3,-1.2933105,-4.7181883,-0.83346677
331956970,1,3,-1.2202624,-4.228407,-0.8921448
331956979,1,3,-1.104104,-3.791316,-0.90411985
331956989,1,3,-1.1472144,-3.309917,-0.9927356
331956999,1,3,-1.1603869,-3.0404773,-1.0466236
331957009,1,3,-1.2561878,-2.8500733,-0.83945435
331957019,1,3,-1.5711328,-3.0668225,-0.77838135
331957029,1,3,-1.7974621,-3.6919227,-0.552052
331957039,1,3,-1.900448,-4.348158,-0.0490979
331957049,1,3,-1.9076331,-4.86189,0.13412109
331957058,1,3,-1.7914746,-5.20318,0.26105714
331957068,1,3,-1.5962806,-5.2654505,0.0742456
331957078,1,3,-1.4717395,-5.054689,-0.17483643
331957088,1,3,-1.5376025,-4.912185,-0.64066774
331957098,1,3,-1.6381934,-5.381609,-0.77957886
331957108,1,3,-1.8333875,-5.9779687,-0.8214917
331957118,1,3,-1.8657203,-6.6497717,-0.6059399
331957128,1,3,-1.6453785,-6.8820887,-0.5388794
331957137,1,3,-1.4525794,-6.753955,-0.3820056
331957147,1,3,-1.2693603,-6.646179,-0.76760375
331957157,1,3,-1.045426,-6.71803,-1.5603552
331957167,1,3,-0.63587767,-7.436536,-2.626139
331957177,1,3,-0.49337402,-8.635242,-3.4141004
331957187,1,3,-0.33410522,-10.546469,-3.7230577
331957197,1,3,-0.27542725,-13.239668,-3.6380346
331957207,1,3,-0.09939331,-16.288528,-4.1074586
331957216,1,3,-0.15208374,-19.109861,-5.0558863
331957226,1,3,-0.7089258,-21.448597,-5.8390574
331957236,1,3,-1.6346009,-22.902374,-6.4330225
331957246,1,3,-2.689607,-23.325096,-6.6473765
331957256,1,3,-3.222499,-23.149061,-7.052135
331957266,1,3,-3.4476306,-22.628145,-7.1826634
331957276,1,3,-3.0883777,-21.609064,-6.9826794
331957286,1,3,-2.5854235,-20.360062,-6.929989
331957295,1,3,-2.2525158,-18.85599,-6.803053
331957305,1,3,-2.191443,-17.317188,-6.843768
331957315,1,3,-2.193838,-16.12447,-6.7060547
331957325,1,3,-2.1387525,-15.02276,-6.500083
331957335,1,3,-1.9255958,-13.886323,-6.0270667
331957345,1,3,-1.6789087,-12.831317,-5.3995714
331957355,1,3,-1.5028747,-11.666141,-4.590055
331957364,1,3,-1.2861255,-10.641071,-3.6751575
331957374,1,3,-1.1376343,-9.480685,-2.9039612
331957384,1,3,-1.1831397,-8.577763,-2.0896544
331957394,1,3,-1.0394385,-7.8616514,-1.1100916
331957404,1,3,-1.0190808,-7.254514,-0.90531737
331957414,1,3,-1.2130774,-6.981482,-0.33410522
331957424,1,3,-1.541195,-6.631809,-0.082628176
331957434,1,3,-1.7387842,-6.197113,0.4646338
331957443,1,3,-1.8573376,-5.7684045,0.68377805
331957453,1,3,-2.017804,-5.3037705,1.0933264
331957463,1,3,-2.2094054,-4.8594947,1.1771522
331957473,1,3,-2.3531067,-4.5325747,1.607058
331957483,1,3,-2.4405248,-4.5684996,1.705254
331957493,1,3,-2.5938063,-4.9109874,1.8034497
331957503,1,3,-2.877616,-5.264253,1.83698
331957513,1,3,-2.9985645,-5.2630553,1.6825012
331957522,1,3,-3.4129028,-5.3540664,1.2561878
331957532,1,3,-3.7841308,-5.4678297,0.9783655
331957542,1,3,-4.1050634,-5.7348742,0.8358618
331957552,1,3,-4.242777,-6.274951,0.79394895
331957562,1,3,-4.653523,-6.9383717,0.8358618
331957572,1,3,-4.785249,-7.6245446,0.7759863
331957582,1,3,-4.8894324,-8.004155,0.8346643
331957592,1,3,-4.812792,-8.060438,0.7316785
331957601,1,3,-4.614005,-7.8496766,0.61911255
331957611,1,3,-4.1864944,-7.5131764,0.30416748
331957621,1,3,-3.627257,-7.270082,0.026345216
331957631,1,3,-2.9925768,-7.140751,0.0071850587
331957641,1,3,-2.3674767,-7.169491,-0.05508545
331957651,1,3,-1.8405725,-7.181466,-0.019160157
331957661,1,3,-1.353186,-6.986272,-0.033530273
331957671,1,3,-0.8969348,-6.8581386,-0.24668701
331957680,1,3,-0.5388794,-6.8246083,-0.27901977
331957690,1,3,-0.07783814,-6.7683253,-0.15088624
331957700,1,3,0.25506958,-6.610254,-0.20237915
331957710,1,3,0.48379394,-6.3923073,-0.2323169
331957720,1,3,0.8202942,-6.1468177,-0.15567628
331957730,1,3,1.1076965,-5.85223,-0.38559815
331957740,1,3,1.1879296,-5.7025414,-0.52450925
331957750,1,3,1.4310242,-5.623506,-0.7640112
331957759,1,3,1.355581,-5.5073476,-0.97237796
331957769,1,3,1.4394068,-5.564828,-1.1975098
331957779,1,3,1.4429992,-5.7001467,-1.6717236
331957789,1,3,1.4130615,-6.204298,-1.83698
331957799,1,3,1.2058923,-6.974297,-1.8214123
331957809,1,3,1.162782,-8.060438,-1.8872753
331957819,1,3,1.0095007,-9.426797,-2.0824695
331957829,1,3,0.8981323,-10.433903,-1.8992505
331957838,1,3,0.81550413,-11.227852,-1.6262183
331957848,1,3,0.6322852,-11.840977,-1.9495459
331957858,1,3,0.7364685,-12.50799,-2.6728418
331957868,1,3,0.82747924,-13.354629,-3.4715807
331957878,1,3,0.9592053,-14.481485,-4.188889
331957888,1,3,1.033451,-15.992743,-4.5960426
331957898,1,3,1.0538086,-17.641714,-4.934938
331957908,1,3,1.0059083,-18.987715,-5.1552796
331957917,1,3,0.5281018,-20.095411,-5.7468495
331957927,1,3,-0.021555176,-21.100122,-6.219866
331957937,1,3,-0.8095166,-22.012625,-6.7850904
331957947,1,3,-1.289718,-22.444925,-7.219786
331957957,1,3,-1.6082556,-22.126389,-7.6556797
331957967,1,3,-1.7399817,-21.17317,-7.6233473
331957977,1,3,-1.83698,-20.088226,-7.322772
331957986,1,3,-2.2046156,-18.853594,-6.6354017
331957996,1,3,-2.6225464,-17.360298,-6.285729
331958006,1,3,-3.1350806,-15.712525,-6.011499
331958016,1,3,-3.3530273,-14.119838,-5.476212
331958026,1,3,-3.4572108,-12.668456,-4.748126
331958036,1,3,-3.075205,-11.2518015,-4.0188427
331958046,1,3,-2.811753,-9.768087,-3.4081128
331958056,1,3,-2.4932153,-8.361013,-2.8321106
331958065,1,3,-2.1794677,-7.195836,-2.3219714
331958075,1,3,-2.0046313,-6.171965,-1.84177
331958085,1,3,-1.7938696,-5.3121533,-1.4453943
331958095,1,3,-1.8154248,-4.5325747,-1.1280541
331958105,1,3,-1.651366,-3.8296363,-0.8813672
331958115,1,3,-1.53401,-3.1626234,-0.8238867
331958125,1,3,-1.287323,-2.6153612,-0.7113208
331958135,1,3,-1.1316468,-1.9782861,-0.82867676
331958144,1,3,-0.89932984,-1.4813195,-0.84424436
331958154,1,3,-0.7220984,-0.8681946,-0.7640112
331958164,1,3,-0.52570677,-0.21435425,-0.93286014
331958174,1,3,-0.4670288,0.38919067,-0.77957886
331958184,1,3,-0.2969824,0.92807007,-0.7209009
331958194,1,3,-0.2838098,1.1508069,-0.7711963
331958204,1,3,-0.23471192,1.3148657,-0.70533323
331958214,1,3,-0.22273682,1.2011023,-0.6143225
331958223,1,3,-0.21315674,1.0346484,-0.5903723
331958233,1,3,-0.25506958,0.75682616,-0.6143225
331958243,1,3,-0.45265868,0.6646179,-0.28500733
331958253,1,3,-0.8262817,0.52091676,0.27782226
331958263,1,3,-0.8813672,0.40954834,0.3065625
331958273,1,3,-0.89932984,-0.20836669,-0.613125
331958283,1,3,-0.9735754,-2.2249732,-2.0920496
331958293,1,3,-1.8166223,-6.1671753,-2.9183314
331958302,1,3,-3.2967443,-12.372671,-2.581831
331958312,1,3,-4.799619,-19.01885,-1.8848804
331958322,1,3,-5.412744,-22.42816,-3.2153137
331958332,1,3,-6.5156507,-22.920338,-4.5696974
331958342,1,3,-8.405321,-22.098845,-5.2415004
331958352,1,3,-10.1189575,-21.824615,-5.9348583
331958362,1,3,-11.875705,-22.435345,-5.1361194
331958372,1,3,-12.30082,-22.777834,-3.5003211
331958381,1,3,-11.540401,-21.79348,-1.712439
331958391,1,3,-10.13213,-20.162472,-0.6873706
331958401,1,3,-8.814869,-18.573376,0.123343505
331958411,1,3,-7.595804,-16.754358,0.014370117
331958421,1,3,-6.6258216,-15.469431,-0.7723938
331958431,1,3,-6.023474,-14.73895,-1.0981164
331958441,1,3,-5.1504893,-14.500646,-1.4789245
331958451,1,3,-4.0020776,-14.504238,-1.4334192
331958460,1,3,-2.6644592,-14.194083,-1.5878979
331958470,1,3,-1.0502161,-13.25763,-1.9291883
331958480,1,3,0.59635985,-12.0253935,-2.0537293
331958490,1,3,2.0213964,-10.429112,-2.1411474
331958500,1,3,2.9135413,-8.932225,-2.2800586
331958510,1,3,3.319497,-7.765851,-2.3674767
331958520,1,3,3.2093263,-6.927594,-2.4357347
331958548,1,3,2.842888,-6.3611717,-2.3147864
331958558,1,3,2.398612,-5.555248,-2.15432
331958568,1,3,2.1159997,-4.782854,-2.1016297
331958577,1,3,2.1016297,-3.854784,-2.027384
331958587,1,3,2.3543043,-3.08239,-1.9603235
331958597,1,3,2.45729,-2.5387206,-1.5783179
331958607,1,3,2.410587,-2.3770568,-0.9807605
331958617,1,3,2.2357507,-2.3638842,-0.671803
331958627,1,3,1.9447559,-2.3447242,-0.66940796
331958637,1,3,1.4238391,-2.3662794,-0.6873706
331958647,1,3,0.8202942,-1.971101,-0.5161267
331958656,1,3,0.5161267,-1.6884887,-0.92807007
331958666,1,3,0.39757323,-1.6082556,-1.5435901
331958676,1,3,0.3305127,-1.7028589,-1.961521
331958686,1,3,0.5340893,-2.0609143,-2.7351122
331958696,1,3,0.554447,-2.5662634,-3.3482373
331958706,1,3,0.5221143,-3.7517982,-3.9122643
331958716,1,3,0.040715333,-5.252278,-4.113446
331958726,1,3,-0.1963916,-7.6161623,-4.1397915
331958735,1,3,-0.5400769,-10.705737,-4.099076
331958745,1,3,-1.1843371,-13.352234,-2.623744
331958755,1,3,-1.8273998,-15.174844,-2.5315356
331958765,1,3,-2.227368,-16.66335,-3.7577856
331958775,1,3,-2.4728577,-17.635727,-3.749403
331958785,1,3,-3.4811609,-18.036892,-3.1745985
331958795,1,3,-4.491859,-18.556612,-3.9649549
331958805,1,3,-5.676196,-18.836828,-3.9098694
331958814,1,3,-6.157595,-18.242865,-3.6679723
331958824,1,3,-5.716912,-16.720829,-3.7517982
331958834,1,3,-4.7696815,-15.401173,-3.8428087
331958844,1,3,-3.923042,-14.338982,-3.69791
331958854,1,3,-2.9530592,-13.6504135,-3.617677
331958864,1,3,-2.3686743,-13.206138,-3.634442
331958874,1,3,-2.078877,-12.953464,-3.6679723
331958884,1,3,-2.0944445,-12.5882225,-3.4667907
331958893,1,3,-2.0249891,-12.055331,-3.3386571
331958903,1,3,-1.9232007,-11.158396,-2.7315197
331958913,1,3,-1.6405884,-10.466235,-2.2393432
331958923,1,3,-1.289718,-9.601633,-1.6346009
331958933,1,3,-0.8586145,-8.913065,-1.113684
331958943,1,3,-0.554447,-8.0580435,-0.50774413
331958953,1,3,-0.5879773,-7.2365513,-0.04790039
331958962,1,3,-0.59276736,-6.245013,0.031135254
331958972,1,3,-0.5939648,-5.2115626,0.15208374
331958982,1,3,-0.5903723,-4.4259963,0.0071850587
331958992,1,3,-0.8202942,-3.6655774,-0.2933899
331959002,1,3,-0.61073,-3.270399,-0.3676355
331959012,1,3,-0.2969824,-2.982997,-0.9951306
331959022,1,3,-0.21195923,-3.0380824,-1.2118798
331959032,1,3,-0.2706372,-3.2763867,-1.348396
331959041,1,3,-0.3580554,-3.6799476,-1.0885364
331959051,1,3,-0.6095325,-4.411626,-1.0262659
331959061,1,3,-0.97477293,-5.151687,-0.9508228
331959071,1,3,-1.3735437,-5.6905665,-0.7640112
331959081,1,3,-1.4920971,-6.175558,-0.8454419
331959091,1,3,-1.585503,-6.324049,-0.674198
331959101,1,3,-1.3579761,-6.9503465,-0.88735473
331959111,1,3,-1.7136365,-7.6245446,-0.8071216
331959120,1,3,-1.8142273,-8.249645,-1.1436218
331959130,1,3,-1.9267932,-9.031619,-1.653761
331959140,1,3,-2.2944288,-9.741742,-1.7878821
331959150,1,3,-2.4345374,-10.630294,-2.010619
331959160,1,3,-2.838098,-11.312875,-2.0094213
331959170,1,3,-3.2368689,-11.811039,-2.032174
331959180,1,3,-3.5482213,-12.357103,-1.411864
331959190,1,3,-4.040398,-12.361894,-0.8190967
331959199,1,3,-4.211642,-12.038566,-0.30895752
331959209,1,3,-4.3230104,-11.505673,-0.17603393
331959219,1,3,-4.517007,-11.144026,-0.37003052
331959229,1,3,-4.418811,-10.874586,-0.47421387
331959239,1,3,-4.230802,-10.748848,-0.85142946
331959249,1,3,-4.070336,-10.601554,-1.228645
331959259,1,3,-4.085903,-10.369237,-1.8154248
331959268,1,3,-3.8116736,-10.515333,-2.1064196
331959278,1,3,-3.7410204,-10.905722,-2.1040246
331959288,1,3,-3.6392322,-11.441009,-2.2309606
331959298,1,3,-3.6895275,-11.924802,-2.1627026
331959308,1,3,-3.6416273,-12.545113,-2.0525317
331959318,1,3,-3.570974,-12.745096,-1.8884729
331959328,1,3,-3.5482213,-12.884007,-1.9483484
331959338,1,3,-3.5278637,-12.939093,-1.8860779
331959347,1,3,-3.4488282,-12.943883,-1.9471508
331959357,1,3,-3.427273,-12.973821,-2.0728893
331959367,1,3,-3.2931519,-12.884007,-2.1878502
331959377,1,3,-3.2057335,-12.893588,-2.327959
331959387,1,3,-3.202141,-12.934303,-2.242936
331959397,1,3,-3.0907726,-13.146262,-1.9339783
331959407,1,3,-3.0308971,-13.325889,-1.9519409
331959417,1,3,-2.9243188,-13.258828,-1.8297949
331959426,1,3,-2.7662475,-12.701986,-1.7064514
331959436,1,3,-2.6560767,-11.862532,-1.3843213
331959446,1,3,-2.6860144,-10.869796,-0.8466394
331959456,1,3,-2.6093738,-9.411229,-0.0047900393
331959466,1,3,-2.4908204,-8.018525,0.90052736
331959476,1,3,-2.2980213,-6.603069,1.4932947
331959486,1,3,-2.046544,-5.252278,1.971101
331959496,1,3,-1.6166382,-4.064348,2.1112096
331959505,1,3,-1.0921289,-3.1745985,1.7914746
331959515,1,3,-0.49457154,-2.4776478,1.113684
331959525,1,3,-0.19758911,-1.9040406,0.62031007
331959535,1,3,-0.120948486,-2.0285816,0.22393432
331959545,1,3,-0.008382568,-2.4357347,-0.16166382
331959555,1,3,-0.12573853,-2.9770093,0.062270507
331959565,1,3,-0.04430786,-3.5901344,0.19758911
331959575,1,3,0.14010864,-4.2296047,-0.42751098
331959584,1,3,0.2814148,-5.3205357,-1.2609777
331959594,1,3,0.041912843,-6.932384,-2.264491
331959604,1,3,-0.41433838,-8.88672,-3.253634
331959614,1,3,-0.9089099,-11.802656,-4.0679407
331959624,1,3,-1.7483642,-15.110178,-3.8751416
331959634,1,3,-2.3626869,-17.627344,-3.2105236
331959644,1,3,-2.7925928,-18.297949,-3.3877552
331959653,1,3,-3.3314722,-17.640516,-4.2499623
331959663,1,3,-4.0392003,-16.53761,-4.64514
331959673,1,3,-4.9433203,-15.900535,-4.5074267
331959683,1,3,-5.6175184,-16.08974,-4.5529323
331959693,1,3,-5.971981,-16.192726,-4.860692
331959703,1,3,-6.018684,-15.889757,-5.980364
331959713,1,3,-6.029462,-15.352076,-7.1635036
331959723,1,3,-5.8953404,-14.603632,-8.441246
331959732,1,3,-5.4235215,-13.704302,-8.86277
331959742,1,3,-4.685856,-12.894785,-8.562195
331959752,1,3,-3.805686,-12.2577095,-7.8317137
331959762,1,3,-2.9638367,-12.014615,-7.0090246
331959772,1,3,-1.8094373,-11.734398,-6.3671594
331959782,1,3,-0.9592053,-11.752361,-5.652246
331959792,1,3,-0.16166382,-11.691288,-4.6882505
331959802,1,3,0.5017566,-11.8002615,-3.9948926
331959811,1,3,1.033451,-11.563154,-2.9303064
331959821,1,3,2.0261865,-11.018288,-2.6632617
331959831,1,3,2.7770252,-10.21835,-2.3123913
331959841,1,3,3.925437,-9.284293,-1.4693445
331959851,1,3,5.6151233,-8.048463,0.08861572
331959861,1,3,7.162306,-7.019802,1.3244458
331959871,1,3,7.865244,-5.8737855,1.6190332
331959881,1,3,8.080796,-4.3026524,1.2597803
331959890,1,3,7.33834,-2.9650342,0.47660887
331959900,1,3,7.0066295,-1.1687695,-0.32093263
331959923,1,3,6.629414,0.020357667,-0.8202942
331959933,1,3,6.413862,0.6215076,-1.0035132
331959942,1,3,6.3300366,0.8825647,-0.32811767
331959952,1,3,5.7851696,0.27542725,0.7472461
331959962,1,3,5.1935997,-0.38919067,1.2945081
331959972,1,3,4.6104126,-0.78915894,1.465752
331959982,1,3,3.984115,-1.4873071,0.6167175
331959992,1,3,3.3626075,-2.4752526,-0.5173242
331960002,1,3,2.6812243,-3.4775684,-1.5280224
331960012,1,3,2.0621119,-4.540957,-2.1902454
331960021,1,3,1.5735278,-5.410349,-2.3950195
331960031,1,3,1.0897338,-6.4306273,-2.3052063
331960041,1,3,0.13172607,-7.195836,-2.327959
331960051,1,3,-1.1208692,-8.317903,-3.911067
331960061,1,3,-2.0094213,-11.038645,-6.844966
331960071,1,3,-3.0668225,-14.882651,-7.406598
331960081,1,3,-4.5936475,-17.991386,-5.2558703
331960090,1,3,-6.035449,-20.483404,-4.7086086
331960100,1,3,-7.643705,-21.815035,-5.403164
331960110,1,3,-8.702304,-21.54799,-6.219866
331960120,1,3,-9.075927,-21.676125,-6.6569567
331960130,1,3,-9.211246,-22.691612,-5.9707837
331960140,1,3,-8.710686,-22.842499,-4.5912523
331960150,1,3,-8.169412,-21.915627,-3.4152977
331960160,1,3,-8.076006,-20.351679,-2.8536658
331960169,1,3,-8.31431,-18.780546,-2.6812243
331960179,1,3,-8.211325,-17.494421,-2.626139
331960189,1,3,-7.8077636,-16.653769,-2.586621
331960199,1,3,-7.0174074,-15.743661,-2.6488917
331960209,1,3,-6.0617943,-14.756913,-2.44292
331960219,1,3,-5.180427,-14.001285,-1.7723144
331960229,1,3,-4.3062453,-12.467274,-0.4406836
331960239,1,3,-3.3889527,-10.213561,0.6274951
331960248,1,3,-3.0596375,-7.3299575,2.0261865
331960258,1,3,-3.0285022,-4.1098537,3.1674132
331960271,1,3,-2.7542725,-0.91250247,3.2452514
331960281,1,3,-2.7075696,2.4069946,2.1387525
331960291,1,3,-2.6488917,5.9037232,0.5987549
331960301,1,3,-1.7974621,8.073611,-0.42511597
331960311,1,3,-1.0777588,8.070019,-0.5987549
331960321,1,3,-0.37841308,7.08327,1.1220666
331960330,1,3,-0.0071850587,7.220984,2.8967762
331960340,1,3,0.42032593,8.681946,3.742218
331960350,1,3,0.24069947,10.086625,3.4655933
331960360,1,3,-0.32572266,10.441088,2.5938063
331960370,1,3,-0.85142946,9.192085,1.7603394
331960380,1,3,-0.91489744,7.0796776,0.7640112
331960390,1,3,-1.1364368,4.472699,-1.0166858
331960400,1,3,-1.3064831,0.34488282,-4.0344105
331960409,1,3,-2.2165906,-6.671327,-5.436694
331960419,1,3,-4.2391844,-16.034657,-5.994734
331960429,1,3,-6.8018556,-24.830364,-6.3204565
331960439,1,3,-8.489147,-33.24886,-9.619596
331960449,1,3,-11.152409,-39.15857,-10.946437
331960459,1,3,-15.713723,-39.15857,-9.950109
331960469,1,3,-16.790285,-34.138607,-7.9837976
331960479,1,3,-16.015495,-27.37148,-6.849756
331960488,1,3,-12.103231,-22.201832,-6.2569885
331960498,1,3,-7.67484,-19.279907,-6.13604
331960508,1,3,-4.5445495,-17.57705,-5.773195
331960518,1,3,-2.5566833,-16.117285,-6.2031007
331960528,1,3,-1.3172607,-15.044315,-6.807843
331960538,1,3,-1.4944922,-15.59517,-8.206534
331960548,1,3,-1.1172767,-16.823814,-9.054371
331960558,1,3,-1.035846,-17.724342,-8.776549
331960567,1,3,-0.14968872,-16.622633,-8.108338
331960577,1,3,1.0262659,-14.106665,-8.311915
331960587,1,3,2.577041,-10.467433,-8.070019
331960597,1,3,3.67875,-6.974297,-6.7264123
331960607,1,3,4.946913,-3.812871,-5.415139
331960617,1,3,6.170768,-1.1855347,-4.7385464
331960627,1,3,7.1838613,0.9089099,-3.3398547
331960637,1,3,7.7251353,1.9782861,-1.9531385
331960646,1,3,7.442523,2.5243506,-0.85023195
331960656,1,3,6.2713585,2.6524842,0.5412744
331960666,1,3,4.926555,2.7949877,1.5148499
331960680,1,3,4.0511756,3.0344896,2.215393
331960690,1,3,3.7601807,3.4871485,2.7375073
331960699,1,3,3.6536024,3.7170703,3.0392797
331960709,1,3,3.1470556,3.4117053,3.2320788
331960719,1,3,2.396217,2.8416908,3.060835
331960729,1,3,1.4585669,2.5578809,2.44292
331960739,1,3,0.6993457,2.4656725,1.5711328
331960749,1,3,0.0011975098,2.4513025,0.17244141
331960759,1,3,-0.7843689,1.7256116,-1.2693603
331960769,1,3,-1.5651453,-0.07544312,-1.9351758
331960778,1,3,-2.2357507,-3.436853,-1.8549427
331960788,1,3,-3.3745825,-7.599397,-1.3747412
331960798,1,3,-4.4032435,-11.068583,-0.9508228
331960808,1,3,-4.343368,-12.947475,-2.633324
331960818,1,3,-3.9266346,-15.137721,-4.7038183
331960828,1,3,-3.5314562,-16.747173,-5.046306
331960838,1,3,-3.551814,-17.756676,-4.6619053
331960848,1,3,-4.525389,-18.57218,-3.7793407
331960857,1,3,-5.6019506,-19.093096,-2.9303064
331960867,1,3,-5.933661,-18.329084,-2.386637
331960877,1,3,-5.5540504,-17.235758,-2.8452833
331960887,1,3,-4.8020144,-16.536413,-3.1350806
331960897,1,3,-3.8631666,-15.749648,-3.6500099
331960907,1,3,-3.1243029,-15.440691,-4.355343
331960917,1,3,-2.6764343,-15.60475,-4.7253737
331960927,1,3,-2.626139,-15.944842,-4.269122
331960936,1,3,-2.9686267,-16.33523,-3.3913476
331960946,1,3,-3.1757958,-16.161592,-2.5219555
331960956,1,3,-3.1255004,-15.405963,-1.6310083
331960966,1,3,-2.7327173,-14.880257,-0.61552
331960976,1,3,-2.398612,-14.446758,0.41912842
331960986,1,3,-1.9399658,-13.941409,1.289718
331960996,1,3,-1.775907,-13.001364,1.6477734
331961006,1,3,-1.961521,-11.633807,1.3232483
331961015,1,3,-2.1962328,-10.327324,0.7532337
331961028,1,3,-2.5518932,-9.093889,0.40236327
331961038,1,3,-3.05365,-7.877219,-0.20477417
331961048,1,3,-3.4356556,-6.807843,-0.4754114
331961058,1,3,-3.629652,-6.0198817,-0.9508228
331961068,1,3,-3.7721558,-5.464237,-0.9460327
331961078,1,3,-3.6955152,-4.9672704,-0.8310718
331961087,1,3,-3.615282,-4.6810656,-0.7735913
331961097,1,3,-3.490741,-4.3373804,-0.6490503
331961107,1,3,-3.246449,-3.8188586,-0.6873706
331961117,1,3,-3.006947,-3.2955468,-1.099314
331961127,1,3,-2.814148,-2.887196,-1.4358143
331961137,1,3,-2.535128,-2.5027955,-1.8884729
331961147,1,3,-2.2417383,-2.2752686,-2.13037
331961157,1,3,-1.9124231,-1.9902612,-2.347119
331961166,1,3,-1.5112573,-2.0309765,-2.3806493
331961176,1,3,-1.2561878,-2.0752845,-2.535128
331961186,1,3,-1.3136683,-2.335144,-2.6177564
331961196,1,3,-1.3807287,-2.811753,-2.753075
331961206,1,3,-1.2741504,-4.0176454,-2.75068
331961216,1,3,-1.3591735,-6.1348424,-2.2453308
331961226,1,3,-1.4968872,-8.465197,-1.5627502
331961236,1,3,-1.6669335,-10.796748,-1.7998571
331961245,1,3,-2.4836352,-13.208532,-2.3339465
331961255,1,3,-3.7506006,-16.040644,-2.626139
331961265,1,3,-4.998406,-18.92784,-3.5278637
331961275,1,3,-5.981561,-21.098925,-4.6343627
331961285,1,3,-6.6114516,-22.01023,-5.3828063
331961295,1,3,-6.636599,-21.929996,-5.7863674
331961305,1,3,-6.3863196,-21.652174,-6.268964
331961314,1,3,-5.8833656,-21.464165,-5.9348583
331961324,1,3,-5.5588403,-20.86062,-5.395979
331961334,1,3,-5.2917957,-19.69664,-4.4810815
331961344,1,3,-4.8714695,-18.093176,-3.612887
331961354,1,3,-4.1373963,-15.894547,-2.6213489
331961364,1,3,-3.3182995,-14.088702,-1.6429834
331961374,1,3,-2.4800427,-12.66606,-1.5244299
331961384,1,3,-1.780697,-11.8074465,-1.2657678
331961393,1,3,-1.228645,-11.226654,-1.1280541
331961403,1,3,-0.920885,-10.637479,-1.3004956
331961413,1,3,-0.7256909,-9.889035,-1.2466077
331961423,1,3,-0.735271,-8.9442005,-0.9915381
331961433,1,3,-0.95321774,-8.005353,-1.0801538
331961443,1,3,-1.0837463,-6.946754,-1.1460168
331961453,1,3,-1.4178516,-5.989944,-1.1232642
331961463,1,3,-1.5423926,-5.1289344,-1.3495935
331961472,1,3,-1.5531702,-4.5325747,-1.4813195
331961482,1,3,-1.7471668,-4.0906935,-1.4885046
331961492,1,3,-1.8429675,-4.1469765,-1.84656
331961502,1,3,-2.081272,-4.502637,-2.2141955
331961512,1,3,-2.4321423,-4.9373326,-1.2561878
331961522,1,3,-2.821333,-5.421127,-0.30776
331961532,1,3,-3.0500574,-6.1420274,0.45026368
331961542,1,3,-3.1051428,-6.7850904,0.76760375
331961551,1,3,-3.2260914,-7.0078273,0.8418494
331961561,1,3,-3.3925452,-6.5192432,0.8945398
331961571,1,3,-3.3506324,-5.997129,1.0322534
331961581,1,3,-3.0332923,-6.053412,1.233435
331961591,1,3,-2.9865894,-7.2161937,1.4561719
331961601,1,3,-3.1530433,-8.855585,2.078877
331961611,1,3,-3.0273046,-9.489067,1.8872753
331961621,1,3,-2.682422,-9.59325,1.2406201
331961630,1,3,-2.1998255,-9.538165,0.5616321
331961640,1,3,-1.6753162,-9.637559,0.28500733
331961650,1,3,-0.9448352,-9.20885,0.4394861
331961660,1,3,-0.23830444,-8.950188,0.68497556
331961670,1,3,0.17004639,-9.080716,1.0442286
331961680,1,3,0.35087037,-9.637559,1.8309925
331961690,1,3,0.183219,-9.916578,2.318379
331961700,1,3,0.031135254,-9.660312,2.205813
331961709,1,3,0.16645385,-9.0639515,1.8776953
331961719,1,3,0.29578492,-8.489147,1.4897021
331961729,1,3,0.60234743,-8.041278,1.4250367
331961739,1,3,0.7364685,-7.8963795,1.4801221
331961749,1,3,0.81550413,-7.947872,1.2741504
331961759,1,3,0.613125,-8.000563,1.1520044
331961769,1,3,0.30296996,-8.363408,0.5017566
331961779,1,3,0.35925293,-8.425678,0.13412109
331961788,1,3,0.9340576,-8.794512,-0.09220825
331961798,1,3,1.5100598,-9.368119,0.13052857
331961808,1,3,2.0249891,-10.18482,-0.05508545
331961818,1,3,2.274071,-10.957214,-0.05987549
331961828,1,3,1.9531385,-11.746373,-0.6262976
331961838,1,3,1.4010864,-12.121194,-0.9292676
331961848,1,3,0.59635985,-12.347523,-0.76640624
331961857,1,3,0.009580079,-12.821737,-0.81550413
331961867,1,3,-0.3676355,-12.852872,-0.6430628
331961877,1,3,-0.0490979,-12.0253935,-0.7879614
331961887,1,3,0.55923706,-10.944042,-0.76760375
331961897,1,3,1.2442126,-10.102192,-0.7364685
331961907,1,3,1.7603394,-9.644744,-0.8418494
331961917,1,3,2.13037,-9.546548,-0.53169435
331961927,1,3,1.8812878,-9.152567,-0.25267455
331961936,1,3,1.9507434,-8.475974,0.0047900393
331961946,1,3,1.7591418,-8.225695,-0.549657
331961956,1,3,1.7435743,-8.31431,-1.2058923
331961966,1,3,2.039359,-8.406519,-1.5819104
331961976,1,3,2.337539,-8.410111,-1.9040406
331961986,1,3,2.6057813,-8.798104,-2.5099804
331961996,1,3,2.254911,-9.170529,-2.5075855
331962006,1,3,1.1975098,-9.534573,-2.2525158
331962015,1,3,0.4047583,-10.078242,-2.4117846
331962025,1,3,0.28859985,-10.306967,-2.5758436
331962035,1,3,0.65623534,-10.001601,-2.8416908
331962045,1,3,1.421444,-9.866283,-2.682422
331962055,1,3,1.9842737,-9.932146,-2.3698719
331962065,1,3,2.4022045,-10.206376,-2.1100123
331962075,1,3,2.525548,-10.928474,-1.648971
331962085,1,3,2.4525,-11.44939,-1.2406201
331962094,1,3,2.3483167,-11.872112,-1.341211
331962104,1,3,2.3159838,-12.0816765,-1.1783496
331962114,1,3,2.811753,-11.971505,-1.4034815
331962124,1,3,3.382965,-11.829001,-1.5663428
331962134,1,3,3.8655615,-12.028986,-1.6477734
331962144,1,3,4.157754,-12.384646,-1.6238233
331962154,1,3,4.267925,-12.772639,-1.531615
331962164,1,3,4.317023,-13.048066,-1.3124707
331962173,1,3,4.006868,-13.558206,-1.1567944
331962183,1,3,3.6751575,-14.595249,-1.0861413
331962193,1,3,2.9171338,-15.786771,-0.54247195
331962203,1,3,2.0441492,-16.557968,0.27422974
331962213,1,3,1.350791,-16.80226,0.6095325
331962223,1,3,0.5412744,-16.930393,0.6969507
331962233,1,3,-0.45265868,-17.368681,0.6861731
331962243,1,3,-1.3172607,-17.615368,0.26225463
331962252,1,3,-2.1842577,-16.481327,0.58079225
331962262,1,3,-3.3662,-14.905404,0.9915381
331962272,1,3,-5.3684363,-14.02284,1.9279907
331962282,1,3,-6.75635,-13.073215,1.9675086
331962292,1,3,-7.618557,-11.660152,2.3327491
331962302,1,3,-9.220825,-10.669812,2.7147546
331962312,1,3,-10.268646,-9.419612,3.1614258
331962322,1,3,-10.542876,-7.707173,3.4200878
331962331,1,3,-9.606423,-6.610254,2.6512866
331962341,1,3,-8.081993,-4.6104126,1.6058606
331962351,1,3,-6.8964586,-3.2596216,0.66701293
331962361,1,3,-6.0641894,-2.743495,0.19160156
331962371,1,3,-4.790039,-2.5554857,-0.85502195
331962381,1,3,-3.2955468,-1.9040406,-1.9854712
331962391,1,3,-1.9076331,-1.5112573,-2.9099488
331962401,1,3,-0.8466394,-1.5890955,-3.7805383
331962410,1,3,-0.33530274,-2.391427,-3.993695
331962420,1,3,-0.09101074,-3.1051428,-4.3768983
331962430,1,3,0.033530273,-2.858456,-5.197192
331962440,1,3,0.039517824,-2.151925,-5.9372535
331962450,1,3,0.010777588,-1.5100598,-6.267766
331962460,1,3,-0.068258055,-0.8454419,-6.375542
331962470,1,3,0.07304809,-0.39757323,-6.364764
331962479,1,3,-0.10298584,-0.19160156,-5.706134
331962489,1,3,-0.35087037,-0.37721556,-5.5049524
331962499,1,3,-0.8849597,-0.8981323,-5.6714063
331962509,1,3,-1.3543836,-1.6226257,-5.400769
331962519,1,3,-1.902843,-3.0644274,-5.0067883
331962529,1,3,-2.4441175,-4.508624,-4.1565566
331962539,1,3,-2.6165588,-5.3852015,-3.5122962
331962549,1,3,-2.75547,-6.3994923,-2.9183314
331962558,1,3,-2.9159362,-7.6053843,-2.8979735
331962568,1,3,-3.2668066,-8.582553,-3.556604
331962578,1,3,-3.302732,-9.354946,-4.380491
331962588,1,3,-3.3877552,-9.917776,-4.863087
331962598,1,3,-3.7973034,-10.599159,-5.380411
331962608,1,3,-4.538562,-11.874507,-5.779182
331962618,1,3,-5.379214,-13.072017,-5.882168
331962628,1,3,-6.1671753,-14.07074,-5.933661
331962652,1,3,-6.9527416,-14.526991,-5.9192905
331962662,1,3,-7.6940002,-14.327007,-5.273833
331962672,1,3,-8.29994,-13.553415,-4.3050475
331962682,1,3,-8.589738,-12.624148,-3.6428246
331962692,1,3,-8.513097,-12.082873,-3.2272887
331962702,1,3,-8.444839,-11.910432,-3.4188905
331962711,1,3,-8.673563,-11.698473,-3.7565882
331962721,1,3,-8.814869,-11.466156,-4.190087
331962731,1,3,-9.083112,-11.8637295,-4.5325747
331962741,1,3,-9.303453,-12.172687,-4.990023
331962751,1,3,-9.283095,-12.502002,-5.483397
331962761,1,3,-9.417217,-12.840898,-5.8785753
331962771,1,3,-9.328601,-13.103152,-6.2150755
331962781,1,3,-9.327404,-13.285173,-6.1671753
331962790,1,3,-9.301059,-13.1762,-6.0809546
331962800,1,3,-9.243578,-13.036091,-5.503755
331962810,1,3,-8.932225,-12.52236,-5.060676
331962820,1,3,-8.159832,-11.769126,-4.164939
331962830,1,3,-7.5359287,-11.224259,-3.5350487
331962840,1,3,-6.8258057,-10.475816,-2.8812084
331962850,1,3,-6.204298,-9.684261,-2.384242
331962859,1,3,-5.629493,-8.92504,-2.2010229
331962869,1,3,-5.1935997,-8.0305,-2.0142114
331962879,1,3,-4.821174,-7.218589,-1.7878821
331962889,1,3,-4.5613146,-6.268964,-1.5184424
331962899,1,3,-4.437971,-5.3540664,-1.4501843
331962909,1,3,-4.5134144,-4.5565248,-1.3891113
331962919,1,3,-4.639153,-3.822451,-1.353186
331962929,1,3,-4.8235693,-3.4308655,-1.4873071
331962938,1,3,-4.8594947,-2.8392956,-1.8405725
331962948,1,3,-5.013973,-2.4656725,-2.5147705
331962958,1,3,-5.0870214,-2.6297314,-2.6608667
331962968,1,3,-5.540878,-4.2643323,-1.0262659
331962978,1,3,-6.4665527,-7.9442797,1.1879296
331962988,1,3,-8.113129,-12.428954,2.513573
331962998,1,3,-9.022038,-14.640755,1.4166541
331963008,1,3,-9.715397,-13.076807,0.12933105
331963017,1,3,-9.541758,-9.932146,-1.2082874
331963027,1,3,-7.94907,-7.763456,-2.269281
331963037,1,3,-6.3180614,-7.1611085,-2.7135572
331963047,1,3,-4.883445,-7.435338,-1.8214123
331963057,1,3,-3.7434156,-8.317903,-0.20237915
331963067,1,3,-3.2045362,-9.547746,1.5148499
331963077,1,3,-2.9770093,-10.5057535,2.933899
331963087,1,3,-2.7866051,-11.117681,3.8044884
331963096,1,3,-3.0380824,-11.158396,3.8320312
331963106,1,3,-3.3578174,-10.6817875,3.359015
331963116,1,3,-3.5578015,-10.606344,2.9003687
331963126,1,3,-3.4081128,-11.764336,1.9351758
331963136,1,3,-2.706372,-12.678036,0.9077124
331963146,1,3,-1.9088305,-12.537928,0.21315674
331963156,1,3,-0.91609496,-11.855347,-0.43469605
331963166,1,3,-0.09340576,-11.365565,-0.8945398
331963175,1,3,0.8250842,-11.07936,-1.6393908
331963185,1,3,1.3795313,-11.018288,-2.515968
331963195,1,3,1.6741186,-11.284135,-3.011737
331963205,1,3,1.6872913,-12.688813,-3.497926
331963215,1,3,2.0896544,-14.79164,-4.2487645
331963225,1,3,2.6584716,-16.323256,-5.3780165
331963235,1,3,3.2308815,-17.387842,-7.3215747
331963245,1,3,3.3159046,-18.660795,-8.594527
331963254,1,3,2.7662475,-20.960014,-9.069939
331963264,1,3,1.7998571,-22.613775,-9.348959
331963274,1,3,0.6394702,-23.333477,-10.071057
331963284,1,3,0.11376343,-22.55869,-10.95482
331963294,1,3,0.3676355,-20.696562,-11.00272
331963304,1,3,1.1232642,-18.794916,-10.389595
331963314,1,3,1.5795153,-16.98548,-9.350156
331963324,1,3,1.4549744,-15.209572,-8.173004
331963333,1,3,0.92208254,-13.7066965,-7.5419164
331963343,1,3,0.16046631,-12.020603,-6.5120583
331963353,1,3,-0.3544629,-10.474618,-6.030659
331963363,1,3,-0.7232959,-8.819659,-5.0307384
331963373,1,3,-0.83825684,-7.203021,-3.866759
331963383,1,3,-0.9089099,-5.5780005,-2.8416908
331963393,1,3,-1.1448194,-4.047583,-2.1411474
331963403,1,3,-1.5004797,-2.6716442,-1.7962646
331963412,1,3,-1.9675086,-1.4310242,-1.5986755
331963422,1,3,-2.1698878,-0.44786865,-1.5447876
331963432,1,3,-2.1950355,0.23830444,-1.4920971
331963442,1,3,-2.081272,0.8083191,-0.96160036
331963452,1,3,-1.7531543,1.2729529,-0.46104127
331963462,1,3,-1.4358143,1.771117,-0.07185058
331963472,1,3,-0.92687255,2.3040087,0.35087037
331963481,1,3,-0.59516233,2.8392956,0.3436853
331963491,1,3,-0.3412903,3.1997461,0.21195923
331963501,1,3,-0.2802173,3.5290613,-0.24429199
331963511,1,3,-0.44427612,3.4799633,-0.52091676
331963521,1,3,-0.8370593,2.887196,-0.43469605
331963531,1,3,-1.3879138,1.8238074,0.11136841
331963541,1,3,-1.8800904,0.19998413,0.24788453
331963551,1,3,-2.2752686,-1.2669654,0.6394702
331963560,1,3,-2.682422,-2.5291407,1.0490185
331963570,1,3,-2.9865894,-3.5194812,1.104104
331963580,1,3,-3.0847852,-4.0727305,1.108894
331963590,1,3,-3.1734009,-4.798422,1.1795471
331963600,1,3,-2.9734168,-5.868995,0.6658154
331963610,1,3,-2.567461,-7.156318,-0.086220704
331963620,1,3,-2.2189856,-8.210127,-0.5604346
331963630,1,3,-1.9746937,-9.356144,-0.4790039
331963639,1,3,-1.5998731,-10.68059,-0.68377805
331963649,1,3,-1.5819104,-11.790681,-0.82268924
331963659,1,3,-1.7495618,-12.333153,-0.6286926
331963669,1,3,-1.961521,-12.649296,-0.7652087
331963679,1,3,-2.3686743,-13.066029,-1.2058923
331963689,1,3,-2.9446764,-13.559403,-1.4513818
331963699,1,3,-3.4081128,-14.189293,-1.8585352
331963709,1,3,-3.453618,-14.590459,-2.203418
331963718,1,3,-3.5110986,-14.928157,-2.1124072
331963728,1,3,-3.378175,-15.237114,-2.3028114
331963738,1,3,-3.2081287,-15.532899,-2.2776635
331963748,1,3,-3.2608192,-15.440691,-2.3638842
331963758,1,3,-3.4164953,-15.469431,-2.706372
331963768,1,3,-3.605702,-15.443086,-3.006947
331963778,1,3,-3.857179,-15.6059475,-2.7279272
331963787,1,3,-3.838019,-15.550861,-2.8201356
331963808,1,3,-3.6116896,-15.675403,-2.955454
331963818,1,3,-3.2692018,-15.566429,-2.8919861
331963827,1,3,-2.9374914,-15.039525,-3.1805859
331963837,1,3,-2.6644592,-14.155763,-3.671565
331963847,1,3,-2.7494824,-13.226496,-4.1385937
331963857,1,3,-2.863246,-12.770245,-4.484674
331963867,1,3,-2.9542565,-12.321178,-4.7253737
331963877,1,3,-3.119513,-11.819422,-4.8942223
331963887,1,3,-2.9638367,-11.3643675,-5.031936
331963897,1,3,-2.762655,-10.898537,-5.005591
331963906,1,3,-2.3698719,-10.511741,-4.8966174
331963916,1,3,-1.9363732,-10.290201,-4.581672
331963926,1,3,-1.658551,-10.057884,-4.1924815
331963936,1,3,-1.3495935,-9.701027,-3.747008
331963946,1,3,-1.1364368,-9.2890835,-3.4596057
331963956,1,3,-0.8346643,-8.772957,-3.1769934
331963966,1,3,-0.5879773,-8.065228,-3.004552
331963975,1,3,-0.42272094,-7.36229,-2.8907886
331963985,1,3,-0.23471192,-6.9120264,-2.809358
331963995,1,3,-0.067060545,-6.42943,-2.6417065
331964005,1,3,0.039517824,-5.9468336,-2.858456
331964015,1,3,0.04790039,-5.5851855,-2.9494665
331964025,1,3,0.0023950196,-5.247488,-2.7854078
331964035,1,3,-0.08023316,-5.1456995,-2.823728
331964045,1,3,-0.09939331,-5.1433043,-2.701582
331964054,1,3,-0.22513184,-4.956493,-2.4285498
331964064,1,3,-0.26225463,-4.6906457,-2.193838
331964074,1,3,-0.19878662,-4.1876917,-2.137555
331964084,1,3,-0.05149292,-3.434458,-2.1124072
331964094,1,3,-0.013172608,-2.982997,-2.3483167
331964104,1,3,-0.20836669,-2.9422815,-2.3531067
331964114,1,3,-0.38799316,-3.2811768,-2.7303224
331964124,1,3,-0.5412744,-3.6547997,-3.182981
331964133,1,3,-0.5831873,-3.605702,-3.3745825
331964143,1,3,-0.5113367,-3.9757323,-3.495531
331964153,1,3,-0.45026368,-4.6199927,-3.5721717
331964163,1,3,-0.3903882,-5.421127,-3.838019
331964173,1,3,-0.64186525,-6.3527894,-4.3218126
331964183,1,3,-1.0502161,-7.388635,-4.89063
331964193,1,3,-1.3172607,-8.438851,-5.47741
331964203,1,3,-1.592688,-9.637559,-5.748047
331964212,1,3,-1.7615368,-11.029065,-5.979166
331964222,1,3,-1.6310083,-12.607383,-5.725294
331964232,1,3,-1.5304174,-13.901891,-5.703739
331964242,1,3,-1.5902929,-15.079043,-5.9192905
331964252,1,3,-1.8130298,-16.106506,-6.0246716
331964262,1,3,-1.9818786,-16.672928,-5.7360716
331964272,1,3,-2.205813,-16.925604,-5.5923705
331964282,1,3,-2.4752526,-16.975899,-5.5756054
331964291,1,3,-2.1842577,-16.760347,-5.4534593
331964301,1,3,-2.034569,-16.865728,-5.5265074
331964311,1,3,-1.6777111,-16.959133,-5.149292
331964321,1,3,-1.8333875,-17.004639,-5.053491
331964331,1,3,-1.8657203,-17.016613,-4.5134144
331964341,1,3,-2.071692,-16.930393,-4.423601
331964351,1,3,-2.242936,-16.686102,-4.214037
331964361,1,3,-2.503993,-16.405884,-4.174519
331964370,1,3,-2.7913952,-15.784376,-3.622467
331964380,1,3,-3.011737,-15.41674,-3.3206947
331964390,1,3,-3.3721876,-14.988032,-2.7123597
331964400,1,3,-3.873944,-14.855108,-1.8513501
331964410,1,3,-4.4894643,-14.671889,-1.7663269
331964420,1,3,-5.078639,-14.608421,-2.7315197
331964430,1,3,-5.3875966,-14.4874735,-3.9877076
331964439,1,3,-5.8654027,-13.837225,-3.6512072
331964449,1,3,-6.9144216,-13.656402,-3.051255
331964459,1,3,-7.5754466,-13.687536,-1.7663269
331964469,1,3,-7.731123,-13.606106,-0.5676196
331964479,1,3,-7.5047936,-13.403727,0.8107141
331964489,1,3,-6.795868,-13.153447,1.8824854
331964499,1,3,-6.6641417,-13.020524,2.635719
331964509,1,3,-6.394702,-12.86365,2.6836195
331964518,1,3,-6.2090883,-12.809762,2.0058289
331964528,1,3,-6.45338,-12.624148,1.0585986
331964538,1,3,-6.6497717,-12.118799,0.15447876
331964548,1,3,-6.812633,-11.588302,-0.7137158
331964558,1,3,-6.551576,-10.854229,-1.0298584
331964568,1,3,-5.836663,-9.754914,-1.0310559
331964578,1,3,-4.790039,-8.454419,-0.7831714
331964588,1,3,-3.8535864,-7.37187,-0.4754114
331964597,1,3,-3.2320788,-6.308481,-0.029937744
331964607,1,3,-2.8321106,-5.0654664,0.41673338
331964617,1,3,-2.5339308,-3.7529955,0.3197351
331964627,1,3,-2.2046156,-2.45729,-0.064665526
331964637,1,3,-1.8585352,-1.4034815,-0.5448669
331964647,1,3,-1.8860779,-0.7652087,-0.97477293
331964657,1,3,-1.6010705,-0.22752686,-1.1687695
331964667,1,3,-1.350791,0.11975098,-1.1903247
331964676,1,3,-1.0825489,0.57959473,-1.0933264
331964686,1,3,-0.7592212,1.0801538,-0.857417
331964696,1,3,-0.37362304,1.6836988,-0.5760022
331964706,1,3,-0.05628296,2.1818628,-0.43589357
331964716,1,3,0.16166382,2.7686427,-0.43589357
331964726,1,3,0.29578492,3.1686108,-0.6861731
331964736,1,3,0.5412744,3.3506324,-1.1232642
331964746,1,3,0.6550378,3.2739916,-1.5843054
331964755,1,3,0.80113405,3.0344896,-1.9878662
331964765,1,3,0.7640112,2.5315356,-2.572251
331964775,1,3,0.87178713,2.0094213,-3.009342
331964785,1,3,0.9065149,1.3915063,-3.2308815
331964795,1,3,0.88855225,0.8298743,-3.4679883
331964805,1,3,0.803529,0.13651611,-3.4835558
331964815,1,3,0.7699988,-0.6873706,-3.4093103
331964825,1,3,0.7544311,-1.780697,-3.8799317
331964834,1,3,0.6095325,-3.930227,-4.770879
331964844,1,3,0.33410522,-6.4018874,-5.449867
331964854,1,3,-0.18800904,-8.880733,-5.037924
331964864,1,3,-0.7256909,-11.252999,-4.799619
331964874,1,3,-1.0238708,-13.070819,-4.775669
331964884,1,3,-0.791554,-14.747333,-5.606741
331964894,1,3,-0.7640112,-15.67181,-6.165978
331964904,1,3,-0.9448352,-16.26338,-6.4809227
331964913,1,3,-1.3400134,-16.91243,-6.514453
331964923,1,3,-2.262096,-17.295633,-5.716912
331964933,1,3,-3.0285022,-17.357904,-5.20318
331964943,1,3,-3.3961377,-17.354311,-4.766089
331964953,1,3,-3.3386571,-17.166302,-4.309838
331964963,1,3,-3.185376,-16.720829,-3.9721398
331964973,1,3,-2.8979735,-16.500486,-3.5817518
331964982,1,3,-2.7231371,-16.493301,-3.7721558
331964992,1,3,-3.1039453,-16.584312,-4.2487645
331965002,1,3,-3.3230896,-16.531622,-4.6822634
331965012,1,3,-3.5601966,-16.409477,-5.2654505
331965022,1,3,-3.485951,-16.10052,-5.6953564
331965032,1,3,-3.270399,-15.777191,-6.023474
331965042,1,3,-2.8392956,-15.377223,-6.218668
331965052,1,3,-2.3016138,-14.798825,-6.1863356
331965061,1,3,-1.7962646,-14.35934,-5.9204884
331965083,1,3,-1.5459851,-13.626464,-5.2091675
331965093,1,3,-1.6202307,-12.792996,-4.221222
331965103,1,3,-1.83698,-12.021801,-3.5877392
331965113,1,3,-2.13516,-11.561956,-3.0787976
331965122,1,3,-2.6177564,-11.618239,-2.647694
331965132,1,3,-2.8452833,-11.7511635,-2.7303224
331965142,1,3,-3.070415,-11.977492,-3.051255
331965152,1,3,-3.0237122,-12.449311,-3.5458264
331965162,1,3,-2.8225305,-13.358221,-3.7266505
331965172,1,3,-2.6021888,-14.71021,-3.810476
331965182,1,3,-2.7159522,-15.852634,-3.3482373
331965192,1,3,-2.7890003,-16.510067,-2.5447083
331965201,1,3,-3.0799952,-16.857346,-2.0381615
331965211,1,3,-3.5637891,-17.088465,-1.2274475
331965221,1,3,-4.4499464,-17.55669,-0.4035608
331965231,1,3,-5.4678297,-17.98061,0.2802173
331965241,1,3,-6.3767395,-18.289566,0.9939331
331965251,1,3,-7.270082,-18.141075,1.783092
331965261,1,3,-8.281978,-17.505198,2.5387206
331965270,1,3,-8.740623,-15.96999,2.7782226
331965280,1,3,-8.950188,-13.710289,3.0009594
331965290,1,3,-8.683144,-11.151211,3.1087353
331965300,1,3,-7.838899,-8.377778,3.133883
331965310,1,3,-6.558761,-5.9516234,2.2932312
331965320,1,3,-5.078639,-3.9733374,1.3280383
331965330,1,3,-3.7050953,-2.5530908,0.36404297
331965340,1,3,-2.4752526,-1.597478,-0.39877075
331965349,1,3,-1.4681469,-0.91010743,-1.1831397
331965359,1,3,-0.6011499,-0.24309449,-1.6082556
331965369,1,3,0.16166382,0.25027955,-1.7543519
331965379,1,3,0.64066774,0.75682616,-1.8046472
331965389,1,3,1.0142908,1.1208692,-1.5867004
331965399,1,3,1.155597,1.3879138,-1.5280224
331965409,1,3,1.1184741,1.7986597,-1.5076648
331965419,1,3,1.1472144,2.2213807,-2.0010388
331965428,1,3,1.2274475,2.5363257,-2.699187
331965438,1,3,1.5100598,2.7243347,-3.1494508
331965448,1,3,1.6836988,2.638114,-3.2440538
331965458,1,3,1.9806812,2.3076012,-3.3254845
331965468,1,3,2.0429516,1.8070422,-2.999762
331965478,1,3,1.9495459,1.3807287,-2.8536658
331965488,1,3,1.6765137,0.6753955,-2.7794201
331965498,1,3,1.1053015,-0.45744872,-2.9147387
331965507,1,3,0.5149292,-1.541195,-2.4824378
331965517,1,3,-0.022752685,-2.4525,-1.9818786
331965527,1,3,-0.4538562,-3.3506324,-1.9208057
331965537,1,3,-0.80472654,-4.267925,-2.3638842
331965547,1,3,-0.98674804,-5.661826,-2.9446764
331965557,1,3,-1.346001,-7.156318,-2.9674292
331965567,1,3,-1.6477734,-8.725056,-2.3507116
331965577,1,3,-1.8441651,-10.4638405,-2.0824695
331965586,1,3,-1.7256116,-11.626622,-2.3411317
331965596,1,3,-1.2549902,-12.451707,-2.642904
331965606,1,3,-1.1412268,-12.922328,-3.2236962
331965616,1,3,-1.5938855,-13.151052,-3.378175
331965626,1,3,-2.2632935,-13.363011,-3.0548475
331965636,1,3,-3.0596375,-13.730647,-2.7075696
331965646,1,3,-3.6045043,-14.038407,-2.3698719
331965656,1,3,-3.6260595,-14.535374,-2.0501368
331965665,1,3,-3.2248938,-14.968872,-1.6872913
331965675,1,3,-2.9207263,-15.180831,-1.663341
331965685,1,3,-2.6129663,-15.068265,-1.6884887
331965695,1,3,-2.494413,-14.701827,-1.9208057
331965705,1,3,-2.814148,-14.215638,-2.1962328
331965715,1,3,-3.3350646,-13.901891,-2.4141798
331965725,1,3,-3.7517982,-13.618081,-2.5339308
331965735,1,3,-4.045188,-13.77256,-2.623744
331965744,1,3,-4.1218286,-14.122232,-2.6979895
331965760,1,3,-4.167334,-14.416821,-2.5734484
331965770,1,3,-3.9314246,-14.532978,-2.694397
331965780,1,3,-3.9122643,-14.570102,-2.7794201
331965790,1,3,-4.1290135,-14.657519,-2.818938
331965800,1,3,-4.3565407,-15.191608,-2.638114
331965810,1,3,-4.8570995,-15.918497,-2.5950036
331965819,1,3,-5.3528686,-16.593893,-2.7494824
331965829,1,3,-5.6666164,-16.948357,-2.7027795
331965839,1,3,-5.891748,-16.972305,-2.3087988
331965849,1,3,-5.781577,-16.748371,-2.1040246
331965859,1,3,-5.726492,-16.055014,-1.4022839
331965869,1,3,-5.4750147,-15.215559,-0.44427612
331965879,1,3,-5.309758,-14.391672,0.48020142
331965889,1,3,-5.139712,-12.894785,1.1340418
331965898,1,3,-4.9612827,-11.311677,1.6369958
331965908,1,3,-4.8283596,-9.928554,1.8501526
331965918,1,3,-4.670288,-8.772957,1.9255958
331965928,1,3,-4.3373804,-8.007748,1.9040406
331965938,1,3,-3.930227,-7.373068,1.421444
331965948,1,3,-3.5398388,-7.066505,1.0250684
331965958,1,3,-3.1374755,-6.6821046,0.69455564
331965968,1,3,-2.7985804,-6.4330225,0.3065625
331965977,1,3,-2.6488917,-6.0965223,0.03592529
331965987,1,3,-2.6273365,-5.732479,-0.2203418
331965997,1,3,-2.7770252,-5.52052,-0.62390256
331966007,1,3,-2.9650342,-5.407954,-0.798739
331966017,1,3,-3.0883777,-5.190007,-1.0214758
331966027,1,3,-3.1530433,-5.093009,-1.3292358
331966037,1,3,-3.258424,-5.2319202,-1.4513818
331966047,1,3,-3.3841627,-5.4582496,-1.7471668
331966056,1,3,-3.5398388,-5.884563,-1.9902612
331966066,1,3,-3.6583924,-6.300099,-2.286046
331966076,1,3,-3.8452039,-6.7455726,-2.14474
331966086,1,3,-3.98651,-7.0533323,-1.9555335
331966096,1,3,-4.1218286,-7.5299416,-1.9172131
331966106,1,3,-4.1565566,-7.904762,-1.5423926
331966116,1,3,-4.2559495,-8.236472,-1.2813355
331966126,1,3,-4.0882983,-8.592133,-0.86699706
331966135,1,3,-4.077521,-9.201665,-0.6610254
331966145,1,3,-4.0655456,-9.783655,-0.52450925
331966155,1,3,-4.212839,-10.500963,-0.38440064
331966165,1,3,-4.4259963,-11.061398,-0.09340576
331966175,1,3,-4.6104126,-11.341615,0.14489868
331966185,1,3,-4.836742,-11.336825,0.04790039
331966195,1,3,-4.8942223,-11.057805,0.17244141
331966205,1,3,-4.863087,-10.705737,0.17124389
331966214,1,3,-4.9085927,-10.098599,0.16166382
331966224,1,3,-4.821174,-9.668694,0.31015503
331966234,1,3,-4.763694,-9.0004835,0.305365
331966244,1,3,-4.6092153,-8.458012,0.429906
331966254,1,3,-4.411626,-7.9718227,0.50774413
331966264,1,3,-4.1242237,-7.482041,0.71251833
331966274,1,3,-3.9050794,-7.0090246,0.9807605
331966284,1,3,-3.6320472,-6.4426026,1.0142908
331966293,1,3,-3.5266662,-6.023474,0.93884766
331966303,1,3,-3.36141,-5.5169277,0.8634045
331966313,1,3,-3.2751892,-5.0798364,0.6825806
331966323,1,3,-3.1494508,-4.4762917,0.3185376
331966333,1,3,-2.906356,-3.993695,0.07783814
331966343,1,3,-2.7494824,-3.7697608,-0.1951941
331966353,1,3,-2.6740394,-3.7973034,-0.20836669
331966363,1,3,-2.7734327,-4.030818,0.083825685
331966372,1,3,-2.8464806,-4.792434,0.28620484
331966382,1,3,-3.0296998,-5.677394,0.5149292
331966392,1,3,-3.265609,-6.7312026,0.803529
331966402,1,3,-3.7434156,-7.6005945,1.1232642
331966412,1,3,-4.0571632,-8.690329,1.1639795
331966422,1,3,-4.1948767,-9.956097,1.0621911
331966432,1,3,-4.6810656,-10.739267,1.223855
331966442,1,3,-4.693041,-10.899734,0.79993653
331966451,1,3,-4.575685,-10.475816,0.40954834
331966461,1,3,-4.5912523,-10.353669,0.19279908
331966471,1,3,-4.7912364,-10.933264,0.19040406
331966481,1,3,-5.0894165,-12.176279,0.30416748
331966491,1,3,-5.4259167,-13.658796,0.66342044
331966501,1,3,-5.6666164,-15.114968,1.045426
331966511,1,3,-5.6438637,-16.198715,1.4801221
331966521,1,3,-5.3265233,-16.55198,1.5519726
331966530,1,3,-4.4715014,-16.219072,1.5124549
331966540,1,3,-3.8020935,-15.602355,0.98794556
331966550,1,3,-3.0368848,-14.7688875,0.5508545
331966560,1,3,-2.2848487,-14.136602,0.07185058
331966570,1,3,-1.6717236,-13.711487,-0.5137317
331966580,1,3,-1.155597,-13.610896,-1.1448194
331966590,1,3,-0.5604346,-13.661191,-1.8585352
331966600,1,3,0.038320314,-14.046789,-2.6848168
331966609,1,3,0.5053491,-14.456338,-3.2931519
331966619,1,3,0.859812,-15.039525,-4.0332127
331966629,1,3,1.3759388,-15.714921,-4.2032595
331966639,1,3,1.5196398,-16.507671,-4.55892
331966649,1,3,1.5184424,-17.58064,-5.1049843
331966659,1,3,1.1663746,-18.44165,-5.325326
331966669,1,3,0.8969348,-18.823656,-5.52052
331966679,1,3,0.75083864,-18.473984,-5.7707996
331966688,1,3,0.7867639,-17.75428,-6.3276415
331966698,1,3,1.0095007,-16.948357,-7.0736904
331966708,1,3,1.3879138,-16.37954,-7.65089
331966718,1,3,1.8297949,-15.97478,-7.9203296
331966728,1,3,2.1782703,-15.512542,-8.086783
331966738,1,3,2.2561083,-14.817986,-7.682025
331966748,1,3,2.3782544,-14.007272,-7.1215906
331966758,1,3,2.3411317,-12.88281,-6.2869263
331966767,1,3,2.278861,-11.542797,-5.667814
331966777,1,3,2.198628,-10.11776,-4.756509
331966787,1,3,1.9088305,-8.608898,-4.1170387
331966797,1,3,1.8405725,-6.9659142,-3.4069152
331966807,1,3,1.7938696,-5.2019825,-2.7231371
331966817,1,3,1.7818946,-3.6991076,-2.374662
331966827,1,3,1.7938696,-2.1159997,-2.4776478
331966837,1,3,1.8094373,-0.69216067,-2.445315
331966846,1,3,1.6357983,0.21315674,-2.6464965
331966856,1,3,1.3364209,0.96040285,-2.635719
331966866,1,3,1.0741663,1.3376184,-2.4177723
331966876,1,3,0.8202942,1.4837146,-1.890868
331966886,1,3,0.62989014,1.5064673,-1.3256433
331966896,1,3,0.43110353,1.1999048,-0.7652087
331966906,1,3,0.18681152,0.9400452,-0.07185058
331966916,1,3,0.10059082,0.6658154,0.86220706
331966925,1,3,-0.18681152,0.47062135,0.5939648
331966935,1,3,-0.25506958,0.8430469,0.82268924
331966945,1,3,-0.5640271,0.8681946,0.4071533
331966955,1,3,-0.95441526,0.46104127,0.2969824
331966965,1,3,-1.3448035,-0.24548951,0.2945874
331966975,1,3,-1.6621436,-0.9675879,0.17363891
331966985,1,3,-1.890868,-1.9351758,-0.09101074
331966995,1,3,-2.0405567,-2.877616,-0.11735596
331967004,1,3,-2.3016138,-3.4045203,0.3580554
331967014,1,3,-2.3076012,-4.174519,0.20357665
331967024,1,3,-2.2249732,-5.1480947,-0.6646179
331967034,1,3,-2.323169,-5.8761806,-0.4047583
331967044,1,3,-2.3686743,-6.9503465,-0.7544311
331967054,1,3,-2.6225464,-8.267608,-0.79514647
331967064,1,3,-2.8416908,-9.472302,-0.7496411
331967073,1,3,-2.7267296,-10.74765,-0.8981323
331967083,1,3,-2.4345374,-12.036171,-1.2645704
331967093,1,3,-2.283651,-13.060041,-0.8705896
331967103,1,3,-2.3243666,-13.717474,-0.44547364
331967113,1,3,-2.4129822,-14.1378,-0.18681152
331967123,1,3,-2.5483007,-14.347364,-0.22992188
331967133,1,3,-2.5483007,-14.074332,0.1484912
331967143,1,3,-2.1171973,-14.263538,0.36045045
331967152,1,3,-2.1171973,-14.43598,-0.11376343
331967162,1,3,-1.5699353,-14.570102,-0.20716919
331967172,1,3,-1.1951147,-14.6671,-0.5712122
331967182,1,3,-0.96040285,-14.73895,-0.33889526
331967192,1,3,-0.68976563,-15.274237,-0.49936157
331967202,1,3,-0.63468015,-15.696958,-0.6334827
331967212,1,3,-0.56881714,-15.494579,-0.8909473
331967235,1,3,-0.38440064,-14.726975,-1.5795153
331967244,1,3,-0.26464966,-14.002481,-2.1315675
331967254,1,3,-0.0490979,-13.6575985,-2.513573
331967264,1,3,0.3939807,-13.1762,-2.318379
331967274,1,3,0.9089099,-12.737911,-2.6776319
331967284,1,3,1.4980847,-12.24334,-2.7219398
331967294,1,3,1.8585352,-11.831396,-3.0213172
331967304,1,3,1.9148182,-11.640992,-2.990182
331967313,1,3,1.8453625,-11.649375,-2.941084
331967323,1,3,1.8250049,-11.97869,-2.887196
331967333,1,3,1.7304016,-12.355906,-3.0871801
331967343,1,3,1.8130298,-12.662468,-3.0153296
331967353,1,3,2.1088147,-12.672049,-3.1793885
331967363,1,3,2.0992346,-12.669653,-3.187771
331967373,1,3,2.3207738,-12.412189,-3.4141004
331967383,1,3,2.3854394,-12.297228,-3.4141004
331967392,1,3,2.2237756,-11.7930765,-3.4751732
331967402,1,3,2.017804,-11.318862,-3.3087194
331967412,1,3,1.6956738,-10.80992,-3.2524366
331967422,1,3,1.477727,-10.223141,-3.2177088
331967432,1,3,1.3651612,-9.669891,-3.06802
331967442,1,3,1.3256433,-9.157357,-3.0764027
331967452,1,3,1.1280541,-8.727451,-3.002157
331967462,1,3,1.0442286,-8.273595,-2.8859985
331967471,1,3,0.9136999,-7.916737,-2.76505
331967481,1,3,0.81670165,-7.4401283,-2.8536658
331967491,1,3,0.90531737,-6.925199,-2.626139
331967501,1,3,1.0095007,-6.312074,-2.5387206
331967511,1,3,1.1280541,-5.7875648,-2.4740553
331967521,1,3,1.2322376,-5.3780165,-2.530338
331967531,1,3,1.3448035,-4.9792457,-2.818938
331967541,1,3,1.4453943,-4.678671,-2.8836036
331967550,1,3,1.5795153,-4.4762917,-2.858456
331967560,1,3,1.8705102,-4.3709106,-2.9231215
331967570,1,3,2.1100123,-4.3697133,-3.0764027
331967580,1,3,2.098037,-4.446354,-2.699187
331967590,1,3,2.1339624,-4.750521,-2.806963
331967600,1,3,1.9447559,-5.2630553,-2.76505
331967610,1,3,1.7100439,-6.0617943,-3.0979578
331967620,1,3,1.780697,-6.72282,-3.6320472
331967629,1,3,1.729204,-7.345525,-3.8631666
331967639,1,3,1.6106507,-8.167017,-3.9290295
331967649,1,3,1.4513818,-9.758507,-3.478766
331967659,1,3,1.3699511,-11.805051,-3.8475988
331967669,1,3,1.2741504,-13.230088,-4.014053
331967679,1,3,1.5112573,-14.352155,-4.6080174
331967689,1,3,1.2034973,-15.445481,-4.8379393
331967699,1,3,0.6813831,-16.055014,-4.912185
331967708,1,3,0.30057496,-16.520845,-4.89063
331967718,1,3,0.24908203,-16.474142,-4.8570995
331967728,1,3,0.16405883,-16.034657,-4.2260118
331967738,1,3,0.4047583,-15.531702,-3.754193
331967748,1,3,0.5760022,-14.788048,-3.290757
331967758,1,3,0.7101233,-13.972544,-2.8680358
331967768,1,3,0.6969507,-13.191768,-2.525548
331967777,1,3,0.7244934,-12.341536,-2.430945
331967787,1,3,0.7592212,-11.6314125,-2.337539
331967797,1,3,0.96040285,-11.078163,-2.1603076
331967807,1,3,1.099314,-10.497371,-1.956731
331967817,1,3,1.0106982,-9.709409,-1.9543359
331967827,1,3,0.98794556,-8.818462,-1.8142273
331967837,1,3,0.864602,-7.8400965,-1.8429675
331967847,1,3,0.51013917,-7.2928343,-1.8645227
331967856,1,3,0.1951941,-6.7922754,-1.6453785
331967866,1,3,-0.27662477,-6.291716,-0.7843689
331967876,1,3,-0.65264285,-6.148015,-0.6370752
331967886,1,3,-1.155597,-6.009104,-0.67898804
331967896,1,3,-1.6298108,-5.9204884,-0.55803955
331967906,1,3,-2.0429516,-6.587501,-0.7197034
331967916,1,3,-2.6153612,-7.9251194,-0.58558226
331967926,1,3,-3.3242872,-10.068662,-0.069455564
331967935,1,3,-4.0655456,-12.3139925,0.5640271
331967945,1,3,-5.221143,-14.332994,0.71850586
331967955,1,3,-6.4473925,-15.67181,0.29578492
331967965,1,3,-8.060438,-15.929275,-0.17842895
331967975,1,3,-9.75252,-15.65265,-0.76281375
331967985,1,3,-11.166779,-15.122153,-1.7794995
331967995,1,3,-12.052936,-14.767691,-2.0992346
331968005,1,3,-12.30082,-14.544953,-2.0704944
331968014,1,3,-11.630215,-14.377302,-1.6190332
331968024,1,3,-10.138118,-14.225219,-0.90411985
331968034,1,3,-8.66518,-14.004877,0.12573853
331968044,1,3,-7.3994126,-13.632451,0.90531737
331968054,1,3,-6.450985,-13.352234,1.2657678
331968064,1,3,-5.6893687,-12.931908,1.3651612
331968074,1,3,-5.26066,-12.57505,1.0729687
331968084,1,3,-4.5888577,-12.108021,0.6598279
331968093,1,3,-3.8990917,-11.734398,-0.04550537
331968103,1,3,-2.682422,-11.177556,-0.798739
331968113,1,3,-1.7531543,-10.629097,-1.0346484
331968123,1,3,-0.5999524,-9.8590975,-1.3543836
331968133,1,3,0.69455564,-9.102272,-1.4609619
331968143,1,3,1.9088305,-8.146659,-1.1603869
331968153,1,3,2.9662316,-7.0006423,-0.76161623
331968163,1,3,3.4260755,-5.6259007,-0.35087037
331968172,1,3,3.7146752,-3.9445972,-0.18202148
331968182,1,3,3.8847218,-2.0369642,-0.3927832
331968192,1,3,4.237987,-0.13891113,-0.9592053
331968202,1,3,4.4511437,1.1496093,-1.2537928
331968212,1,3,4.511019,1.5591577,-1.3208532
331968222,1,3,4.829557,1.3340259,-0.9807605
331968232,1,3,5.1217494,0.8705896,-0.36524048
331968242,1,3,5.407954,0.38440064,0.4670288
331968251,1,3,5.7779846,-0.014370117,0.7855664
331968261,1,3,5.645061,-0.24309449,0.56881714
331968271,1,3,4.8032117,-0.56881714,0.48259643
331968281,1,3,4.059558,-1.1903247,0.031135254
331968291,1,3,3.3494349,-1.8226099,-0.90411985
331968301,1,3,3.0799952,-2.5411158,-1.6836988
331968311,1,3,2.9243188,-2.884801,-2.2261705
331968321,1,3,3.0033545,-3.3410523,-3.2548316
331968330,1,3,2.990182,-4.409231,-4.7397437
331968340,1,3,3.0201197,-6.1863356,-6.1288548
331968350,1,3,2.6776319,-9.302256,-7.5191636
331968360,1,3,2.1279747,-13.9809265,-7.8233314
331968370,1,3,0.91010743,-20.47622,-4.831952
331968380,1,3,-0.5185217,-25.904531,-4.482279
331968390,1,3,-1.6190332,-26.521248,-6.9287915
331968400,1,3,-2.5339308,-24.8136,-8.131091
331968409,1,3,-3.7074902,-22.386248,-8.096363
331968419,1,3,-4.5074267,-20.621119,-7.938292
331968429,1,3,-5.518125,-19.972069,-7.270082
331968439,1,3,-6.060597,-19.525396,-6.1695704
331968449,1,3,-5.237908,-18.830841,-5.7073317
331968459,1,3,-4.061953,-18.217716,-5.4331017
331968469,1,3,-3.4655933,-17.705181,-5.327721
331968479,1,3,-3.1925611,-16.995058,-5.266648
331968488,1,3,-3.359015,-16.567547,-5.3923864
331968498,1,3,-3.8020935,-15.859819,-5.4187317
331968508,1,3,-3.9433997,-14.971267,-5.3696337
331968518,1,3,-3.8344262,-13.565391,-5.197192
331968539,1,3,-3.3841627,-12.090058,-4.785249
331968549,1,3,-2.8297155,-10.71891,-4.2882824
331968559,1,3,-2.2585034,-9.553733,-2.9494665
331968569,1,3,-1.9172131,-8.6280575,-1.6298108
331968579,1,3,-1.5447876,-7.747888,-0.3820056
331968589,1,3,-1.5364051,-7.08327,0.54606444
331968599,1,3,-1.4585669,-6.3851223,1.1831397
331968609,1,3,-1.4058765,-5.684579,1.5459851
331968618,1,3,-1.4250367,-4.931345,1.5196398
331968628,1,3,-1.155597,-3.937412,1.5651453
331968638,1,3,-1.0071057,-2.8955786,1.3448035
331968648,1,3,-0.864602,-1.9639161,0.82747924
331968658,1,3,-0.81789917,-0.89932984,0.23710693
331968668,1,3,-0.62390256,0.14489868,-0.4418811
331968678,1,3,-0.32692015,0.8801697,-1.1280541
331968688,1,3,-0.41314086,1.111289,-1.4274316
331968697,1,3,-0.3676355,1.0574012,-1.5160474
331968707,1,3,-0.34608033,0.91250247,-1.1543994
331968717,1,3,-0.3221301,0.5448669,-0.35087037
331968727,1,3,-0.64545774,0.10777588,0.37841308
331968737,1,3,-0.9029224,-0.37601808,0.8837622
331968747,1,3,-1.3100756,-0.48379394,1.3040881
331968757,1,3,-0.9568103,-0.676593,0.42391846
331968767,1,3,-0.5640271,-1.6597486,-1.526825
331968776,1,3,-0.984353,-4.184099,-2.4141798
331968786,1,3,-1.8321899,-8.519085,-2.699187
331968796,1,3,-3.509901,-13.033696,-1.9136206
331968806,1,3,-5.170847,-16.91243,-3.2356713
331968816,1,3,-6.4737377,-19.537373,-5.3217335
331968826,1,3,-8.25683,-20.550465,-6.8772984
331968836,1,3,-9.422007,-20.707338,-7.608977
331968846,1,3,-9.892628,-20.9672,-6.370752
331968855,1,3,-9.753717,-21.526436,-5.1217494
331968865,1,3,-8.450827,-20.944447,-3.1578333
331968875,1,3,-6.324049,-19.835552,-1.4286292
331968885,1,3,-4.372108,-18.525476,-0.16046631
331968895,1,3,-3.0320947,-17.490828,-0.021555176
331968905,1,3,-2.6620643,-16.918419,-0.05029541
331968915,1,3,-2.7818153,-16.535215,-0.7975415
331968925,1,3,-3.070415,-16.238232,-1.5699353
331968934,1,3,-2.9650342,-15.523319,-2.3243666
331968944,1,3,-2.4201672,-14.740148,-2.7135572
331968954,1,3,-1.6729212,-13.558206,-3.3374598
331968964,1,3,-0.76161623,-12.220587,-3.610492
331968974,1,3,-0.09939331,-10.69496,-3.8320312
331968984,1,3,0.366438,-9.350156,-3.8116736
331968994,1,3,0.4514612,-8.092771,-3.913462
331969004,1,3,0.7149133,-7.220984,-4.101471
331969018,1,3,0.5448669,-6.397097,-4.179309
331969027,1,3,0.58558226,-5.7217016,-4.160149
331969037,1,3,0.7496411,-5.0582814,-4.1098537
331969047,1,3,0.8957373,-4.479884,-4.0272255
331969057,1,3,1.1543994,-3.9278321,-3.6583924
331969067,1,3,1.4513818,-3.3937426,-3.4596057
331969077,1,3,1.726809,-2.994972,-3.2356713
331969087,1,3,1.6645386,-2.7842102,-2.941084
331969097,1,3,1.6789087,-2.2992187,-2.3411317
331969106,1,3,2.071692,-1.900448,-2.0369642
331969116,1,3,2.1926403,-1.6453785,-1.7531543
331969126,1,3,2.083667,-1.6322058,-1.5555652
331969136,1,3,2.2932312,-1.9040406,-1.4250367
331969146,1,3,2.0249891,-2.0513341,-1.1232642
331969156,1,3,1.9627185,-2.4465125,-0.54366946
331969166,1,3,1.834585,-3.1817834,-0.25267455
331969176,1,3,1.4346167,-4.0559654,0.122145995
331969185,1,3,1.2945081,-5.013973,-0.07903565
331969195,1,3,1.1783496,-5.5289025,-0.56881714
331969205,1,3,1.3064831,-6.218668,-1.4010864
331969215,1,3,1.2573853,-7.8724294,-2.5291407
331969225,1,3,0.9735754,-10.1896105,-3.4703834
331969235,1,3,0.5879773,-12.564273,-3.485951
331969245,1,3,0.0981958,-15.41674,-3.6416273
331969255,1,3,-0.34608033,-17.299227,-3.317102
331969264,1,3,-1.101709,-18.030905,-3.434458
331969274,1,3,-2.1830604,-17.816551,-4.0020776
331969284,1,3,-3.5697765,-17.159117,-4.045188
331969294,1,3,-4.639153,-16.428637,-4.1026683
331969304,1,3,-5.476212,-16.11848,-4.1050634
331969314,1,3,-5.811515,-16.001125,-3.7769458
331969324,1,3,-5.498965,-15.948435,-3.5482213
331969333,1,3,-4.8822474,-15.653848,-3.2404613
331969343,1,3,-4.3026524,-15.241904,-3.4847534
331969353,1,3,-4.267925,-15.063476,-3.747008
331969363,1,3,-4.3026524,-14.606027,-3.98172
331969373,1,3,-4.5050316,-13.935421,-3.8679566
331969383,1,3,-4.5038342,-13.17141,-3.7230577
331969393,1,3,-4.3278003,-12.318783,-3.2811768
331969403,1,3,-3.906277,-11.397898,-2.994972
331969412,1,3,-3.3506324,-10.647059,-2.8297155
331969422,1,3,-3.0895753,-10.084229,-2.757865
331969432,1,3,-2.6740394,-9.515412,-2.887196
331969442,1,3,-2.4752526,-8.990903,-2.9147387
331969452,1,3,-2.3638842,-8.654403,-2.689607
331969462,1,3,-2.1758752,-8.234077,-2.5554857
331969472,1,3,-1.9279907,-7.6592727,-2.3998096
331969482,1,3,-1.8800904,-7.1682935,-2.271676
331969491,1,3,-1.8046472,-6.6282167,-1.9351758
331969501,1,3,-1.7256116,-6.308481,-1.653761
331969511,1,3,-1.5890955,-5.9540186,-1.6238233
331969521,1,3,-1.6465759,-5.7444544,-1.5076648
331969531,1,3,-1.6777111,-5.8103175,-1.465752
331969541,1,3,-1.8309925,-6.0174866,-1.2945081
331969551,1,3,-1.8992505,-6.229446,-1.0765613
331969560,1,3,-2.0680993,-6.7276096,-1.0154883
331969570,1,3,-2.0992346,-7.1359606,-0.82867676
331969580,1,3,-2.1159997,-7.2736745,-0.76281375
331969590,1,3,-1.9196081,-7.4401283,-0.859812
331969600,1,3,-1.9639161,-7.6688523,-0.85142946
331969610,1,3,-1.9531385,-8.090376,-0.7807764
331969620,1,3,-1.9411633,-8.502319,-0.9364526
331969630,1,3,-1.9495459,-9.068742,-1.0885364
331969639,1,3,-1.9639161,-9.641151,-1.0442286
331969649,1,3,-2.0597167,-9.935739,-0.79394895
331969659,1,3,-2.1195922,-10.171648,-0.61073
331969669,1,3,-2.2812562,-10.083033,-0.54606444
331969679,1,3,-2.2237756,-9.977652,-0.034727782
331969689,1,3,-2.203418,-9.992022,-0.017962646
331969699,1,3,-2.102827,-9.981244,0.10657837
331969709,1,3,-2.222578,-9.945318,0.34248778
331969718,1,3,-2.191443,-10.002799,0.43828857
331969728,1,3,-2.339934,-10.12734,0.4790039
331969738,1,3,-2.4584875,-10.299782,0.5400769
331969748,1,3,-2.5087829,-10.649454,0.43709105
331969758,1,3,-2.3363416,-10.977572,0.27303222
331969768,1,3,-2.2405407,-11.056607,0.18561402
331969778,1,3,-2.259701,-11.160791,-0.09460327
331969787,1,3,-2.2345533,-11.322454,-0.37721556
331969797,1,3,-2.13037,-11.551179,-0.44906616
331969807,1,3,-2.0920496,-11.625424,-0.7879614
331969817,1,3,-2.1159997,-11.63261,-0.9364526
331969827,1,3,-2.191443,-11.505673,-1.2466077
331969837,1,3,-2.335144,-11.3080845,-1.411864
331969847,1,3,-2.3291564,-11.01709,-1.5495776
331969857,1,3,-2.398612,-10.4075575,-1.5591577
331969866,1,3,-2.325564,-9.9153805,-1.3376184
331969876,1,3,-2.4117846,-9.388476,-1.0921289
331969886,1,3,-2.2764661,-8.855585,-0.9568103
331969896,1,3,-2.1926403,-8.31431,-0.70174074
331969906,1,3,-2.0609143,-7.926317,-0.47062135
331969916,1,3,-2.0429516,-7.33834,-0.22632934
331969926,1,3,-1.9016455,-6.878496,0.10059082
331969936,1,3,-1.9603235,-6.5623536,0.16645385
331969945,1,3,-1.8669177,-5.9528213,0.2969824
331969955,1,3,-1.8238074,-5.583988,0.23950195
331969965,1,3,-1.8429675,-5.154082,0.22632934
331969975,1,3,-1.6801062,-4.804409,0.14130615
331969985,1,3,-1.785487,-4.502637,-0.04790039
331969995,1,3,-1.8130298,-4.364923,-0.18800904
331970005,1,3,-1.8992505,-4.2415795,-0.3412903
331970015,1,3,-1.8717078,-4.2391844,-0.38320312
331970024,1,3,-2.0381615,-4.269122,-0.17842895
331970034,1,3,-2.0728893,-4.454736,-0.20836669
331970044,1,3,-2.3698719,-4.6199927,-0.18800904
331970054,1,3,-2.4908204,-4.798422,-0.13292359
331970064,1,3,-2.5590785,-5.046306,-0.4790039
331970074,1,3,-2.647694,-5.4953723,-0.48020142
331970084,1,3,-2.884801,-6.251001,-0.71850586
331970094,1,3,-2.9422815,-7.2904396,-0.9783655
331970103,1,3,-3.121908,-8.493937,-1.23104
331970113,1,3,-3.4560132,-9.918973,-1.2729529
331970123,1,3,-3.8212538,-11.078163,-1.346001
331970133,1,3,-4.181704,-12.165502,-1.4873071
331970143,1,3,-4.454736,-13.093572,-1.8082397
331970153,1,3,-4.782854,-13.978532,-2.3459215
331970163,1,3,-4.9840355,-14.713802,-2.506388
331970173,1,3,-5.2403026,-15.413148,-2.4441175
331970182,1,3,-5.4390893,-16.269367,-1.9040406
331970192,1,3,-5.5444703,-17.077686,-1.165177
331970202,1,3,-5.3504734,-17.366287,-0.4538562
331970212,1,3,-4.8091993,-17.218992,0.4394861
331970222,1,3,-4.7181883,-16.738792,0.6011499
331970232,1,3,-4.7553115,-15.868202,0.5233118
331970242,1,3,-4.6906457,-14.798825,1.463357
331970252,1,3,-4.5229945,-13.959372,1.1029065
331970261,1,3,-4.052373,-12.809762,0.82268924
331970271,1,3,-3.9146595,-11.302097,0.20477417
331970281,1,3,-3.5530114,-10.162067,-0.06346802
331970291,1,3,-3.4081128,-9.654324,-0.35206786
331970301,1,3,-3.0907726,-9.624386,-0.8454419
331970311,1,3,-2.7878027,-10.018367,-1.2885205
331970321,1,3,-2.7267296,-10.243499,-1.592688
331970330,1,3,-2.3171813,-10.918894,-2.8608508
331970340,1,3,-1.7938696,-11.520044,-3.8044884
331970350,1,3,-0.6706055,-11.746373,-5.676196
331970360,1,3,0.5388794,-12.088861,-6.9874697
331970370,1,3,1.8190173,-12.135564,-7.6975927
331970380,1,3,2.830913,-12.166699,-7.5742493
331970390,1,3,3.2296839,-12.596605,-6.6114516
331970400,1,3,2.9003687,-14.07074,-4.7936316
331970409,1,3,2.5554857,-15.919695,-2.4812403
331970419,1,3,2.4441175,-17.257313,-0.7975415
331970429,1,3,2.9817994,-17.104033,0.08741821
331970439,1,3,3.3123121,-15.966397,0.72808594
331970449,1,3,3.5218763,-14.815591,0.98195803
331970459,1,3,3.5326538,-13.891113,0.43349853
331970469,1,3,3.2177088,-13.425282,-0.3065625
331970479,1,3,2.938689,-13.255236,-0.36524048
331970488,1,3,2.830913,-12.354709,-0.5185217
331970498,1,3,2.8033705,-10.656639,-1.1723621
331970508,1,3,2.6979895,-9.023236,-2.3519092
331970518,1,3,2.5926087,-7.521559,-3.4703834
331970528,1,3,2.7123597,-5.892946,-4.287085
331970538,1,3,3.126698,-4.242777,-5.053491
331970548,1,3,3.3650024,-2.6716442,-5.405559
331970558,1,3,3.3877552,-1.3879138,-5.051096
331970567,1,3,3.4308655,-0.5173242,-4.5229945
331970577,1,3,3.129093,0.0371228,-3.8404138
331970587,1,3,2.4045997,0.26345214,-2.9195287
331970597,1,3,1.7902771,0.24788453,-1.6980689
331970607,1,3,1.3172607,0.122145995,-0.8346643
331970617,1,3,0.78915894,0.21076173,-0.36164796
331970627,1,3,0.4035608,0.66701293,0.008382568
331970637,1,3,-0.05388794,1.0705737,0.59516233
331970646,1,3,0.07185058,1.5052698,0.85502195
331970656,1,3,0.15447876,1.6417859,0.8813672
331970666,1,3,-0.086220704,1.2669654,0.6251001
331970676,1,3,-0.6646179,0.5903723,0.81191164
331970686,1,3,-0.8969348,-0.1951941,0.9089099
331970696,1,3,-1.0633887,-1.0861413,0.6981482
331970706,1,3,-0.7316785,-2.2656884,-0.1472937
331970716,1,3,-0.4778064,-4.4786863,-1.2058923
331970725,1,3,-0.43110353,-7.532336,-1.1064991
331970735,1,3,-0.9292676,-11.304492,-0.3161426
331970745,1,3,-1.5399976,-14.549744,-0.17363891
331970755,1,3,-1.5699353,-15.477814,-1.0717713
331970765,1,3,-0.62989014,-15.772401,-3.004552
331970775,1,3,-0.72808594,-15.64307,-3.253634
331970785,1,3,-0.53049684,-15.288608,-2.198628
331970794,1,3,-1.4334192,-15.977176,-2.4848328
331970804,1,3,-2.577041,-16.404686,-2.0525317
331970814,1,3,-3.0931678,-15.8238945,-0.9340576
331970824,1,3,-3.0009594,-14.900614,-1.2130774
331970834,1,3,-2.7099645,-14.794036,-0.979563
331970844,1,3,-2.3578968,-15.154486,-0.37841308
331970854,1,3,-1.9722986,-15.243102,0.4263135
331970864,1,3,-1.8597326,-15.081438,0.24788453
331970873,1,3,-2.142345,-14.492263,-0.08023316
331970883,1,3,-2.562671,-13.917459,-0.4287085
331970893,1,3,-2.8357031,-13.345049,-0.64186525
331970903,1,3,-2.9398866,-13.106745,-0.8430469
331970913,1,3,-2.863246,-12.894785,-0.7759863
331970923,1,3,-2.74589,-12.6469,-0.79514647
331970933,1,3,-2.7027795,-12.606185,-0.3903882
331970943,1,3,-2.7159522,-12.317585,-0.18561402
331970970,1,3,-2.699187,-12.288845,0.69096315
331970980,1,3,-3.0476623,-11.505673,0.53049684
331970990,1,3,-3.0249097,-10.201586,0.44667113
331971000,1,3,-3.0787976,-9.48787,0.41314086
331971010,1,3,-2.9662316,-8.723859,0.35087037
331971019,1,3,-2.699187,-8.05924,0.74125856
331971029,1,3,-2.513573,-7.7526784,0.86100954
331971039,1,3,-2.5614734,-7.4329433,1.2358301
331971049,1,3,-2.530338,-7.1994286,1.2166699
331971059,1,3,-2.5375233,-6.9216065,1.3088782
331971069,1,3,-2.5590785,-6.795868,1.3927039
331971079,1,3,-2.4560926,-7.094048,1.0538086
331971089,1,3,-2.1255798,-7.515571,0.7652087
331971098,1,3,-1.5471826,-7.9358974,0.07304809
331971108,1,3,-0.77718383,-8.323891,-0.46343628
331971118,1,3,-0.04430786,-8.667576,-1.219065
331971128,1,3,0.4754114,-9.030421,-1.6393908
331971138,1,3,0.9891431,-9.988429,-2.1974304
331971148,1,3,0.9172925,-11.321258,-2.5411158
331971158,1,3,0.58079225,-13.098362,-2.6584716
331971168,1,3,0.5628296,-14.892231,-2.5878186
331971177,1,3,0.5640271,-16.46097,-2.7327173
331971187,1,3,1.0526111,-17.689613,-2.579436
331971197,1,3,1.6801062,-18.071619,-3.070415
331971207,1,3,2.445315,-18.008152,-3.497926
331971217,1,3,2.9734168,-17.87882,-4.0607557
331971227,1,3,3.0728102,-17.870438,-4.2858872
331971237,1,3,3.234474,-17.917141,-4.374503
331971247,1,3,3.1422656,-17.798588,-4.463119
331971256,1,3,3.1039453,-17.2633,-4.853507
331971266,1,3,3.1159203,-16.052618,-5.046306
331971276,1,3,3.1841784,-14.665902,-5.1684523
331971286,1,3,3.2524366,-13.116324,-5.0738487
331971296,1,3,3.1123278,-11.599079,-4.726571
331971306,1,3,3.05844,-9.914184,-4.445156
331971316,1,3,2.8404932,-8.461604,-4.214037
331971325,1,3,2.550696,-6.9060388,-3.998485
331971335,1,3,2.5327332,-5.5133348,-3.6164794
331971345,1,3,2.5435107,-4.301455,-3.2236962
331971355,1,3,2.503993,-3.1362782,-2.9614418
331971365,1,3,2.4644752,-2.205813,-2.8812084
331971375,1,3,2.386637,-1.4034815,-2.7087672
331971385,1,3,2.3710694,-0.7197034,-2.682422
331971395,1,3,2.2824535,-0.31374756,-2.5542884
331971404,1,3,2.1315675,-0.122145995,-2.3315516
331971414,1,3,1.959126,-0.31734008,-1.9148182
331971424,1,3,1.7184265,-0.8789722,-1.4429992
331971434,1,3,1.2118798,-1.7244141,-0.55324954
331971444,1,3,0.80472654,-2.743495,0.3580554
331971454,1,3,0.52091676,-3.4727783,1.0801538
331971464,1,3,0.1963916,-3.7278478,1.3699511
331971474,1,3,-0.12573853,-3.321892,1.729204
331971483,1,3,-0.27542725,-2.945874,1.5028747
331971493,1,3,-0.4658313,-2.6512866,0.81670165
331971503,1,3,-0.305365,-2.4980054,0.21315674
331971513,1,3,-0.021555176,-2.9446764,-0.46942383
331971523,1,3,0.3293152,-4.045188,-1.0693762
331971533,1,3,0.5484595,-5.7636147,-0.58438474
331971543,1,3,0.59635985,-7.932305,0.017962646
331971553,1,3,0.29219237,-9.655521,0.76161623
331971562,1,3,0.09460327,-11.061398,0.0490979
331971572,1,3,0.55803955,-12.450509,-1.3603711
331971582,1,3,1.169967,-13.451627,-1.040636
331971592,1,3,1.3998889,-14.140195,0.021555176
331971602,1,3,0.97237796,-14.68626,0.674198
331971617,1,3,0.04550537,-14.657519,0.87777466
331971627,1,3,-0.5412744,-13.631253,0.5017566
331971637,1,3,-0.5616321,-12.463681,-0.29099488
331971647,1,3,-0.11376343,-11.881692,-0.737666
331971657,1,3,0.5616321,-12.376264,-0.57001466
331971667,1,3,1.1316468,-12.554692,0.48738647
331971677,1,3,0.93884766,-13.095966,0.21914428
331971687,1,3,0.41074586,-13.341456,-0.21315674
331971696,1,3,0.20477417,-13.6647835,-0.21674927
331971706,1,3,0.09460327,-13.983321,0.4263135
331971716,1,3,0.24668701,-13.928236,0.6119275
331971726,1,3,0.38080812,-13.495935,0.65623534
331971736,1,3,0.64665526,-12.970228,0.27183473
331971746,1,3,1.096919,-12.347523,0.10298584
331971756,1,3,1.585503,-12.111614,-0.017962646
331971766,1,3,1.7304016,-11.730805,-0.16884887
331971775,1,3,1.7771045,-11.448194,-0.42751098
331971785,1,3,1.5328125,-11.175161,-0.8741821
331971795,1,3,1.0538086,-11.0602,-1.169967
331971805,1,3,0.4790039,-11.08415,-1.3208532
331971815,1,3,0.18800904,-11.0123,-1.2657678
331971825,1,3,0.1580713,-10.660232,-1.2729529
331971835,1,3,0.24189697,-10.585986,-1.3579761
331971844,1,3,0.40835083,-10.541678,-1.4238391
331971854,1,3,0.4670288,-10.286609,-1.113684
331971864,1,3,0.43828857,-9.884246,-1.0130932
331971874,1,3,0.5712122,-9.553733,-0.90052736
331971884,1,3,0.5867798,-9.2890835,-0.88974977
331971894,1,3,0.91849,-9.257948,-0.8837622
331971904,1,3,1.2082874,-9.205257,-1.0849439
331971914,1,3,1.6226257,-9.2256155,-1.2358301
331971923,1,3,1.7256116,-9.166937,-1.477727
331971933,1,3,1.9806812,-9.16574,-1.9519409
331971943,1,3,2.1052222,-9.050778,-2.4333398
331971953,1,3,2.1435425,-8.952583,-2.8512707
331971963,1,3,2.2800586,-8.913065,-3.3554223
331971973,1,3,2.254911,-8.893905,-3.4512231
331971983,1,3,2.1926403,-8.977731,-3.4284704
331971993,1,3,2.0213964,-9.047186,-3.2620165
331972002,1,3,1.8202149,-9.030421,-3.0799952
331972012,1,3,1.6046631,-8.9513855,-2.9327013
331972022,1,3,1.355581,-8.778944,-2.8033705
331972032,1,3,1.1567944,-8.516689,-2.7937903
331972042,1,3,1.043031,-8.364606,-2.518363
331972052,1,3,0.72808594,-8.320298,-2.5554857
331972062,1,3,0.6382727,-8.2712,-2.3638842
331972071,1,3,0.49337402,-7.9227247,-2.311194
331972081,1,3,0.4155359,-7.501201,-2.4752526
331972091,1,3,0.37601808,-7.162306,-2.1650977
331972101,1,3,0.21315674,-6.8976564,-2.2513185
331972111,1,3,0.09580078,-6.753955,-2.3950195
331972121,1,3,-0.17962646,-6.7204247,-2.2285657
331972131,1,3,-0.5903723,-6.979087,-2.0513341
331972141,1,3,-1.0023156,-7.339537,-1.8285974
331972150,1,3,-1.4968872,-7.732321,-1.4885046
331972160,1,3,-2.0561242,-8.019723,-1.2549902
331972170,1,3,-2.46208,-8.153844,-1.0825489
331972180,1,3,-2.7985804,-8.195757,-1.1963123
331972190,1,3,-3.1434631,-8.038883,-1.4597644
331972200,1,3,-3.37578,-7.970625,-1.8285974
331972210,1,3,-3.793711,-8.1634245,-2.242936
331972220,1,3,-3.9014869,-8.654403,-2.7985804
331972229,1,3,-4.2260118,-9.371712,-2.6488917
331972239,1,3,-4.30864,-10.260263,-2.3602917
331972249,1,3,-4.350553,-11.314073,-1.4968872
331972259,1,3,-4.1757164,-12.734319,-0.5173242
331972269,1,3,-4.179309,-14.098283,0.9963281
331972279,1,3,-4.317023,-15.314953,2.4189696
331972289,1,3,-4.4331813,-15.90772,3.8727465
331972298,1,3,-4.89542,-16.094532,4.7624965
331972308,1,3,-5.118157,-15.689773,4.26074
331972318,1,3,-4.975653,-14.652729,3.3135095
331972328,1,3,-4.6990285,-13.318704,2.4800427
331972338,1,3,-4.1170387,-12.02659,2.0549269
331972348,1,3,-3.2943494,-10.712922,1.4525794
331972358,1,3,-2.6225464,-9.236393,0.80233157
331972368,1,3,-2.2118006,-7.891589,0.41673338
331972377,1,3,-1.8944604,-6.763535,0.082628176
331972387,1,3,-1.726809,-5.659431,-0.13891113
331972397,1,3,-1.8106347,-4.86189,-0.2574646
331972407,1,3,-1.9160156,-4.118236,-0.21914428
331972417,1,3,-2.2129982,-3.4727783,-0.4538562
331972427,1,3,-2.2728736,-2.7878027,-0.23590942
331972437,1,3,-1.8681152,-2.2249732,0.43589357
331972447,1,3,-2.1531227,-2.1758752,0.13771363
331972456,1,3,-2.4704626,-2.123185,-0.24429199
331972466,1,3,-2.6812243,-2.1627026,-0.5137317
331972476,1,3,-2.8476782,-2.5267456,-0.33650026
331972486,1,3,-3.0524523,-3.0895753,-0.37601808
331972496,1,3,-3.333867,-3.803291,-0.17244141
331972506,1,3,-3.3973353,-4.517007,-0.24309449
331972516,1,3,-3.5122962,-5.132527,0.0071850587
331972526,1,3,-3.270399,-5.812712,0.1592688
331972535,1,3,-3.0835876,-6.8725085,0.10897339
331972545,1,3,-3.0201197,-8.2197075,0.25147706
331972555,1,3,-3.0285022,-9.629176,0.34727782
331972565,1,3,-2.8297155,-11.212284,0.42391846
331972575,1,3,-2.6931994,-12.668456,0.69575316
331972585,1,3,-2.5279431,-13.695919,1.3328284
331972595,1,3,-2.337539,-14.443165,1.585503
331972605,1,3,-2.3758593,-15.520924,1.4741346
331972614,1,3,-2.7842102,-16.610659,1.8585352
331972624,1,3,-3.5685792,-17.598604,2.4225624
331972634,1,3,-4.62119,-18.58655,2.994972
331972644,1,3,-5.22234,-19.488274,3.3530273
331972654,1,3,-5.400769,-19.393671,3.4775684
331972664,1,3,-4.7445335,-18.239271,3.0548475
331972674,1,3,-3.9086719,-16.713644,2.2537134
331972684,1,3,-3.0620325,-15.279027,1.6046631
331972693,1,3,-2.2680836,-14.168936,0.9292676
331972703,1,3,-1.6226257,-13.352234,0.50894165
331972713,1,3,-1.1232642,-12.655283,0.062270507
331972723,1,3,-0.47181883,-12.085269,-0.53648436
331972733,1,3,0.13771363,-11.720028,-1.5579602
331972743,1,3,0.7580237,-11.359577,-2.7399023
331972753,1,3,1.3903089,-11.499686,-3.9398072
331972762,1,3,1.9507434,-11.862532,-4.9996033
331972772,1,3,2.396217,-12.736713,-5.564828
331972782,1,3,2.8081603,-14.476696,-5.469027
331972792,1,3,3.138673,-16.02268,-5.3947816
331972802,1,3,3.4308655,-16.775915,-5.5169277
331972812,1,3,3.3242872,-16.743582,-5.750442
331972822,1,3,3.026107,-15.990348,-6.192323
331972832,1,3,2.76984,-15.411951,-6.6413894
331972841,1,3,2.5710535,-15.208374,-6.9060388
331972851,1,3,2.445315,-15.529306,-6.843768
331972861,1,3,2.254911,-15.775993,-6.884484
331972871,1,3,2.022594,-15.680193,-7.1120105
331972881,1,3,1.9172131,-15.213164,-7.364685
331972891,1,3,1.8190173,-14.470708,-7.2724767
331972901,1,3,1.7327967,-13.543836,-6.8401756
331972911,1,3,1.6022681,-12.587025,-6.253396
331972920,1,3,1.470542,-11.621832,-5.6582336
331972930,1,3,1.3016931,-10.575209,-4.9157777
331972940,1,3,0.9687854,-9.422007,-4.233197
331972950,1,3,0.54606444,-8.413704,-3.6416273
331972960,1,3,0.17363891,-7.2389464,-3.1722033
331972970,1,3,-0.24069947,-6.2569885,-2.7878027
331972980,1,3,-0.6490503,-5.1720448,-2.274071
331972990,1,3,-0.9017249,-4.006868,-2.0357666
331972999,1,3,-1.0621911,-2.9159362,-2.13995
331973009,1,3,-1.1124866,-1.9064355,-2.445315
331973019,1,3,-1.0418335,-1.0298584,-2.5566833
331973029,1,3,-1.113684,-0.36404297,-2.5363257
331973039,1,3,-1.0921289,0.11496094,-2.1387525
331973049,1,3,-1.0490185,0.34967285,-1.5399976
331973059,1,3,-1.0083032,0.43469605,-0.92208254
331973069,1,3,-0.93765014,0.5484595,-0.0742456
331973078,1,3,-0.99992067,0.6382727,0.796344
331973088,1,3,-1.0885364,0.8202942,1.3088782
331973098,1,3,-1.2082874,1.0717713,1.5843054
331973108,1,3,-1.4142591,1.4370117,1.470542
331973118,1,3,-1.6118481,1.773512,1.5639478
331973128,1,3,-1.8202149,1.7675244,1.3064831
331973138,1,3,-1.9531385,1.4873071,1.0609937
331973148,1,3,-1.8812878,0.91010743,0.9065149
331973157,1,3,-1.8070422,-0.18681152,0.7256909
331973167,1,3,-1.7088464,-1.7088464,0.6730005
331973177,1,3,-1.4058765,-3.3973353,0.6430628
331973187,1,3,-1.3232483,-5.3121533,1.1567944
331973197,1,3,-1.4142591,-7.232959,1.6729212
331973207,1,3,-1.5651453,-9.035212,1.9782861
331973217,1,3,-1.5735278,-10.437495,2.2884412
331973226,1,3,-1.5447876,-11.589499,2.0597167
331973236,1,3,-1.404679,-12.5810375,1.653761
331973246,1,3,-1.223855,-13.040881,1.3280383
331973256,1,3,-1.0837463,-13.286371,1.0550061
331973266,1,3,-1.155597,-13.274396,0.8418494
331973276,1,3,-1.2789404,-13.106745,0.7640112
331973286,1,3,-1.4669495,-13.076807,0.46104127
331973296,1,3,-1.5675403,-13.301938,0.33410522
331973305,1,3,-1.6597486,-13.971347,0.49696654
331973315,1,3,-1.526825,-14.631174,0.75562865
331973325,1,3,-1.2945081,-15.362853,1.2154725
331973335,1,3,-1.5244299,-16.092136,1.9722986
331973345,1,3,-1.53401,-16.627422,2.4345374
331973355,1,3,-1.7950672,-16.981886,2.9770093
331973365,1,3,-1.9208057,-16.887283,3.2715967
331973375,1,3,-1.5867004,-15.972385,3.2284863
331973384,1,3,-1.3699511,-14.956897,3.011737
331973394,1,3,-1.223855,-13.962964,2.8548632
331973404,1,3,-1.2011023,-13.155842,2.74589
331973414,1,3,-1.3675561,-12.612173,1.9770886
331973440,1,3,-1.729204,-12.498409,1.421444
331973450,1,3,-1.9782861,-12.456496,0.8490344
331973460,1,3,-1.9016455,-12.317585,0.35087037
331973470,1,3,-1.6082556,-11.94516,-0.21195923
331973480,1,3,-1.1496093,-11.294912,-0.9855505
331973490,1,3,-0.8789722,-10.698552,-1.7076489
331973500,1,3,-0.6514453,-10.2315235,-1.9160156
331973510,1,3,-0.7927515,-10.417137,-2.3543043
331973519,1,3,-1.0118958,-10.667417,-2.4153771
331973529,1,3,-1.1388317,-10.920092,-2.511178
331973539,1,3,-1.2969031,-11.108101,-2.8644433
331973549,1,3,-1.1340418,-11.354788,-3.317102
331973559,1,3,-1.0035132,-11.498488,-3.5973194
331973569,1,3,-0.5221143,-11.417058,-3.9098694
331973579,1,3,-0.27422974,-11.456576,-4.038003
331973588,1,3,0.0,-11.539204,-4.1457787
331973598,1,3,0.3305127,-11.618239,-4.142186
331973608,1,3,0.73407346,-11.696078,-4.162544
331973618,1,3,0.9891431,-11.543994,-4.111051
331973628,1,3,1.2358301,-11.354788,-4.0535707
331973638,1,3,1.3136683,-10.876981,-3.911067
331973648,1,3,1.3028907,-10.426718,-3.7015028
331973658,1,3,1.1723621,-9.960886,-3.4045203
331973667,1,3,1.1124866,-9.255553,-3.0057495
331973677,1,3,0.93884766,-8.616083,-2.6417065
331973687,1,3,0.83825684,-7.9837976,-2.2884412
331973697,1,3,0.76161623,-7.4640784,-1.8896704
331973707,1,3,0.6598279,-6.9132237,-1.8429675
331973717,1,3,0.82268924,-6.5922914,-1.595083
331973727,1,3,0.9136999,-6.3503942,-1.4609619
331973737,1,3,0.9448352,-6.1552,-1.5867004
331973746,1,3,1.0957215,-6.1456203,-1.4346167
331973756,1,3,0.96519285,-6.0833497,-1.6250207
331973766,1,3,0.9029224,-5.967191,-1.6094531
331973776,1,3,0.8430469,-5.940846,-1.6190332
331973786,1,3,0.74485105,-5.8294773,-1.7507592
331973796,1,3,0.81670165,-5.80433,-1.7016613
331973806,1,3,0.80592406,-5.769602,-1.893263
331973816,1,3,0.7580237,-5.915698,-2.13995
331973825,1,3,0.5065466,-6.1815453,-2.264491
331973835,1,3,0.36045045,-6.7144375,-2.2261705
331973845,1,3,0.23830444,-7.276069,-2.4177723
331973855,1,3,0.082628176,-7.9059596,-2.4800427
331973865,1,3,-0.09460327,-8.435259,-2.3123913
331973875,1,3,-0.17124389,-8.732242,-2.2872436
331973885,1,3,-0.26225463,-9.103469,-2.2261705
331973894,1,3,-0.2969824,-9.457932,-2.3207738
331973904,1,3,-0.27662477,-9.663904,-2.3159838
331973914,1,3,-0.37601808,-9.871073,-2.5435107
331973924,1,3,-0.47660887,-10.07944,-2.6249413
331973934,1,3,-0.7161108,-10.414742,-2.6129663
331973944,1,3,-0.9017249,-10.594369,-2.6177564
331973954,1,3,-1.0035132,-10.921289,-2.7123597
331973964,1,3,-1.1400293,-11.145224,-2.7399023
331973973,1,3,-1.3208532,-11.363171,-2.5147705
331973983,1,3,-1.2981006,-11.573932,-2.4117846
331973993,1,3,-1.3064831,-11.722424,-2.5387206
331974003,1,3,-1.3675561,-12.02659,-2.410587
331974013,1,3,-1.3364209,-12.458892,-2.410587
331974023,1,3,-1.3843213,-13.072017,-2.445315
331974033,1,3,-1.5447876,-13.742622,-1.9782861
331974043,1,3,-1.6669335,-14.5437565,-1.8010547
331974052,1,3,-1.8729053,-15.123351,-1.7639319
331974062,1,3,-2.0645068,-15.235917,-1.6980689
331974072,1,3,-2.4117846,-15.112574,-1.7160316
331974082,1,3,-2.3950195,-14.71979,-1.6118481
331974092,1,3,-2.3064039,-14.030025,-1.6190332
331974102,1,3,-2.0357666,-13.267211,-1.9291883
331974112,1,3,-1.6346009,-12.553494,-2.347119
331974122,1,3,-1.3819263,-11.953543,-2.5339308
331974131,1,3,-1.1172767,-11.128458,-2.8979735
331974141,1,3,-0.94363767,-10.323731,-3.0548475
331974151,1,3,-0.7759863,-9.455537,-3.126698
331974161,1,3,-0.56881714,-8.57896,-3.3039293
331974171,1,3,-0.27662477,-7.8029737,-3.1446607
331974181,1,3,0.04670288,-7.2856493,-3.373385
331974191,1,3,0.30057496,-6.688092,-3.4009278
331974201,1,3,0.66342044,-6.187533,-3.2835717
331974210,1,3,0.9340576,-5.54926,-3.248844
331974220,1,3,1.1496093,-5.229525,-3.178191
331974230,1,3,1.5388,-4.811594,-3.2440538
331974240,1,3,1.8705102,-4.404441,-2.9961693
331974250,1,3,2.0920496,-4.196074,-2.7087672
331974260,1,3,2.1136048,-4.014053,-2.525548
331974270,1,3,2.0800745,-3.9170544,-2.3123913
331974280,1,3,1.8477576,-3.766168,-1.8597326
331974289,1,3,1.5795153,-3.7625756,-1.6717236
331974299,1,3,1.299298,-3.9853125,-1.3675561
331974309,1,3,0.9735754,-4.1864944,-1.1615845
331974319,1,3,0.7532337,-4.360133,-1.155597
331974329,1,3,0.6382727,-4.6128078,-1.0466236
331974339,1,3,0.6227051,-5.0427136,-1.3927039
331974349,1,3,0.5939648,-5.78996,-2.032174
331974358,1,3,0.45505372,-6.6377964,-2.5590785
331974368,1,3,0.41074586,-7.453301,-2.945874
331974378,1,3,0.45625123,-8.465197,-3.3793726
331974388,1,3,0.613125,-9.885443,-3.7625756
331974398,1,3,0.81310916,-11.030262,-4.4643164
331974408,1,3,0.8705896,-11.98827,-5.2331176
331974418,1,3,0.8095166,-12.742702,-5.540878
331974428,1,3,0.85382444,-13.304334,-5.8498354
331974437,1,3,0.91849,-13.869558,-6.171965
331974447,1,3,0.93884766,-14.178515,-5.8330703
331974457,1,3,0.8238867,-14.389277,-5.667814
331974467,1,3,0.47301635,-14.510226,-5.48699
331974477,1,3,0.12693603,-14.683865,-5.595963
331974487,1,3,0.12813355,-14.722185,-5.498965
331974497,1,3,0.12693603,-14.899417,-4.988826
331974507,1,3,0.3676355,-15.249089,-4.758904
331974516,1,3,0.33530274,-15.495776,-4.428391
331974526,1,3,0.35206786,-15.608342,-4.120631
331974536,1,3,0.14968872,-15.455061,-4.5122166
331974546,1,3,-0.2335144,-15.03234,-4.831952
331974556,1,3,-0.6610254,-14.277909,-4.811594
331974566,1,3,-0.97237796,-13.622871,-4.5613146
331974576,1,3,-1.0274634,-13.116324,-4.822372
331974586,1,3,-1.0753638,-12.972623,-4.975653
331974595,1,3,-1.1723621,-13.178595,-5.1612673
331974605,1,3,-1.3184582,-13.076807,-4.9529004
331974615,1,3,-1.6094531,-12.87323,-4.7553115
331974625,1,3,-2.0537293,-12.77743,-4.2092466
331974635,1,3,-2.682422,-12.842094,-3.429668
331974645,1,3,-3.3123121,-12.8696375,-2.45729
331974655,1,3,-3.8020935,-12.816947,-1.4693445
331974665,1,3,-4.3948607,-13.086387,-1.2250525
331974674,1,3,-4.9852333,-13.394147,-0.47421387
331974684,1,3,-5.806725,-14.324612,0.38799316
331974694,1,3,-6.4629602,-16.058605,0.7580237
331974704,1,3,-6.6569567,-17.749489,0.9340576
331974714,1,3,-6.7946706,-18.836828,0.45265868
331974724,1,3,-6.5719337,-18.815273,-0.2826123
331974734,1,3,-6.4485903,-17.678837,-0.6514453
331974744,1,3,-5.916896,-15.797549,-1.2142749
331974753,1,3,-5.3612514,-13.82046,-1.3352234
331974763,1,3,-4.7529163,-11.893667,-1.3052857
331974773,1,3,-4.181704,-10.008786,-0.92328
331974783,1,3,-3.5961218,-8.151449,-0.8466394
331974793,1,3,-3.0285022,-6.525231,-0.6011499
331974803,1,3,-2.5315356,-5.0654664,-0.7209009
331974813,1,3,-2.13037,-3.749403,-0.798739
331974823,1,3,-1.6453785,-2.4153771,-1.0562036
331974832,1,3,-1.4334192,-0.98794556,-1.4346167
331974842,1,3,-0.984353,0.41074586,-1.5867004
331974852,1,3,-0.7005432,1.404679,-1.8130298
331974862,1,3,-0.43709105,2.0429516,-1.7723144
331974872,1,3,-0.22992188,2.5973988,-1.2322376
331974882,1,3,-0.008382568,2.8728259,-0.74485105
331974892,1,3,0.22273682,3.1362782,-0.5340893
331974902,1,3,0.72808594,3.2572265,-0.5652246
331974911,1,3,0.85502195,3.2356713,-0.6610254
331974921,1,3,1.0741663,3.1135254,-1.0645862
331974931,1,3,1.0741663,2.7686427,-1.6369958
331974941,1,3,1.0909314,2.3602917,-2.203418
331974951,1,3,1.0705737,1.8585352,-2.499203
331974961,1,3,1.0214758,1.4394068,-2.5878186
331974971,1,3,1.1232642,0.859812,-2.7351122
331974980,1,3,1.0693762,0.13412109,-2.8859985
331974990,1,3,0.8909473,-0.79394895,-3.0488598
331975000,1,3,0.7652087,-2.046544,-3.5482213
331975010,1,3,0.44547364,-3.3985326,-3.9517822
331975020,1,3,0.18202148,-4.726571,-4.0882983
331975030,1,3,-0.07544312,-5.898933,-4.5074267
331975040,1,3,-0.27901977,-7.3095994,-5.5217175
331975050,1,3,-0.552052,-8.298742,-5.7468495
331975059,1,3,-0.7867639,-9.111852,-5.4810023
331975069,1,3,-0.8322693,-9.831555,-6.0665846
331975079,1,3,-0.7580237,-10.564431,-6.3683567
331975089,1,3,-1.1891272,-11.38712,-6.916816
331975099,1,3,-1.6393908,-12.348721,-7.244934
331975109,1,3,-2.278861,-13.620476,-7.331155
331975119,1,3,-2.7566674,-14.874269,-6.900051
331975129,1,3,-2.8836036,-15.677798,-6.6797094
331975138,1,3,-2.5830286,-16.324453,-6.312074
331975148,1,3,-2.2632935,-16.83579,-6.3204565
331975158,1,3,-1.6621436,-17.023798,-6.340814
331975168,1,3,-1.3627661,-17.603394,-6.4821205
331975178,1,3,-0.8202942,-17.544716,-7.133566
331975188,1,3,-1.299298,-17.290844,-7.514374
331975198,1,3,-1.592688,-16.923208,-8.143066
331975208,1,3,-1.7136365,-16.265776,-8.291557
331975217,1,3,-1.4765296,-15.868202,-8.624465
331975227,1,3,-1.1807446,-15.265855,-8.297545
331975237,1,3,-0.7388635,-14.625187,-8.077204
331975264,1,3,-0.29219237,-13.839621,-7.556287
331975273,1,3,-0.07783814,-12.973821,-6.8820887
331975283,1,3,0.20118164,-12.036171,-6.4066772
331975293,1,3,-0.0023950196,-11.587105,-6.1324477
331975303,1,3,-0.21794678,-11.672128,-5.816305
331975313,1,3,-0.7316785,-12.015813,-5.7755895
331975323,1,3,-1.0669812,-12.284055,-5.748047
331975333,1,3,-1.2274475,-12.912747,-5.715714
331975343,1,3,-1.3879138,-13.457615,-5.6019506
331975352,1,3,-1.4717395,-14.047987,-5.5301
331975362,1,3,-1.470542,-14.900614,-5.332511
331975372,1,3,-1.6286132,-16.156801,-5.3600535
331975382,1,3,-2.0824695,-17.531544,-4.867877
331975392,1,3,-2.494413,-18.33148,-4.1397915
331975402,1,3,-3.1410682,-18.826052,-3.4871485
331975412,1,3,-3.8284388,-19.12902,-3.1003528
331975422,1,3,-4.7696815,-19.180513,-2.8788135
331975431,1,3,-5.684579,-19.06675,-2.203418
331975441,1,3,-6.5934887,-18.582956,-1.3807287
331975451,1,3,-7.211404,-17.629738,-0.7472461
331975461,1,3,-7.550299,-16.068186,0.082628176
331975471,1,3,-7.34313,-14.172528,0.5556445
331975481,1,3,-6.7359924,-12.251722,1.23104
331975491,1,3,-5.7516394,-10.211165,1.8621277
331975501,1,3,-4.6619053,-8.424481,2.098037
331975510,1,3,-3.2895594,-6.4378123,2.0621119
331975520,1,3,-1.9842737,-4.8331494,1.7699194
331975530,1,3,-0.9807605,-3.6583924,1.2142749
331975540,1,3,0.020357667,-2.6620643,0.81310916
331975550,1,3,0.41194335,-1.6130457,0.36524048
331975560,1,3,0.7113208,-0.49696654,-0.07903565
331975570,1,3,0.6442602,0.6334827,-0.22992188
331975580,1,3,0.7268884,1.9842737,-0.26824218
331975589,1,3,0.75083864,3.3578174,-0.33171022
331975599,1,3,0.9136999,4.5888577,-0.8430469
331975609,1,3,1.3172607,5.5660253,-1.9411633
331975619,1,3,1.6166382,6.302494,-2.2477257
331975629,1,3,1.8453625,6.194718,-2.4704626
331975639,1,3,2.1112096,5.812712,-2.6584716
331975649,1,3,2.2333558,5.2510805,-2.5830286
331975659,1,3,2.14474,4.4403663,-2.6213489
331975668,1,3,1.6621436,3.5338514,-2.6441016
331975678,1,3,1.1687695,2.386637,-2.8692334
331975688,1,3,0.91849,1.2717553,-3.0129347
331975698,1,3,1.0909314,-0.0742456,-3.2572265
331975708,1,3,1.3950989,-1.7663269,-3.5338514
331975718,1,3,1.477727,-3.3422499,-3.514691
331975728,1,3,1.6310083,-4.9385304,-3.270399
331975738,1,3,1.6669335,-6.370752,-3.3626075
331975747,1,3,1.6741186,-7.547904,-3.4141004
331975757,1,3,1.5148499,-8.547825,-3.1326857
331975767,1,3,1.2813355,-9.086704,-3.0919702
331975777,1,3,0.7759863,-9.753717,-2.9159362
331975787,1,3,-0.04790039,-10.280622,-2.9722192
331975797,1,3,-0.8190967,-11.27695,-3.2440538
331975807,1,3,-1.526825,-12.340338,-3.314707
331975817,1,3,-2.3447242,-13.175002,-3.263214
331975826,1,3,-3.114723,-13.523478,-2.8045678
331975836,1,3,-4.160149,-13.73424,-2.6273365
331975846,1,3,-5.277426,-13.966557,-2.8560607
331975856,1,3,-5.6797886,-14.116245,-3.2763867
331975866,1,3,-5.5947657,-14.390475,-3.3410523
331975876,1,3,-5.0642686,-14.579681,-2.762655
331975886,1,3,-4.380491,-14.892231,-2.7842102
331975896,1,3,-4.437971,-15.347285,-2.9841943
331975905,1,3,-4.9540977,-15.874189,-3.5757642
331975915,1,3,-6.2414207,-16.696878,-4.2200246
331975925,1,3,-7.4317455,-17.593813,-4.3685155
331975935,1,3,-8.890312,-18.793718,-3.6955152
331975945,1,3,-10.0626745,-19.768492,-2.9171338
331975961,1,3,-10.771601,-20.243902,-1.9315833
331975971,1,3,-10.688972,-20.39,-1.4250367
331975981,1,3,-10.31535,-20.472628,-0.9951306
331975990,1,3,-9.562116,-20.282223,-0.6610254
331976000,1,3,-8.982521,-19.82717,-0.549657
331976010,1,3,-8.462802,-18.987715,-0.5484595
331976020,1,3,-8.192164,-17.81176,-0.65623534
331976030,1,3,-7.9083543,-16.265776,-0.7652087
331976040,1,3,-7.643705,-14.501843,-1.0310559
331976050,1,3,-6.8006577,-12.802577,-1.0765613
331976060,1,3,-5.9923387,-11.572735,-1.2454102
331976069,1,3,-5.2558703,-10.893746,-1.1160791
331976079,1,3,-4.6355605,-10.273437,-0.9927356
331976089,1,3,-4.2439747,-9.885443,-1.0609937
331976099,1,3,-4.0320153,-9.467512,-1.4861096
331976109,1,3,-4.0679407,-9.057964,-1.6705261
331976119,1,3,-4.1876917,-8.5598,-2.090852
331976129,1,3,-4.2810974,-7.946675,-2.318379
331976138,1,3,-4.253555,-7.2066135,-2.4704626
331976148,1,3,-4.176914,-6.4569726,-2.4968078
331976158,1,3,-4.022435,-5.8270826,-2.4129822
331976168,1,3,-3.9386096,-5.252278,-2.2824535
331976178,1,3,-3.7757483,-4.778064,-2.1171973
331976188,1,3,-3.556604,-4.564907,-2.2165906
331976198,1,3,-3.6236646,-4.7110033,-2.1734803
331976208,1,3,-3.5805542,-5.197192,-1.9148182
331976217,1,3,-3.6847374,-5.7025414,-1.9016455
331976227,1,3,-3.6021094,-6.029462,-1.6669335
331976237,1,3,-3.556604,-6.058202,-1.4717395
331976247,1,3,-3.2440538,-5.706134,-1.4573693
331976257,1,3,-2.9602442,-5.422324,-1.3196558
331976267,1,3,-2.767445,-4.9505053,-1.2981006
331976277,1,3,-2.530338,-4.678671,-1.5076648
331976287,1,3,-2.2896388,-4.501439,-1.3998889
331976296,1,3,-2.2118006,-4.2571473,-1.2549902
331976306,1,3,-2.1746778,-3.9972875,-1.2502002
331976316,1,3,-2.090852,-3.8487964,-1.3735437
331976326,1,3,-2.020199,-3.6320472,-1.4418018
331976336,1,3,-2.1279747,-3.610492,-1.5028747
331976346,1,3,-2.2381458,-3.6703675,-1.4885046
331976356,1,3,-2.254911,-3.5829492,-1.3040881
331976366,1,3,-2.4848328,-3.7529955,-1.3843213
331976375,1,3,-2.4752526,-3.7829332,-1.0909314
331976385,1,3,-2.6608667,-3.8559813,-1.0214758
331976395,1,3,-2.8464806,-4.199667,-0.76281375
331976405,1,3,-2.9698243,-4.6331654,-0.78915894
331976415,1,3,-3.253634,-5.20318,-0.7364685
331976425,1,3,-3.4763708,-5.6247034,-0.69216067
331976435,1,3,-3.6524048,-5.931266,-0.8945398
331976445,1,3,-3.6416273,-6.4246397,-1.3783337
331976454,1,3,-3.7829332,-7.301217,-1.5447876
331976464,1,3,-3.803291,-8.5598,-1.5435901
331976474,1,3,-4.1194334,-9.889035,-1.1567944
331976484,1,3,-4.381688,-10.859018,-0.6861731
331976494,1,3,-4.7612987,-11.920012,-0.48379394
331976504,1,3,-5.2882032,-12.787009,-0.26704466
331976514,1,3,-5.6881714,-13.619279,-0.0035925293
331976524,1,3,-6.084547,-13.83004,0.40595582
331976533,1,3,-6.2713585,-13.943804,0.68497556
331976543,1,3,-6.3815293,-13.895904,0.8358618
331976553,1,3,-6.478528,-14.15217,1.0142908
331976563,1,3,-6.4737377,-14.677877,1.3028907
331976573,1,3,-6.3815293,-15.019168,1.6944764
331976583,1,3,-6.055807,-15.245497,1.848955
331976593,1,3,-5.586383,-15.149696,1.6669335
331976603,1,3,-5.071454,-14.79164,1.5567627
331976612,1,3,-4.3613305,-14.179713,1.1807446
331976622,1,3,-3.7793407,-13.401332,0.674198
331976632,1,3,-3.4727783,-12.664864,0.05149292
331976642,1,3,-3.2680042,-12.117601,-0.6215076
331976652,1,3,-3.2440538,-11.645782,-1.0621911
331976662,1,3,-3.253634,-11.373948,-1.6142431
331976672,1,3,-3.1638207,-11.167976,-2.015409
331976682,1,3,-2.880011,-10.758428,-2.6632617
331976691,1,3,-2.4201672,-10.461445,-3.382965
331976701,1,3,-1.8968555,-10.178833,-4.343368
331976711,1,3,-1.6789087,-10.140512,-5.0750465
331976721,1,3,-1.4549744,-10.249486,-5.8570204
331976731,1,3,-1.4849122,-10.609937,-6.3863196
331976741,1,3,-1.5699353,-10.960807,-7.298822
331976751,1,3,-1.3711487,-11.121273,-8.626861
331976761,1,3,-0.96040285,-11.262579,-10.081835
331976770,1,3,-0.3580554,-11.626622,-11.427835
331976780,1,3,0.6382727,-12.193045,-12.293635
331976790,1,3,1.660946,-13.107942,-12.424164
331976800,1,3,2.8644433,-13.8755455,-12.585828
331976810,1,3,3.7218604,-13.755795,-12.024196
331976820,1,3,4.3852806,-13.009747,-12.067306
331976830,1,3,4.6128078,-11.896062,-11.724818
331976839,1,3,4.5397596,-11.236234,-11.269764
331976849,1,3,4.538562,-10.886561,-9.974059
331976859,1,3,4.6894484,-10.760822,-8.363408
331976869,1,3,4.9780483,-10.341694,-6.8066454
331976879,1,3,5.4977674,-9.768087,-5.936056
331976889,1,3,5.7312818,-9.059161,-4.812792
331976899,1,3,5.7025414,-8.340655,-4.1948767
331976909,1,3,5.7779846,-7.8089614,-3.7649708
331976918,1,3,5.3145485,-7.460486,-3.265609
331976928,1,3,4.655918,-7.261699,-2.75068
331976938,1,3,4.120631,-6.957532,-2.5830286
331976948,1,3,3.6500099,-6.5575633,-2.1315675
331976958,1,3,3.3003368,-6.13125,-1.778302
331976968,1,3,3.0955627,-5.742059,-1.3088782
331976978,1,3,2.884801,-5.3875966,-0.95441526
331976988,1,3,2.6441016,-5.1504893,-0.8849597
331976997,1,3,2.2129982,-5.393584,-1.0753638
331977007,1,3,1.5962806,-5.649851,-1.3795313
331977017,1,3,1.033451,-5.8881555,-1.3232483
331977027,1,3,0.5017566,-6.4186525,-1.8321899
331977037,1,3,0.35326537,-6.14083,-2.7770252
331977047,1,3,0.5125342,-5.437892,-3.1410682
331977057,1,3,0.48738647,-6.177953,-3.5973194
331977067,1,3,0.43709105,-7.3119946,-4.076323
331977076,1,3,0.44547364,-8.153844,-4.054768
331977096,1,3,0.8981323,-8.055648,-4.2822948
331977106,1,3,1.2022998,-7.423363,-4.757706
331977116,1,3,1.0130932,-6.8258057,-5.51094
331977126,1,3,0.5508545,-6.74677,-6.2474084
331977136,1,3,0.05269043,-6.8880763,-6.73719
331977146,1,3,-0.30296996,-7.3706727,-7.3575
331977156,1,3,-0.63108766,-7.683223,-8.111931
331977166,1,3,-0.6095325,-8.037685,-8.823252
331977175,1,3,-0.5831873,-8.498727,-9.336984
331977185,1,3,-0.48858398,-9.107061,-9.514215
331977195,1,3,-0.26704466,-9.897418,-9.442365
331977205,1,3,-0.07664063,-10.740465,-9.277108
331977215,1,3,-0.1472937,-11.552377,-8.750204
331977225,1,3,-0.2933899,-12.492422,-8.693921
331977235,1,3,-0.75682616,-13.766572,-8.965755
331977245,1,3,-1.6082556,-15.173646,-8.6208725
331977254,1,3,-2.8165429,-16.428637,-8.196955
331977264,1,3,-4.042793,-17.416582,-7.770641
331977274,1,3,-5.144502,-17.954264,-7.4413257
331977284,1,3,-5.9001307,-18.118322,-7.1311707
331977294,1,3,-6.3288393,-18.325493,-6.9826794
331977304,1,3,-6.413862,-18.245258,-6.5946865
331977314,1,3,-6.1743603,-17.930313,-5.7121215
331977324,1,3,-5.4821997,-17.52795,-4.61161
331977333,1,3,-5.005591,-17.19145,-3.290757
331977343,1,3,-4.5684996,-17.298029,-2.347119
331977353,1,3,-4.5301795,-17.621357,-1.2466077
331977363,1,3,-4.9361353,-18.260826,-0.5484595
331977373,1,3,-5.2582655,-18.903889,0.083825685
331977383,1,3,-5.691764,-19.117046,0.28500733
331977393,1,3,-5.9707837,-18.7542,0.35087037
331977403,1,3,-6.0414367,-18.33627,0.34967285
331977412,1,3,-6.1611876,-17.997374,0.44667113
331977422,1,3,-6.2797413,-17.565073,1.0370435
331977432,1,3,-6.2174706,-16.675323,1.5591577
331977442,1,3,-6.0977197,-15.720908,2.2022204
331977452,1,3,-6.1228676,-14.847923,2.5099804
331977462,1,3,-6.12167,-13.552218,2.5339308
331977472,1,3,-5.901328,-11.708053,2.8177404
331977482,1,3,-5.629493,-10.21835,2.5806336
331977491,1,3,-5.054689,-7.850874,1.3867164
331977501,1,3,-4.24637,-4.7936316,0.20956421
331977511,1,3,-3.0057495,-2.1016297,-1.2226574
331977521,1,3,-1.9351758,0.067060545,-2.0896544
331977531,1,3,-0.40116578,1.2370276,-2.6848168
331977541,1,3,0.979563,1.6956738,-2.4740553
331977551,1,3,2.029779,1.3663586,-2.13037
331977561,1,3,2.3806493,0.14010864,-1.2801379
331977570,1,3,1.9088305,-0.88974977,-0.6598279
331977580,1,3,2.0561242,0.11735596,0.7855664
331977590,1,3,2.5075855,1.3998889,0.14250366
331977600,1,3,2.501598,2.6740394,-1.0502161
331977610,1,3,2.7446923,3.8583765,-1.7771045
331977620,1,3,2.9494665,3.9757323,-2.3998096
331977630,1,3,3.0368848,3.6308496,-2.5782385
331977640,1,3,3.014132,3.0859826,-2.290836
331977649,1,3,2.9183314,2.518363,-2.381847
331977659,1,3,2.9147387,2.271676,-2.3758593
331977669,1,3,2.9327013,1.834585,-2.7614574
331977679,1,3,2.550696,1.1963123,-2.3004162
331977689,1,3,1.9842737,0.2335144,-2.0142114
331977699,1,3,1.658551,-0.9675879,-1.6813037
331977709,1,3,1.5819104,-2.1830604,-1.9184107
331977719,1,3,1.3184582,-3.2045362,-1.651366
331977728,1,3,1.275348,-3.9960902,-1.6118481
331977738,1,3,1.5435901,-4.5960426,-1.8297949
331977748,1,3,1.8621277,-5.835465,-2.5027955
331977758,1,3,1.7220191,-7.5514965,-3.0296998
331977768,1,3,1.111289,-9.714199,-2.823728
331977778,1,3,0.18920654,-11.953543,-2.945874
331977788,1,3,-0.7484436,-13.634846,-3.1015503
331977798,1,3,-1.1867322,-14.657519,-4.174519
331977807,1,3,-1.2933105,-14.844331,-5.373226
331977817,1,3,-1.3244458,-15.116166,-6.40548
331977827,1,3,-1.0945239,-16.193924,-6.822213
331977837,1,3,-1.0717713,-17.529148,-6.46775
331977847,1,3,-1.045426,-18.246456,-5.8270826
331977857,1,3,-1.2633728,-18.284777,-5.7312818
331977867,1,3,-1.6932788,-17.627344,-5.597161
331977877,1,3,-1.9758911,-16.37355,-5.637876
331977886,1,3,-2.0489392,-15.164066,-5.5432725
331977896,1,3,-1.6884887,-14.032419,-5.3289185
331977906,1,3,-1.096919,-12.828922,-5.126539
331977916,1,3,-0.53289187,-12.056528,-4.8966174
331977926,1,3,0.023950195,-11.405083,-4.7385464
331977936,1,3,0.30296996,-11.070978,-4.4439588
331977946,1,3,0.59635985,-10.856624,-4.1242237
331977963,1,3,0.5760022,-10.97398,-3.297942
331977973,1,3,0.59516233,-11.199111,-2.6596692
331977983,1,3,0.7197034,-10.508148,-2.029779
331977993,1,3,0.7197034,-9.899814,-1.7519568
331978003,1,3,0.5161267,-9.278306,-1.3627661
331978013,1,3,0.4897815,-8.459209,-1.0130932
331978022,1,3,0.33410522,-7.486831,-0.6143225
331978032,1,3,0.027542725,-6.4330225,0.026345216
331978042,1,3,-0.7364685,-6.276149,0.43709105
331978052,1,3,-0.9891431,-6.276149,0.20597167
331978062,1,3,-1.583108,-6.1611876,-0.7041357
331978072,1,3,-1.8285974,-6.342012,-2.5554857
331978082,1,3,-2.2884412,-7.037765,-3.8044884
331978092,1,3,-2.8033705,-8.6699705,-5.1133666
331978101,1,3,-3.0153296,-10.442286,-5.6654186
331978111,1,3,-3.0500574,-12.533137,-5.391189
331978121,1,3,-3.558999,-14.968872,-4.160149
331978131,1,3,-4.3134303,-16.80226,-2.2656884
331978141,1,3,-5.308561,-17.299227,-0.5269043
331978151,1,3,-6.7695227,-16.814234,0.14010864
331978161,1,3,-8.383766,-15.632293,-0.1484912
331978170,1,3,-10.227931,-14.11864,-0.6730005
331978180,1,3,-12.019405,-13.036091,-1.6801062
331978190,1,3,-13.371394,-12.393028,-2.880011
331978200,1,3,-13.821658,-12.337943,-3.422483
331978210,1,3,-13.364209,-12.421769,-3.9924974
331978220,1,3,-12.322375,-12.567865,-3.7601807
331978230,1,3,-11.081756,-12.85407,-3.2093263
331978240,1,3,-9.695039,-12.456496,-2.654879
331978249,1,3,-8.424481,-11.336825,-2.5051904
331978259,1,3,-7.6940002,-10.413545,-2.4788451
331978269,1,3,-7.4054003,-9.832752,-2.6752367
331978279,1,3,-7.2652917,-9.726174,-2.8333082
331978289,1,3,-7.218589,-9.519005,-2.9518616
331978299,1,3,-7.037765,-9.305848,-3.0991552
331978309,1,3,-6.6773143,-9.028027,-3.2320788
331978319,1,3,-6.182743,-8.623268,-3.2859669
331978328,1,3,-5.7384667,-8.265212,-3.2847693
331978338,1,3,-5.302573,-8.146659,-3.070415
331978348,1,3,-4.9696655,-8.083191,-2.8452833
331978358,1,3,-4.700226,-8.010143,-2.494413
331978368,1,3,-4.367318,-7.7598634,-2.1183949
331978378,1,3,-4.093088,-7.260502,-1.8262024
331978388,1,3,-3.8272412,-6.873706,-1.4561719
331978398,1,3,-3.6045043,-6.5671434,-0.97597045
331978407,1,3,-3.2692018,-6.3432093,-0.8095166
331978417,1,3,-2.9075537,-6.2174706,-1.0681787
331978427,1,3,-2.689607,-6.253396,-1.4441968
331978437,1,3,-2.5171654,-6.0953245,-1.7531543
331978447,1,3,-2.342329,-6.133645,-1.8764977
331978457,1,3,-2.3099964,-6.3551846,-1.8836828
331978467,1,3,-2.2393432,-6.7970653,-1.6417859
331978477,1,3,-2.1004322,-6.822213,-1.275348
331978486,1,3,-1.9303857,-6.3719497,-0.9352551
331978496,1,3,-1.9722986,-5.749244,-0.4394861
331978506,1,3,-1.6597486,-5.0846267,-0.54247195
331978516,1,3,-1.773512,-4.58287,-0.64186525
331978526,1,3,-1.9447559,-4.366121,-0.66940796
331978536,1,3,-2.0429516,-4.461921,-0.71730834
331978546,1,3,-2.2968237,-5.205575,-0.72808594
331978556,1,3,-2.75068,-5.938451,-0.5149292
331978565,1,3,-3.018922,-6.5599585,-0.70653075
331978575,1,3,-3.4284704,-7.425758,-1.1687695
331978585,1,3,-4.1373963,-8.60291,-1.2813355
331978595,1,3,-4.4715014,-9.631571,-1.2466077
331978605,1,3,-4.877457,-10.687775,-1.047821
331978615,1,3,-5.3923864,-11.995456,-0.5340893
331978625,1,3,-5.8474402,-12.929513,-0.57480466
331978634,1,3,-6.070177,-13.0313015,-0.3580554
331978644,1,3,-6.2078905,-13.592934,-0.2574646
331978654,1,3,-6.3348265,-14.328204,-0.1101709
331978664,1,3,-6.6641417,-14.796431,-0.2814148
331978674,1,3,-6.949149,-14.616804,-1.0214758
331978684,1,3,-7.2485266,-14.176121,-1.7639319
331978694,1,3,-7.635322,-14.2551565,-1.9866687
331978704,1,3,-7.486831,-15.36405,-3.258424
331978713,1,3,-6.7276096,-16.690891,-3.942202
331978723,1,3,-6.781498,-17.505198,-3.5889368
331978733,1,3,-6.258186,-17.420174,-4.0320153
331978743,1,3,-6.15041,-15.96041,-3.8679566
331978753,1,3,-6.018684,-14.182108,-3.4596057
331978763,1,3,-5.774392,-12.85407,-2.6177564
331978773,1,3,-5.4534593,-11.587105,-1.834585
331978783,1,3,-5.0283437,-10.471025,-1.1532019
331978792,1,3,-4.390071,-9.753717,-0.87298465
331978802,1,3,-3.9924974,-10.196795,-0.6777905
331978812,1,3,-2.9602442,-11.027867,-0.549657
331978822,1,3,-2.1806653,-11.94516,-0.7197034
331978832,1,3,-1.233435,-12.558285,-1.1184741
331978842,1,3,0.33410522,-12.412189,-1.7315991
331978852,1,3,1.3711487,-12.51757,-2.403402
331978861,1,3,2.9482691,-12.297228,-3.2596216
331978871,1,3,3.984115,-12.01222,-4.0020776
331978881,1,3,5.2702403,-12.084071,-4.5074267
331978891,1,3,6.46775,-12.719949,-4.973258
331978901,1,3,6.9192114,-13.646821,-5.2091675
331978911,1,3,7.1778736,-14.052777,-5.447472
331978921,1,3,7.2856493,-13.82046,-5.955216
331978931,1,3,6.779103,-13.480368,-6.201903
331978940,1,3,6.707252,-12.112811,-5.2810183
331978950,1,3,6.4234424,-11.805051,-5.980364
331978960,1,3,5.3337083,-11.427835,-4.58287
331978970,1,3,5.003196,-10.927277,-3.9601648
331978980,1,3,4.3218126,-10.009984,-3.2883618
331978990,1,3,3.7577856,-8.489147,-2.46687
331979000,1,3,3.4524207,-6.7359924,-1.607058
331979010,1,3,3.0081446,-4.9385304,-0.8430469
331979019,1,3,2.6884093,-2.8488758,-0.984353
331979029,1,3,2.1555176,-0.8813672,-1.5603552
331979039,1,3,0.8945398,0.08741821,-1.8824854
331979049,1,3,-0.05508545,0.49097902,-1.9136206
331979059,1,3,-0.57001466,0.85382444,-1.7519568
331979069,1,3,-0.69455564,1.0250684,-1.7339941
331979079,1,3,-0.70174074,1.0621911,-1.3004956
331979088,1,3,-0.62390256,0.91010743,-0.8466394
331979098,1,3,-0.732876,0.38799316,-0.30776
331979108,1,3,-1.1520044,-0.104183346,0.08981323
331979118,1,3,-1.7447717,-0.4047583,0.12933105
331979128,1,3,-2.1579125,-0.6825806,0.0119750975
331979138,1,3,-2.2333558,-1.0597961,-0.27183473
331979148,1,3,-2.0513341,-1.096919,-0.43589357
331979158,1,3,-1.5735278,-0.7843689,-0.91010743
331979167,1,3,-1.2585827,-0.796344,-1.1915222
331979177,1,3,-1.108894,-1.1891272,-1.2358301
331979187,1,3,-1.096919,-2.2656884,-1.1663746
331979197,1,3,-1.0753638,-3.4967284,-1.4441968
331979207,1,3,-1.2226574,-4.3122325,-1.6154407
331979217,1,3,-1.0130932,-4.8163843,-1.9315833
331979227,1,3,-0.8693921,-5.9228835,-2.5363257
331979237,1,3,-0.9364526,-7.5850267,-2.5962012
331979246,1,3,-1.2202624,-9.461525,-2.550696
331979256,1,3,-1.5100598,-11.340418,-2.274071
331979266,1,3,-1.6884887,-12.400213,-2.454895
331979276,1,3,-1.6298108,-12.790602,-2.5435107
331979286,1,3,-1.4897021,-12.673245,-2.8644433
331979296,1,3,-1.3352234,-12.557087,-2.842888
331979306,1,3,-1.6046631,-12.249328,-2.6955945
331979316,1,3,-2.2417383,-12.176279,-2.4716601
331979325,1,3,-3.1278956,-13.001364,-2.0022364
331979335,1,3,-3.4093103,-13.370196,-1.2454102
331979345,1,3,-3.2189062,-13.15704,-1.0538086
331979355,1,3,-2.7494824,-12.870835,-0.9568103
331979378,1,3,-2.1818628,-13.006153,-0.7688013
331979387,1,3,-1.8872753,-13.19536,-0.5173242
331979397,1,3,-2.2094054,-13.272,-0.20357665
331979407,1,3,-2.5973988,-13.103152,-0.05388794
331979417,1,3,-3.1350806,-13.004956,0.085023195
331979427,1,3,-3.5530114,-13.19057,0.36164796
331979437,1,3,-3.5338514,-13.669574,0.40236327
331979447,1,3,-3.3650024,-14.247972,0.93765014
331979457,1,3,-3.0440698,-14.669495,0.91489744
331979466,1,3,-3.1003528,-15.550861,1.0825489
331979476,1,3,-3.5242712,-16.72442,1.0550061
331979486,1,3,-4.069138,-17.57106,1.1543994
331979496,1,3,-4.6834607,-17.745897,0.7699988
331979506,1,3,-5.1193542,-17.030983,0.6167175
331979516,1,3,-5.5875807,-15.870597,0.29817992
331979526,1,3,-5.7911572,-14.464721,0.14609618
331979536,1,3,-5.767207,-13.20494,0.19998413
331979545,1,3,-5.522915,-11.764336,0.5556445
331979555,1,3,-5.071454,-10.638677,0.37601808
331979565,1,3,-4.4894643,-9.792037,0.6442602
331979575,1,3,-3.8200562,-9.150172,0.13771363
331979585,1,3,-3.0716126,-8.922646,-0.9472302
331979595,1,3,-2.311194,-9.519005,-2.4297473
331979605,1,3,-1.6034656,-10.490186,-4.059558
331979615,1,3,-0.65743285,-11.57992,-5.395979
331979624,1,3,0.19998413,-12.476854,-5.8785753
331979634,1,3,0.7879614,-13.80609,-5.301376
331979644,1,3,0.8837622,-15.571219,-3.5745666
331979654,1,3,1.0442286,-16.865728,-2.4417224
331979664,1,3,1.0178833,-16.823814,-2.283651
331979674,1,3,1.775907,-15.949633,-3.8811293
331979684,1,3,2.7207422,-15.362853,-4.716991
331979693,1,3,3.937412,-14.635964,-5.8809705
331979703,1,3,5.197192,-14.00847,-5.9695864
331979713,1,3,5.8103175,-13.427677,-5.603148
331979723,1,3,5.2570677,-13.092374,-5.1924024
331979733,1,3,4.2595425,-12.626543,-4.1661363
331979743,1,3,3.5482213,-11.963122,-3.9661524
331979753,1,3,2.8859985,-11.340418,-3.7086878
331979763,1,3,2.4525,-10.878179,-3.497926
331979772,1,3,2.3519092,-10.084229,-3.3398547
331979782,1,3,2.2465284,-8.856782,-3.6547997
331979792,1,3,2.0848646,-7.1120105,-3.8655615
331979802,1,3,2.1830604,-5.381609,-4.414021
331979812,1,3,2.0525317,-3.5554066,-4.4595265
331979822,1,3,1.959126,-2.088457,-4.572092
331979832,1,3,1.8453625,-0.83945435,-4.5780797
331979842,1,3,1.9998413,0.0,-3.6524048
331979851,1,3,1.9758911,0.4790039,-2.8225305
331979861,1,3,1.6561561,0.71251833,-1.9088305
331979871,1,3,1.4130615,0.8705896,-0.88855225
331979881,1,3,0.93884766,0.9903406,0.25506958
331979891,1,3,0.18082398,1.2525952,1.2118798
331979901,1,3,-0.36524048,1.8070422,1.8501526
331979911,1,3,-1.0382409,2.1854553,2.071692
331979921,1,3,-1.5675403,2.4704626,2.0645068
331979930,1,3,-2.0764818,2.4489074,1.7567468
331979940,1,3,-1.971101,2.2417383,1.2669654
331979950,1,3,-1.714834,1.7040564,1.1903247
331979960,1,3,-1.3340259,0.61552,1.1124866
331979970,1,3,-0.9292676,-0.51971924,0.796344
331979980,1,3,-0.61911255,-1.4597644,0.56881714
331979990,1,3,-0.20357665,-2.029779,0.57480466
331980000,1,3,0.22872436,-2.3447242,-0.081430666
331980009,1,3,0.798739,-3.1626234,-0.83825684
331980019,1,3,0.9424402,-4.6690907,-1.4693445
331980029,1,3,1.1939173,-6.725215,-1.7351917
331980039,1,3,1.6178356,-9.166937,-1.3376184
331980049,1,3,2.278861,-11.589499,-0.68497556
331980059,1,3,2.863246,-13.331876,-0.025147704
331980069,1,3,3.3374598,-14.282699,-0.21435425
331980079,1,3,3.6068995,-15.023957,-0.9472302
331980088,1,3,2.8536658,-15.725698,-1.2106824
331980098,1,3,1.5735278,-16.91243,-1.0981164
331980108,1,3,0.16765137,-17.959053,-0.7149133
331980118,1,3,-0.7975415,-18.543438,-0.12933105
331980128,1,3,-0.9951306,-18.439255,0.3556604
331980138,1,3,-0.7364685,-17.983004,0.864602
331980148,1,3,-0.17723145,-17.444124,0.93884766
331980157,1,3,0.05269043,-16.698076,0.15447876
331980167,1,3,-0.08741821,-16.185541,0.2586621
331980177,1,3,-0.27183473,-16.155603,0.38080812
331980187,1,3,-0.5987549,-16.26817,0.49696654
331980197,1,3,-0.9807605,-16.007113,0.77838135
331980207,1,3,-0.9951306,-15.332915,1.0849439
331980217,1,3,-0.9915381,-14.591657,1.0645862
331980227,1,3,-1.0873389,-14.136602,0.9340576
331980244,1,3,-1.1879296,-13.986914,1.1244617
331980254,1,3,-1.4537768,-13.673166,1.1819421
331980264,1,3,-1.595083,-13.167817,1.111289
331980274,1,3,-1.8944604,-12.537928,1.0502161
331980284,1,3,-2.0609143,-12.309203,0.8813672
331980294,1,3,-2.1016297,-11.05062,1.7100439
331980304,1,3,-2.1219873,-10.558444,1.7687219
331980314,1,3,-1.9543359,-10.072254,1.5148499
331980323,1,3,-1.6789087,-9.547746,1.1208692
331980333,1,3,-1.0298584,-9.101074,0.4646338
331980343,1,3,-0.48858398,-8.842412,-0.45744872
331980353,1,3,0.12573853,-8.667576,-1.2609777
331980363,1,3,0.7699988,-8.484357,-1.902843
331980373,1,3,1.3771362,-8.680748,-2.6369164
331980383,1,3,1.8405725,-9.426797,-3.3446448
331980393,1,3,2.066902,-10.484198,-3.5853443
331980402,1,3,2.3555017,-12.111614,-4.2104445
331980412,1,3,2.3710694,-13.850398,-4.770879
331980422,1,3,2.386637,-15.318545,-5.2343154
331980432,1,3,2.327959,-16.411871,-5.3456836
331980442,1,3,2.0728893,-16.664545,-5.846243
331980452,1,3,1.9327807,-16.23943,-5.8318725
331980462,1,3,1.4944922,-15.401173,-5.981561
331980472,1,3,1.3088782,-14.4874735,-6.016289
331980481,1,3,1.2454102,-13.565391,-5.6414685
331980491,1,3,1.4693445,-13.415702,-5.351671
331980501,1,3,1.6453785,-13.433664,-4.8415318
331980511,1,3,1.6525635,-13.075609,-4.8642845
331980521,1,3,1.5364051,-12.698394,-4.55892
331980531,1,3,1.4801221,-11.826607,-4.3134303
331980541,1,3,1.5328125,-10.75244,-3.8679566
331980551,1,3,1.780697,-9.994416,-3.1015503
331980560,1,3,2.0537293,-9.010063,-2.2884412
331980570,1,3,1.7627344,-7.820936,-1.8034497
331980580,1,3,1.346001,-6.325247,-1.5328125
331980590,1,3,1.0873389,-4.780459,-1.6154407
331980600,1,3,0.86699706,-3.6476147,-0.5448669
331980610,1,3,0.40236327,-2.877616,-1.0729687
331980620,1,3,0.26704466,-1.4154565,-0.8454419
331980629,1,3,0.2933899,-0.7424561,-0.9017249
331980639,1,3,0.27303222,-0.07185058,-0.8981323
331980649,1,3,0.22513184,0.20118164,-0.96399534
331980659,1,3,0.21315674,0.31374756,-1.035846
331980669,1,3,-0.09460327,0.21076173,-1.0657837
331980679,1,3,-0.49576905,0.032332763,-0.55324954
331980689,1,3,-0.67898804,-0.2933899,-0.13172607
331980699,1,3,-0.8801697,-0.796344,0.6646179
331980708,1,3,-1.101709,-1.3962964,1.4908997
331980718,1,3,-1.2454102,-1.961521,2.2010229
331980728,1,3,-1.4082714,-2.347119,2.318379
331980738,1,3,-1.6058606,-2.5950036,1.8764977
331980748,1,3,-1.7675244,-2.5207582,1.2130774
331980758,1,3,-1.7699194,-2.3531067,0.4394861
331980768,1,3,-1.714834,-2.5842261,-0.49097902
331980778,1,3,-1.7651294,-3.7050953,-1.0142908
331980787,1,3,-1.9363732,-5.2426977,-1.4346167
331980797,1,3,-2.1686902,-7.021,-1.4609619
331980807,1,3,-2.1758752,-8.565787,-1.5124549
331980817,1,3,-2.278861,-9.334589,-1.541195
331980827,1,3,-2.266886,-9.303453,-1.8082397
331980837,1,3,-1.9208057,-8.869955,-2.7207422
331980847,1,3,-1.8178198,-8.580157,-3.109933
331980857,1,3,-2.0968397,-8.532257,-2.7973828
331980866,1,3,-2.7195446,-8.757389,-2.147135
331980876,1,3,-3.573369,-9.011261,-1.52922
331980886,1,3,-4.0823107,-9.730965,-1.3040881
331980896,1,3,-4.445156,-10.926079,-0.8250842
331980906,1,3,-4.4032435,-11.891272,-0.5149292
331980916,1,3,-3.9757323,-12.355906,-0.9340576
331980926,1,3,-3.4500256,-13.026511,-1.8022522
331980942,1,3,-3.263214,-13.671969,-2.3782544
331980952,1,3,-2.8907886,-14.573694,-3.6021094
331980961,1,3,-2.633324,-14.974859,-4.6547203
331980971,1,3,-2.5518932,-14.982044,-5.295388
331980981,1,3,-2.2632935,-15.089821,-5.795947
331980991,1,3,-2.1974304,-15.673008,-5.771997
331981001,1,3,-2.5494983,-16.468155,-5.2355127
331981011,1,3,-2.8297155,-16.949553,-4.8666797
331981021,1,3,-2.957849,-16.58072,-4.574487
331981030,1,3,-2.6884093,-15.868202,-4.572092
331981040,1,3,-2.3602917,-15.135326,-4.694238
331981050,1,3,-2.3638842,-14.638359,-4.6966333
331981060,1,3,-2.1818628,-14.051579,-4.8654823
331981070,1,3,-2.1698878,-13.505515,-5.2019825
331981080,1,3,-2.1327648,-12.972623,-5.619913
331981090,1,3,-1.9770886,-12.634926,-6.14083
331981100,1,3,-1.355581,-12.619358,-6.461763
331981109,1,3,-0.8562195,-12.494817,-6.5695386
331981119,1,3,-0.30776,-12.191847,-6.5108604
331981129,1,3,-0.122145995,-12.005035,-6.4402075
331981139,1,3,0.039517824,-11.6805105,-6.4593678
331981149,1,3,0.081430666,-11.212284,-6.218668
331981159,1,3,0.13172607,-10.771601,-6.321654
331981169,1,3,0.09460327,-10.083033,-6.258186
331981179,1,3,0.24788453,-9.51182,-6.1983104
331981188,1,3,0.38320312,-8.960965,-6.1108923
331981198,1,3,0.4682263,-8.595725,-6.0402393
331981208,1,3,0.37362304,-8.279583,-5.9276733
331981218,1,3,0.043110352,-7.9574523,-5.6749988
331981228,1,3,-0.11376343,-7.7742333,-5.619913
331981238,1,3,-0.45505372,-7.658075,-5.3456836
331981248,1,3,-0.74604857,-7.5981994,-5.144502
331981258,1,3,-0.8430469,-7.6736426,-4.6654983
331981267,1,3,-0.7580237,-7.9179344,-4.2763076
331981277,1,3,-0.95321774,-8.053253,-4.096681
331981287,1,3,-1.0083032,-8.139474,-3.9625597
331981297,1,3,-0.8490344,-8.068821,-3.9960902
331981307,1,3,-0.8466394,-8.121511,-3.8715491
331981317,1,3,-1.0574012,-7.95865,-3.7050953
331981327,1,3,-1.1005114,-7.7886033,-3.5973194
331981337,1,3,-1.0729687,-7.7442956,-3.8116736
331981346,1,3,-1.2070899,-7.8029737,-3.923042
331981356,1,3,-1.2274475,-7.9227247,-3.9781275
331981366,1,3,-1.2777429,-8.224497,-4.1290135
331981376,1,3,-1.2741504,-8.31431,-4.3697133
331981386,1,3,-1.2729529,-8.187374,-4.687053
331981396,1,3,-1.4250367,-7.970625,-5.0283437
331981406,1,3,-1.4310242,-8.031698,-5.457052
331981416,1,3,-1.526825,-8.036488,-5.6642213
331981425,1,3,-1.3843213,-7.822134,-5.859415
331981435,1,3,-1.2490027,-7.5766444,-6.084547
331981445,1,3,-1.1472144,-7.543114,-6.2486057
331981455,1,3,-1.22625,-7.747888,-6.1611876
331981465,1,3,-1.284928,-8.090376,-6.028264
331981475,1,3,-1.233435,-8.404123,-5.882168
331981485,1,3,-1.4549744,-8.538244,-5.757627
331981494,1,3,-1.4573693,-8.762179,-5.710924
331981504,1,3,-1.4837146,-8.867559,-5.6247034
331981514,1,3,-1.3292358,-8.762179,-5.464237
331981524,1,3,-1.2549902,-8.544232,-5.413942
331981534,1,3,-1.2573853,-8.467591,-5.667814
331981544,1,3,-1.22146,-8.34784,-5.548063
331981554,1,3,-1.3256433,-8.267608,-5.50615
331981564,1,3,-1.2909155,-8.173004,-5.380411
331981573,1,3,-1.2454102,-7.940687,-5.2043777
331981583,1,3,-1.1543994,-7.728728,-5.1876125
331981593,1,3,-1.2130774,-7.3634877,-4.949308
331981603,1,3,-1.2573853,-7.0186048,-4.8008165
331981613,1,3,-1.1567944,-6.764733,-4.580475
331981623,1,3,-1.0298584,-6.3060865,-4.2799
331981633,1,3,-0.99872315,-6.055807,-4.1565566
331981643,1,3,-0.87657714,-5.5516553,-3.9661524
331981652,1,3,-0.7711963,-5.2331176,-3.9098694
331981662,1,3,-0.79394895,-4.821174,-3.838019
331981672,1,3,-0.6047424,-4.548142,-3.6380346
331981682,1,3,-0.68018556,-4.453539,-3.5721717
331981692,1,3,-0.5556445,-4.502637,-3.4823585
331981702,1,3,-0.55803955,-4.4247985,-3.4655933
331981712,1,3,-0.49936157,-4.6104126,-3.6164794
331981722,1,3,-0.7256909,-4.8235693,-3.8116736
331981731,1,3,-0.8214917,-5.197192,-4.035608
331981741,1,3,-0.979563,-5.7839723,-4.30864
331981751,1,3,-1.2909155,-6.7671275,-4.31822
331981761,1,3,-1.4597644,-8.25204,-4.731361
331981771,1,3,-1.5531702,-9.789642,-5.3121533
331981781,1,3,-1.5603552,-10.739267,-6.1132874
331981791,1,3,-1.475332,-11.681707,-7.197034
331981801,1,3,-1.6034656,-12.760664,-8.572972
331981810,1,3,-2.0022364,-13.78693,-9.724977
331981820,1,3,-2.525548,-15.025155,-10.703342
331981830,1,3,-3.178191,-15.599959,-10.706935
331981840,1,3,-3.3350646,-16.019089,-10.471025
331981850,1,3,-3.4212854,-16.214283,-9.666299
331981860,1,3,-3.485951,-16.087347,-8.673563
331981870,1,3,-3.3841627,-15.809524,-7.9454775
331981880,1,3,-3.4356556,-15.118561,-7.4221654
331981889,1,3,-3.2955468,-14.2551565,-7.228169
331981899,1,3,-3.4236803,-13.383369,-7.1527257
331981909,1,3,-3.4823585,-12.743899,-7.306007
331981919,1,3,-3.4943335,-12.20502,-7.6856174
331981929,1,3,-3.373385,-11.848162,-7.9227247
331981939,1,3,-3.4404457,-11.60866,-7.355105
331981949,1,3,-3.6080968,-11.223062,-6.915619
331981959,1,3,-3.9146595,-10.635084,-6.6066613
331981968,1,3,-4.4176135,-10.019565,-6.0174866
331981978,1,3,-4.7086086,-9.777667,-5.3852015
331981988,1,3,-4.8523097,-9.977652,-4.4738965
331981998,1,3,-5.1193542,-10.584789,-3.263214
331982008,1,3,-5.330116,-11.424243,-2.1734803
331982018,1,3,-5.781577,-12.260105,-1.3986914
331982028,1,3,-6.5851064,-13.291161,-0.8562195
331982038,1,3,-7.515571,-14.050382,-0.38320312
331982047,1,3,-8.365803,-14.332994,-0.27782226
331982057,1,3,-9.371712,-14.030025,-0.5173242
331982067,1,3,-10.139316,-13.473183,-1.1184741
331982077,1,3,-10.835069,-13.056449,-1.5004797
331982087,1,3,-11.318862,-12.976215,-1.8764977
331982097,1,3,-11.230247,-13.025313,-1.9507434
331982107,1,3,-10.557246,-12.990586,-1.8525476
331982116,1,3,-9.566906,-12.706776,-1.3448035
331982126,1,3,-8.370593,-12.236155,-0.59516233
331982136,1,3,-7.5467067,-11.593092,0.24429199
331982146,1,3,-6.6964746,-10.635084,1.1005114
331982156,1,3,-5.8833656,-9.135802,1.3340259
331982166,1,3,-4.9361353,-7.450906,0.9077124
331982176,1,3,-3.8464015,-5.9049206,0.5736072
331982186,1,3,-2.6081762,-4.7840514,0.16046631
331982195,1,3,-1.2142749,-3.866759,-0.11496094
331982205,1,3,0.0,-3.166216,-0.1844165
331982215,1,3,1.2394226,-2.6033862,-0.38440064
331982225,1,3,2.3339465,-2.0082238,-0.7041357
331982235,1,3,2.7219398,-1.4130615,-0.9424402
331982245,1,3,2.9937744,-0.864602,-1.0166858
331982255,1,3,2.7614574,-0.3161426,-1.3831238
331982265,1,3,2.2333558,0.11855347,-1.5184424
331982274,1,3,1.4765296,0.54247195,-1.6741186
331982284,1,3,0.87298465,1.1172767,-1.409469
331982294,1,3,0.5676196,1.5531702,-1.3783337
331982304,1,3,0.65264285,2.2189856,-1.4693445
331982314,1,3,0.9340576,2.8488758,-1.7256116
331982324,1,3,1.2142749,3.1889684,-2.074087
331982334,1,3,1.4346167,3.1398706,-2.4405248
331982344,1,3,1.4561719,2.694397,-2.7219398
331982353,1,3,1.3376184,1.9782861,-2.8716285
331982363,1,3,1.0035132,0.732876,-2.8644433
331982373,1,3,0.54606444,-0.7232959,-3.2236962
331982383,1,3,0.10657837,-2.039359,-3.5973194
331982393,1,3,-0.35326537,-3.6571949,-3.5601966
331982403,1,3,-0.7101233,-5.492977,-4.204457
331982413,1,3,-1.0597961,-7.8616514,-4.93374
331982422,1,3,-1.7842896,-10.183623,-5.024751
331982432,1,3,-2.1555176,-12.232562,-4.9576902
331982442,1,3,-2.7375073,-13.401332,-4.980443
331982452,1,3,-3.1769934,-13.397739,-4.9720607
331982462,1,3,-3.3937426,-12.897181,-5.457052
331982472,1,3,-3.7386255,-12.157119,-5.3708315
331982482,1,3,-4.2810974,-11.783496,-4.9505053
331982492,1,3,-4.9217653,-11.542797,-3.754193
331982501,1,3,-5.283413,-11.227852,-3.1757958
331982511,1,3,-5.083429,-10.916499,-2.5842261
331982521,1,3,-4.453539,-11.094928,-2.2237756
331982531,1,3,-3.5829492,-11.918815,-1.8980529
331982541,1,3,-2.8249254,-12.930711,-2.074087
331982551,1,3,-2.506388,-13.710289,-1.2957056
331982561,1,3,-2.926714,-14.607224,-1.7483642
331982571,1,3,-3.478766,-14.934144,-2.071692
331982580,1,3,-4.0344105,-15.245497,-2.7207422
331982590,1,3,-4.6415477,-15.318545,-3.3434472
331982600,1,3,-4.89063,-15.091018,-3.5530114
331982610,1,3,-4.7720766,-14.390475,-3.4512231
331982620,1,3,-4.604425,-13.682747,-3.1374755
331982645,1,3,-4.435576,-13.056449,-3.0847852
331982655,1,3,-4.4415636,-12.543915,-2.8057654
331982665,1,3,-4.336183,-12.424164,-2.2680836
331982675,1,3,-4.4080334,-12.684024,-1.6154407
331982685,1,3,-4.538562,-13.175002,-1.0681787
331982695,1,3,-4.6247826,-13.506713,-0.6586304
331982704,1,3,-4.951703,-13.83483,-0.41194335
331982714,1,3,-5.2235374,-14.040802,-0.42391846
331982724,1,3,-5.5372853,-14.299464,-0.5221143
331982734,1,3,-5.6091356,-14.458733,-0.6274951
331982744,1,3,-5.6630235,-14.794036,-0.69096315
331982754,1,3,-5.696554,-15.008389,-0.7041357
331982764,1,3,-5.718109,-15.067068,-0.3903882
331982774,1,3,-5.9192905,-14.756913,0.085023195
331982783,1,3,-6.2318406,-13.765375,0.37601808
331982793,1,3,-6.7264123,-12.597803,0.71850586
331982803,1,3,-7.157516,-11.729609,1.1639795
331982813,1,3,-7.4784484,-10.972782,1.8980529
331982823,1,3,-7.7502832,-10.436297,2.523153
331982833,1,3,-7.6544824,-9.855505,3.0572424
331982843,1,3,-7.228169,-9.045989,3.2500415
331982853,1,3,-6.688092,-8.268805,3.2165112
331982862,1,3,-6.1276574,-7.4317455,3.0368848
331982872,1,3,-5.6259007,-6.6425867,2.5291407
331982882,1,3,-5.3217335,-5.853428,1.8429675
331982892,1,3,-5.051096,-5.2894006,1.033451
331982902,1,3,-4.8427296,-4.855902,0.38559815
331982912,1,3,-4.538562,-4.4224033,-0.32093263
331982922,1,3,-4.1314087,-4.070336,-0.8238867
331982932,1,3,-3.866759,-3.7194653,-1.219065
331982941,1,3,-3.4380505,-3.4608033,-1.6848962
331982951,1,3,-3.117118,-3.5218763,-2.2213807
331982961,1,3,-2.9530592,-3.5386415,-2.3662794
331982971,1,3,-2.838098,-3.9050794,-2.2249732
331982981,1,3,-2.8045678,-4.590055,-1.968706
331982991,1,3,-2.77463,-5.572013,-1.6884887
331983001,1,3,-2.9650342,-6.627019,-1.0885364
331983011,1,3,-3.0201197,-7.505991,-0.6011499
331983020,1,3,-3.0644274,-7.965835,-0.28979737
331983030,1,3,-3.114723,-8.090376,-0.37601808
331983040,1,3,-3.3003368,-8.278385,-0.53289187
331983050,1,3,-3.4524207,-8.56938,-0.84065187
331983060,1,3,-3.754193,-8.992101,-1.0106982
331983070,1,3,-4.0188427,-9.474697,-1.1256592
331983080,1,3,-4.3852806,-9.914184,-1.3448035
331983090,1,3,-4.6092153,-10.220746,-1.4513818
331983099,1,3,-4.5708947,-10.508148,-1.4968872
331983109,1,3,-4.6164002,-10.663824,-1.4537768
331983119,1,3,-4.5301795,-10.68059,-1.2382251
331983129,1,3,-4.3397756,-10.642269,-1.2549902
331983139,1,3,-4.1948767,-10.43989,-1.2633728
331983149,1,3,-4.093088,-10.40636,-1.3807287
331983159,1,3,-3.9637573,-10.251881,-1.3927039
331983168,1,3,-3.9026842,-9.88185,-1.4489868
331983178,1,3,-3.8535864,-9.54535,-1.6178356
331983188,1,3,-3.8164637,-9.381291,-1.7723144
331983198,1,3,-3.9290295,-9.299861,-1.7160316
331983208,1,3,-3.9541771,-9.054371,-1.5471826
331983218,1,3,-3.8440063,-8.87235,-1.6872913
331983228,1,3,-3.5757642,-8.623268,-1.7747095
331983238,1,3,-3.2955468,-8.582553,-1.9291883
331983247,1,3,-3.08239,-8.640033,-1.9375708
331983257,1,3,-2.7782226,-9.147778,-2.1004322
331983267,1,3,-2.694397,-9.437574,-2.330354
331983277,1,3,-2.7195446,-9.444759,-2.5471032
331983287,1,3,-2.577041,-9.278306,-2.906356
331983297,1,3,-2.5207582,-9.154963,-3.0931678
331983307,1,3,-2.3315516,-9.127419,-3.2308815
331983317,1,3,-2.13516,-8.974138,-3.4452355
331983326,1,3,-2.0237916,-8.812474,-3.556604
331983336,1,3,-1.8681152,-8.691525,-3.7482057
331983346,1,3,-1.8142273,-8.82924,-3.7565882
331983356,1,3,-1.8441651,-8.9513855,-3.7098854
331983366,1,3,-1.959126,-9.010063,-3.8416114
331983376,1,3,-1.9806812,-8.933423,-3.8715491
331983386,1,3,-2.0776794,-8.849597,-3.9960902
331983396,1,3,-2.2321582,-8.844807,-3.6871326
331983405,1,3,-2.242936,-8.56938,-3.7709582
331983415,1,3,-2.2393432,-8.553812,-3.6871326
331983425,1,3,-2.2477257,-8.327483,-3.5362463
331983435,1,3,-2.095642,-8.170609,-3.7625756
331983445,1,3,-2.1040246,-8.157436,-3.857179
331983455,1,3,-2.1195922,-8.386161,-3.9410048
331983465,1,3,-2.2201831,-8.558602,-3.969745
331983475,1,3,-2.2920337,-8.469987,-3.8811293
331983484,1,3,-2.3974144,-8.286768,-3.9493873
331983494,1,3,-2.4525,-8.0436735,-4.069138
331983504,1,3,-2.5387206,-7.946675,-4.078718
331983514,1,3,-2.523153,-7.926317,-3.8978944
331983524,1,3,-2.6285338,-7.782616,-3.791316
331983534,1,3,-2.7410998,-7.644902,-3.5386415
331983544,1,3,-3.0440698,-7.5443115,-3.3350646
331983554,1,3,-3.3015344,-7.4724607,-3.1638207
331983563,1,3,-3.4871485,-7.203021,-3.0165272
331983573,1,3,-3.739823,-6.900051,-3.0560448
331983583,1,3,-3.6452198,-6.546786,-2.6225464
331983593,1,3,-3.617677,-6.070177,-2.3854394
331983603,1,3,-3.6416273,-5.588778,-1.902843
331983613,1,3,-3.7410204,-5.0738487,-1.6417859
331983623,1,3,-3.6260595,-4.33259,-1.5483801
331983633,1,3,-3.9338195,-4.150569,-0.8214917
331983642,1,3,-3.9924974,-3.920647,-0.32692015
331983652,1,3,-4.0176454,-3.935017,-0.5879773
331983662,1,3,-4.472699,-4.2810974,-0.63468015
331983672,1,3,-5.4977674,-5.395979,-0.043110352
331983682,1,3,-6.2809386,-7.1898484,0.3939807
331983692,1,3,-6.75635,-9.323811,0.19160156
331983702,1,3,-7.252119,-11.783496,1.155597
331983712,1,3,-7.2628965,-14.637162,0.71730834
331983721,1,3,-6.6641417,-15.895744,-0.021555176
331983731,1,3,-5.9923387,-15.701748,-1.1987072
331983741,1,3,-5.2882032,-14.689853,-1.7675244
331983751,1,3,-4.4954515,-13.374987,-2.7267296
331983761,1,3,-3.920647,-12.34393,-2.9362938
331983771,1,3,-3.6583924,-11.515254,-3.0213172
331983781,1,3,-3.317102,-10.860216,-2.8536658
331983791,1,3,-3.0344896,-10.206376,-2.806963
331983800,1,3,-2.8464806,-9.812395,-2.9674292
331983810,1,3,-2.75068,-9.481882,-3.2213013
331983820,1,3,-2.9087512,-9.520203,-3.5039136
331983830,1,3,-3.197351,-9.382489,-3.6476147
331983840,1,3,-3.2835717,-9.129814,-3.6655774
331983850,1,3,-3.422483,-8.996891,-3.7015028
331983860,1,3,-3.3889527,-8.935818,-3.6009119
331983870,1,3,-3.38536,-8.873548,-3.422483
331983879,1,3,-3.5290613,-8.968151,-3.3949401
331983889,1,3,-3.798501,-9.116642,-3.5530114
331983899,1,3,-4.199667,-9.76689,-3.7757483
331983909,1,3,-4.501439,-10.468631,-3.7290454
331983919,1,3,-4.3780956,-10.602752,-3.8799317
331983929,1,3,-4.3541455,-10.734478,-4.26074
331983939,1,3,-4.405638,-10.855426,-4.461921
331983949,1,3,-4.670288,-11.158396,-4.750521
331983958,1,3,-4.956493,-11.553575,-4.484674
331983968,1,3,-5.0750465,-11.663745,-4.4427614
331983978,1,3,-5.127737,-11.773916,-4.467909
331983988,1,3,-5.357659,-12.494817,-4.6152024
331983998,1,3,-5.684579,-13.159435,-4.6247826
331984008,1,3,-5.8486376,-13.127102,-5.2486854
331984018,1,3,-5.5636306,-12.297228,-5.867798
331984028,1,3,-5.2750306,-11.606265,-6.6018715
331984037,1,3,-4.9157777,-11.492501,-6.673722
331984047,1,3,-4.7744713,-12.20023,-5.8965383
331984057,1,3,-5.0666637,-13.494738,-4.2248144
331984067,1,3,-5.219945,-14.50304,-2.6536818
331984077,1,3,-5.3923864,-14.816789,-2.4010072
331984087,1,3,-5.273833,-14.597644,-2.9782069
331984097,1,3,-4.8091993,-13.949791,-3.9924974
331984107,1,3,-4.502637,-13.415702,-5.093009
331984116,1,3,-4.350553,-13.212125,-5.773195
331984126,1,3,-4.423601,-13.006153,-5.2798204
331984136,1,3,-4.5074267,-13.295951,-4.253555
331984146,1,3,-4.3134303,-13.391751,-2.9806018
331984156,1,3,-4.3026524,-13.566588,-1.7543519
331984166,1,3,-4.2715173,-13.219311,-1.607058
331984176,1,3,-4.1098537,-11.811039,-1.9255958
331984186,1,3,-4.157754,-10.100995,-2.858456
331984195,1,3,-4.6271777,-8.760982,-3.8440063
331984205,1,3,-4.9529004,-7.771838,-4.103866
331984215,1,3,-5.037924,-7.4904237,-3.7314405
331984225,1,3,-5.1600695,-7.613767,-2.76984
331984235,1,3,-5.157675,-7.7921963,-1.9040406
331984245,1,3,-5.076244,-7.8544664,-1.5843054
331984255,1,3,-4.931345,-7.5131764,-1.7327967
331984265,1,3,-4.851112,-7.0174074,-1.1687695
331984274,1,3,-4.5134144,-6.1552,-1.6501684
331984284,1,3,-4.1361985,-5.3384986,-2.003434
331984294,1,3,-3.8200562,-4.819977,-2.4189696
331984304,1,3,-3.4152977,-4.035608,-2.5004003
331984314,1,3,-2.941084,-3.1578333,-2.76505
331984324,1,3,-2.7147546,-2.738705,-2.9985645
331984334,1,3,-2.7303224,-2.3722668,-2.8728259
331984343,1,3,-2.875221,-1.9291883,-2.6405091
331984353,1,3,-3.08239,-1.7531543,-2.5447083
331984363,1,3,-3.1745985,-1.5759228,-2.2345533
331984373,1,3,-3.070415,-1.5723304,-2.5363257
331984383,1,3,-2.9817994,-1.4322217,-2.8907886
331984393,1,3,-2.7410998,-1.2250525,-2.9602442
331984403,1,3,-2.46208,-1.0514135,-2.6931994
331984413,1,3,-2.3734643,-1.2250525,-2.2980213
331984422,1,3,-2.5973988,-1.5495776,-1.8297949
331984432,1,3,-3.493136,-1.8034497,-1.1292517
331984442,1,3,-4.2008643,-2.46687,-1.1532019
331984452,1,3,-5.22234,-3.36141,-1.045426
331984462,1,3,-5.9133034,-3.7506006,-1.1256592
331984472,1,3,-5.7935524,-3.9829175,-1.6705261
331984482,1,3,-5.2750306,-3.9913,-1.9016455
331984492,1,3,-4.8582973,-4.0823107,-1.8633252
331984501,1,3,-4.6619053,-4.4762917,-1.597478
331984511,1,3,-4.7277684,-5.1720448,-0.7688013
331984521,1,3,-4.6199927,-5.8570204,0.11975098
331984531,1,3,-4.538562,-6.500083,0.64186525
331984541,1,3,-4.2882824,-6.598279,0.8825647
331984551,1,3,-4.4667115,-6.702462,0.6502478
331984561,1,3,-4.9229627,-6.9024463,0.2969824
331984571,1,3,-5.4414845,-7.514374,0.27183473
331984580,1,3,-5.971981,-7.9179344,0.5508545
331984590,1,3,-5.9216857,-8.101153,0.39757323
331984600,1,3,-5.8785753,-7.899972,0.19998413
331984610,1,3,-5.933661,-7.5191636,-0.2945874
331984620,1,3,-6.2785435,-7.1946387,-0.1353186
331984630,1,3,-6.540798,-7.643705,0.23950195
331984640,1,3,-6.422245,-8.683144,0.80472654
331984650,1,3,-6.2031007,-9.83395,1.771117
331984659,1,3,-5.854625,-10.760822,2.7147546
331984669,1,3,-6.1204724,-11.426639,3.1602283
331984679,1,3,-6.956334,-11.436218,2.8548632
331984689,1,3,-7.7754307,-10.923684,1.848955
331984699,1,3,-8.520282,-10.13692,0.45984375
331984709,1,3,-9.301059,-9.1765175,-1.223855
331984719,1,3,-9.879456,-8.525072,-2.1183949
331984729,1,3,-10.649454,-8.584948,-2.1124072
331984738,1,3,-11.408675,-9.332193,-1.4154565
331984748,1,3,-11.005115,-10.081835,-0.3903882
331984758,1,3,-9.746532,-9.960886,0.20118164
331984768,1,3,-8.036488,-9.378897,0.16405883
331984778,1,3,-6.771918,-8.793314,-0.03592529
331984788,1,3,-6.849756,-8.653206,-0.5400769
331984798,1,3,-8.102351,-8.91067,-1.7962646
331984808,1,3,-9.975256,-9.416019,-2.3411317
331984817,1,3,-11.267369,-9.883048,-2.4752526
331984827,1,3,-10.923684,-9.83874,-2.3147864
331984837,1,3,-10.05549,-10.187216,-2.0872595
331984847,1,3,-8.807684,-10.024354,-1.9148182
331984857,1,3,-7.6892104,-9.580078,-2.2800586
331984867,1,3,-7.254514,-9.172925,-2.626139
331984877,1,3,-7.453301,-9.202863,-3.1410682
331984886,1,3,-8.194559,-9.313033,-3.4799633
331984896,1,3,-8.804091,-9.489067,-3.854784
331984906,1,3,-8.893905,-9.54535,-3.8152661
331984916,1,3,-8.52627,-9.619596,-3.6200721
331984926,1,3,-7.6856174,-9.587263,-2.9219239
331984936,1,3,-6.76593,-9.471105,-2.4321423
331984946,1,3,-5.9145007,-9.141789,-1.597478
331984956,1,3,-5.6486535,-8.879535,-1.4693445
331984965,1,3,-5.806725,-8.455616,-1.5100598
331984975,1,3,-5.8438478,-8.086783,-1.6860938
331984985,1,3,-5.909711,-7.771838,-1.7818946
331984995,1,3,-5.579198,-7.667655,-1.7327967
331985005,1,3,-5.1935997,-7.6640625,-1.5244299
331985015,1,3,-4.9109874,-7.453301,-1.4513818
331985025,1,3,-4.811594,-6.956334,-1.6729212
331985035,1,3,-5.116959,-6.2785435,-2.2872436
331985044,1,3,-5.266648,-5.6007533,-3.0596375
331985054,1,3,-5.1756372,-4.8187795,-3.7889209
331985064,1,3,-5.118157,-4.4427614,-3.5937269
331985074,1,3,-5.004393,-4.4403663,-2.6225464
331985084,1,3,-4.794829,-4.2787023,-1.3603711
331985094,1,3,-4.564907,-4.2296047,-0.61911255
331985104,1,3,-4.575685,-4.064348,-0.24908203
331985114,1,3,-4.775669,-3.7074902,0.32572266
331985123,1,3,-5.190007,-3.182981,0.62031007
331985133,1,3,-5.437892,-2.887196,0.91849
331985143,1,3,-5.2965856,-2.743495,1.0370435
331985153,1,3,-4.691843,-2.4716601,0.95441526
331985163,1,3,-3.9026842,-2.4956102,0.9136999
331985173,1,3,-3.1614258,-2.7099645,0.96040285
331985183,1,3,-2.7279272,-3.2524366,0.5113367
331985193,1,3,-2.8105555,-3.805686,-0.5340893
331985202,1,3,-3.737428,-4.0739284,-1.6441809
331985212,1,3,-5.078639,-4.228407,-3.1722033
331985222,1,3,-6.5060706,-4.1781116,-4.684658
331985232,1,3,-7.5514965,-4.3589354,-6.3611717
331985242,1,3,-8.630453,-5.4115467,-8.441246
331985252,1,3,-9.9153805,-6.983877,-9.82437
331985262,1,3,-11.080558,-8.33347,-10.812316
331985272,1,3,-11.730805,-9.357342,-10.838661
331985281,1,3,-12.099639,-9.995614,-10.1896105
331985291,1,3,-12.166699,-9.918973,-9.322614
331985301,1,3,-12.487632,-9.999207,-8.302335
331985311,1,3,-12.857662,-10.803933,-7.289242
331985321,1,3,-12.953464,-12.044553,-6.011499
331985331,1,3,-12.715158,-13.158237,-5.2702403
331985341,1,3,-12.431349,-13.874348,-5.613926
331985351,1,3,-12.038566,-14.350957,-6.8629284
331985360,1,3,-11.37275,-14.498251,-8.254435
331985370,1,3,-10.250684,-14.116245,-8.974138
331985380,1,3,-9.008866,-13.198953,-9.260343
331985390,1,3,-7.7754307,-12.115207,-9.045989
331985400,1,3,-6.4749355,-11.124866,-8.629255
331985410,1,3,-5.308561,-10.286609,-7.9275146
331985420,1,3,-4.2511597,-9.932146,-7.1024303
331985430,1,3,-3.3446448,-9.897418,-5.619913
331985439,1,3,-2.6417065,-9.950109,-3.307522
331985449,1,3,-2.1363573,-9.765692,0.90531737
331985459,1,3,-1.8166223,-9.661509,5.0091834
331985469,1,3,-1.1663746,-9.962084,6.9048414
331985479,1,3,-0.31734008,-10.408755,7.232959
331985489,1,3,0.11615845,-10.688972,6.634204
331985499,1,3,0.4155359,-10.869796,5.076244
331985508,1,3,0.4287085,-10.835069,3.5206788
331985518,1,3,0.47181883,-10.686577,2.325564
331985528,1,3,0.21674927,-10.550061,1.6310083
331985538,1,3,-0.29817992,-10.042316,1.1005114
331985548,1,3,-0.7879614,-9.425599,0.556842
331985558,1,3,-1.3244458,-8.8460045,-0.2586621
331985568,1,3,-1.8525476,-8.217312,-0.9089099
331985578,1,3,-2.762655,-7.9155397,-1.526825
331985587,1,3,-3.1734009,-7.531139,-2.4345374
331985597,1,3,-3.2739916,-6.319259,-2.3555017
331985607,1,3,-3.4943335,-6.2593837,-3.9026842
331985617,1,3,-4.7720766,-6.41506,-3.7901185
331985627,1,3,-5.4582496,-7.8820095,-3.549419
331985637,1,3,-5.7564297,-10.17045,-2.5411158
331985647,1,3,-6.4246397,-12.406201,-1.2573853
331985657,1,3,-6.4162574,-13.074411,-1.7208215
331985666,1,3,-5.3600535,-12.985796,-3.5110986
331985676,1,3,-4.0823107,-12.5810375,-5.762417
331985686,1,3,-2.8392956,-12.899575,-7.310797
331985696,1,3,-2.5051904,-13.607304,-7.9287124
331985706,1,3,-3.3087194,-13.922249,-8.201744
331985716,1,3,-4.1829014,-13.422887,-9.067544
331985726,1,3,-5.2355127,-12.7918,-9.746532
331985736,1,3,-6.0390415,-12.790602,-10.147697
331985745,1,3,-6.218668,-12.927118,-9.734557
331985755,1,3,-5.82828,-13.48396,-8.753797
331985765,1,3,-5.22713,-13.773757,-8.402926
331985775,1,3,-4.475094,-13.47438,-8.357421
331985785,1,3,-4.1074586,-12.776232,-8.042476
331985795,1,3,-4.211642,-12.263698,-6.907236
331985805,1,3,-4.5864625,-12.748689,-5.3384986
331985815,1,3,-4.975653,-13.615686,-3.6236646
331985824,1,3,-4.9133825,-14.349759,-2.2764661
331985834,1,3,-4.6355605,-14.529386,-1.4513818
331985844,1,3,-4.1146436,-14.604829,-1.3663586
331985854,1,3,-4.3134303,-14.477893,-1.3807287
331985864,1,3,-4.855902,-14.11385,-1.3651612
331985874,1,3,-5.889353,-14.316229,-1.0717713
331985884,1,3,-6.793473,-15.098203,-0.39517823
331985894,1,3,-6.3288393,-15.471827,-0.3676355
331985903,1,3,-5.9983263,-14.968872,-0.21674927
331985913,1,3,-5.9420433,-13.677957,-0.25027955
331985923,1,3,-6.0031166,-11.927197,0.034727782
331985933,1,3,-5.557643,-10.169253,-0.13172607
331985943,1,3,-5.3217335,-8.756191,0.104183346
331985953,1,3,-5.1852174,-7.3203773,0.2945874
331985963,1,3,-5.0630713,-5.6905665,0.3676355
331985973,1,3,-4.8175817,-4.3637257,0.41912842
331985982,1,3,-4.1709266,-3.1003528,0.17124389
331985992,1,3,-3.5817518,-1.6860938,-0.34248778
331986002,1,3,-2.899171,-0.3305127,-1.1963123
331986012,1,3,-2.1794677,0.7472461,-1.9016455
331986022,1,3,-1.6429834,1.6465759,-2.6069787
331986032,1,3,-1.1424243,2.4369323,-3.0524523
331986042,1,3,-0.99992067,2.880011,-3.214116
331986052,1,3,-0.69575316,3.2823744,-3.2787817
331986061,1,3,-0.44906616,3.661985,-3.1745985
331986071,1,3,-0.04790039,3.7230577,-3.1434631
331986081,1,3,0.19040406,3.681145,-3.1410682
331986091,1,3,0.43110353,3.3159046,-3.0764027
331986101,1,3,0.42751098,2.5962012,-2.7075696
331986111,1,3,0.27662477,1.4453943,-2.090852
331986121,1,3,0.009580079,0.2574646,-1.2561878
331986131,1,3,-0.039517824,-0.6430628,-0.64665526
331986140,1,3,0.09220825,-1.2322376,-0.63468015
331986150,1,3,0.27901977,-1.8681152,-0.69455564
331986160,1,3,0.366438,-2.6512866,-0.9196875
331986170,1,3,0.3556604,-3.7685633,-0.984353
331986180,1,3,0.3065625,-4.797224,-1.0035132
331986190,1,3,0.17962646,-5.6953564,-1.6369958
331986200,1,3,0.05748047,-6.427035,-2.2129982
331986210,1,3,-0.10538086,-7.2090087,-2.6979895
331986219,1,3,-0.16645385,-8.30473,-3.2213013
331986229,1,3,-0.014370117,-9.081914,-3.615282
331986239,1,3,0.09699829,-9.697434,-3.969745
331986249,1,3,0.040715333,-10.421927,-4.315825
331986259,1,3,-0.40835083,-11.2518015,-4.5984373
331986269,1,3,-0.8454419,-12.109219,-4.5541296
331986279,1,3,-1.1927197,-13.137879,-4.4655137
331986289,1,3,-1.7579443,-14.20007,-3.8775365
331986298,1,3,-2.1219873,-15.25867,-3.4691858
331986308,1,3,-2.123185,-16.288528,-3.5913317
331986318,1,3,-1.9639161,-17.348324,-3.542234
331986328,1,3,-1.9184107,-18.451231,-3.206931
331986338,1,3,-1.9531385,-19.793638,-2.8740234
331986348,1,3,-2.4321423,-20.762424,-2.342329
331986358,1,3,-2.9398866,-20.86541,-2.2261705
331986368,1,3,-3.2967443,-20.569626,-2.5279431
331986377,1,3,-3.417693,-19.752924,-2.5447083
331986387,1,3,-3.2428565,-18.669178,-2.3854394
331986397,1,3,-2.9159362,-17.32198,-2.4680676
331986407,1,3,-2.3519092,-16.131655,-2.562671
331986417,1,3,-1.9435583,-14.959292,-2.6345215
331986427,1,3,-1.531615,-13.873151,-2.574646
331986437,1,3,-1.3028907,-13.110337,-2.6860144
331986447,1,3,-1.2717553,-12.849279,-2.682422
331986456,1,3,-1.5016773,-12.486434,-2.5830286
331986466,1,3,-1.848955,-12.450509,-2.6512866
331986476,1,3,-1.9411633,-12.399016,-2.8524683
331986486,1,3,-1.8980529,-12.4265585,-3.0967603
331986496,1,3,-1.8070422,-12.53673,-3.4093103
331986506,1,3,-1.3160633,-12.889996,-3.812871
331986516,1,3,-1.1543994,-13.339062,-3.5015185
331986526,1,3,-1.1807446,-14.087505,-2.7854078
331986535,1,3,-1.2478051,-14.759308,-2.323169
331986545,1,3,-1.84177,-14.798825,-1.5603552
331986555,1,3,-2.3447242,-14.343772,-0.85502195
331986565,1,3,-2.9291089,-13.776153,-0.7927515
331986575,1,3,-3.7841308,-13.218113,-1.0574012
331986585,1,3,-4.5613146,-13.067226,-1.5807129
331986595,1,3,-5.366041,-12.9187355,-2.1171973
331986605,1,3,-6.2007055,-12.6516905,-2.6297314
331986614,1,3,-6.9695067,-11.797866,-2.650089
331986624,1,3,-7.3143897,-9.982441,-2.7482848
331986634,1,3,-7.150331,-7.1658983,-2.6680517
331986644,1,3,-6.45817,-4.6571155,-2.3087988
331986654,1,3,-5.422324,-2.586621,-2.0453467
331986664,1,3,-4.33259,-1.3950989,-1.5639478
331986674,1,3,-3.1362782,-0.979563,-0.8634045
331986684,1,3,-1.8788928,-0.98195803,-0.29937744
331986693,1,3,-0.80472654,-1.0190808,-0.23950195
331986703,1,3,-0.2215393,-0.78915894,-0.028740235
331986713,1,3,0.28740233,-0.5017566,0.085023195
331986723,1,3,1.0190808,-0.013172608,0.11496094
331986733,1,3,1.6872913,0.49816406,-0.17723145
331986743,1,3,2.0680993,0.8346643,-0.21555176
331986753,1,3,2.1854553,1.035846,-0.25147706
331986763,1,3,2.2381458,1.0442286,-0.18202148
331986772,1,3,2.0896544,1.1268567,0.025147704
331986782,1,3,2.0285816,1.1723621,-0.41673338
331986792,1,3,1.8094373,1.2825329,-0.735271
331986802,1,3,1.8058448,0.8801697,-0.95441526
331986812,1,3,2.0058289,0.31734008,-1.1807446
331986822,1,3,2.1183949,-0.3197351,-1.4597644
331986832,1,3,1.9375708,-1.113684,-1.5603552
331986842,1,3,1.3424084,-1.9363732,-1.4178516
331986851,1,3,0.8562195,-3.2919543,-1.3088782
331986861,1,3,0.70174074,-4.646338,-1.4142591
331986871,1,3,0.5760022,-6.0103016,-1.773512
331986881,1,3,0.32811767,-8.014933,-1.7615368
331986891,1,3,-0.14010864,-10.783575,-2.1387525
331986901,1,3,-0.26584718,-13.570181,-2.4081922
331986911,1,3,-0.23830444,-15.093413,-2.9841943
331986920,1,3,0.038320314,-15.859819,-4.0248303
331986930,1,3,0.21555176,-15.910114,-4.639153
331986940,1,3,0.05628296,-16.092136,-4.9361353
331986950,1,3,-0.549657,-16.584312,-4.9481106
331986960,1,3,-1.3627661,-17.326769,-4.9576902
331986970,1,3,-2.2968237,-19.19249,-5.701344
331986980,1,3,-2.9350965,-20.859423,-5.2989807
331986990,1,3,-2.4656725,-21.434227,-4.7864466
331986999,1,3,-2.2573059,-21.302502,-4.2571473
331987009,1,3,-2.4465125,-20.66303,-3.8487964
331987019,1,3,-2.9350965,-19.124231,-3.297942
331987029,1,3,-3.2871642,-17.539925,-3.0500574
331987039,1,3,-3.617677,-16.111296,-2.9746141
331987049,1,3,-3.69312,-15.039525,-2.9327013
331987059,1,3,-3.6009119,-13.971347,-2.8644433
331987069,1,3,-3.551814,-12.554692,-2.957849
331987118,1,3,-3.4440382,-11.278147,-3.0967603
331987128,1,3,-3.368595,-10.051897,-2.6536818
331987138,1,3,-2.9003687,-9.325008,-2.0776794
331987148,1,3,-2.45729,-9.206455,-1.2681628
331987157,1,3,-2.14474,-9.322614,-0.5760022
331987167,1,3,-2.2321582,-9.310638,0.2335144
331987177,1,3,-2.823728,-9.22322,0.15328126
331987187,1,3,-3.317102,-9.17532,0.067060545
331987197,1,3,-3.9278321,-9.114246,-0.05628296
331987207,1,3,-3.8990917,-9.049582,-0.36045045
331987217,1,3,-3.5374439,-9.253158,-0.9903406
331987227,1,3,-3.4428406,-9.751322,-1.526825
331987236,1,3,-3.4033227,-10.5692215,-2.0872595
331987246,1,3,-3.6547997,-11.691288,-3.006947
331987256,1,3,-4.076323,-12.582235,-3.5578015
331987266,1,3,-4.2643323,-12.730726,-4.126619
331987276,1,3,-4.4427614,-12.395424,-4.406836
331987286,1,3,-4.2595425,-11.491303,-4.491859
331987296,1,3,-3.8607714,-10.3512745,-4.254752
331987306,1,3,-3.4883459,-9.539363,-3.8308337
331987315,1,3,-3.326682,-9.148974,-3.075205
331987325,1,3,-3.3015344,-8.837622,-2.650089
331987335,1,3,-3.3650024,-8.468789,-2.3147864
331987345,1,3,-3.422483,-7.820936,-1.7028589
331987355,1,3,-3.302732,-7.2245765,-1.2034973
331987365,1,3,-3.2177088,-6.8413734,-0.4071533
331987375,1,3,-2.9853919,-6.758745,0.24189697
331987385,1,3,-2.718347,-6.4713426,0.36404297
331987395,1,3,-2.4069946,-6.0809546,0.49337402
331987404,1,3,-2.2237756,-5.7444544,0.83945435
331987414,1,3,-2.022594,-5.4738173,0.9424402
331987424,1,3,-1.7866845,-5.308561,0.6933582
331987434,1,3,-1.5579602,-5.364844,0.3185376
331987444,1,3,-1.2011023,-6.0222764,-0.60354495
331987454,1,3,-1.0729687,-6.7060547,-1.3579761
331987464,1,3,-0.9304651,-7.484436,-2.4536974
331987474,1,3,-0.859812,-7.6245446,-3.7769458
331987483,1,3,-0.68497556,-7.589817,-4.5158095
331987493,1,3,-0.39996827,-7.3299575,-4.7517185
331987503,1,3,-0.3185376,-6.652167,-4.5325747
331987513,1,3,-0.7268884,-6.2426186,-4.685856
331987523,1,3,-1.0538086,-6.277346,-4.8499146
331987533,1,3,-1.4154565,-6.810238,-4.501439
331987543,1,3,-1.7639319,-7.7047777,-3.9074743
331987552,1,3,-2.1531227,-8.618478,-3.178191
331987562,1,3,-2.701582,-9.121432,-2.5782385
331987572,1,3,-3.0440698,-9.159752,-1.9627185
331987582,1,3,-3.3410523,-9.001681,-1.5052698
331987592,1,3,-3.7050953,-8.625663,-0.5125342
331987602,1,3,-3.6416273,-8.376581,-0.15567628
331987612,1,3,-3.7386255,-8.490344,0.92208254
331987622,1,3,-3.8368213,-8.666378,1.4801221
331987631,1,3,-3.681145,-8.505912,1.6190332
331987641,1,3,-3.573369,-8.480764,1.5651453
331987651,1,3,-3.4380505,-8.394544,1.2022998
331987661,1,3,-3.0105395,-8.714278,0.5388794
331987671,1,3,-3.014132,-9.017248,0.4790039
331987681,1,3,-2.894381,-9.363329,0.123343505
331987691,1,3,-2.8788135,-9.522597,-0.5867798
331987701,1,3,-2.7171497,-9.558523,-1.411864
331987710,1,3,-2.347119,-9.837543,-2.1004322
331987720,1,3,-2.0848646,-10.230326,-2.5291407
331987730,1,3,-1.785487,-10.636282,-2.635719
331987740,1,3,-1.6417859,-11.043435,-2.6117687
331987750,1,3,-1.6549585,-11.442205,-2.9662316
331987760,1,3,-1.5998731,-11.94516,-3.3230896
331987770,1,3,-1.6980689,-12.439732,-3.382965
331987780,1,3,-1.8058448,-12.814552,-3.424878
331987789,1,3,-1.8214123,-13.244458,-3.617677
331987799,1,3,-1.8285974,-13.240866,-3.8943017
331987809,1,3,-1.8238074,-13.210928,-3.9242394
331987819,1,3,-1.7064514,-12.915143,-4.012855
331987829,1,3,-1.5076648,-12.709171,-4.0487804
331987839,1,3,-1.3448035,-12.476854,-3.9338195
331987849,1,3,-1.1759546,-12.274475,-4.1733217
331987859,1,3,-0.88974977,-12.2505245,-4.1936793
331987868,1,3,-0.90531737,-12.24813,-4.27032
331987878,1,3,-0.88735473,-12.163107,-4.174519
331987888,1,3,-0.9568103,-11.943962,-4.2763076
331987898,1,3,-0.88735473,-11.536809,-4.2858872
331987908,1,3,-0.91010743,-10.994337,-4.3493557
331987918,1,3,-0.7723938,-10.597961,-4.567302
331987928,1,3,-0.5221143,-10.051897,-4.518204
331987937,1,3,-0.37362304,-9.558523,-4.6882505
331987947,1,3,-0.37362304,-9.092691,-4.667893
331987957,1,3,-0.35206786,-8.746612,-4.6247826
331987967,1,3,-0.17962646,-8.538244,-4.4128237
331987977,1,3,-0.020357667,-8.270002,-4.2667274
331987987,1,3,0.038320314,-8.00655,-3.7925134
331987997,1,3,0.028740235,-7.8305163,-3.2033386
331988007,1,3,0.083825685,-7.533534,-3.6476147
331988016,1,3,-0.064665526,-6.980284,-3.6512072
331988026,1,3,-0.21794678,-6.8509536,-3.4847534
331988036,1,3,-0.4538562,-6.6569567,-3.0692174
331988046,1,3,-0.6215076,-6.4306273,-2.757865
331988056,1,3,-0.63468015,-5.965994,-2.8416908
331988066,1,3,-0.7819739,-5.598358,-2.8644433
331988076,1,3,-1.0298584,-5.4342995,-2.46208
331988086,1,3,-1.4801221,-5.1995873,-2.3626869
331988095,1,3,-1.6813037,-4.90979,-2.7291248
331988105,1,3,-2.0046313,-4.60682,-3.0668225
331988115,1,3,-2.3052063,-4.806804,-3.5338514
331988125,1,3,-2.4800427,-5.3337083,-3.9278321
331988135,1,3,-2.8476782,-6.4964905,-3.864364
331988145,1,3,-3.246449,-7.876022,-4.198469
331988155,1,3,-3.7793407,-9.272318,-4.4834766
331988164,1,3,-4.085903,-10.233918,-4.867877
331988174,1,3,-4.2008643,-11.38233,-5.660629
331988184,1,3,-4.3373804,-12.319981,-6.5599585
331988194,1,3,-4.235592,-13.137879,-7.067703
331988204,1,3,-4.2391844,-13.740227,-7.5862246
331988214,1,3,-4.3230104,-14.263538,-7.509584
331988224,1,3,-4.205654,-14.232404,-7.452103
331988234,1,3,-3.718268,-14.049185,-7.658075
331988243,1,3,-3.3362622,-14.062357,-7.745493
331988253,1,3,-2.9099488,-14.500646,-7.745493
331988263,1,3,-2.957849,-15.313755,-7.2173915
331988273,1,3,-3.5458264,-16.343613,-6.532416
331988283,1,3,-3.8511915,-15.723303,-5.5732102
331988293,1,3,-3.7517982,-14.271921,-5.605543
331988303,1,3,-3.3997302,-12.895983,-5.5121374
331988313,1,3,-2.926714,-12.375066,-4.7601013
331988322,1,3,-2.6776319,-12.387041,-3.3973353
331988332,1,3,-2.1016297,-12.633728,-1.4334192
331988342,1,3,-1.714834,-12.888798,0.4514612
331988352,1,3,-1.0753638,-12.473262,1.3675561
331988362,1,3,-0.7580237,-11.931988,2.0237916
331988372,1,3,-0.8466394,-11.321258,2.5315356
331988382,1,3,-0.79993653,-10.824291,2.1627026
331988392,1,3,-0.86699706,-10.321337,1.2933105
331988401,1,3,-0.75682616,-9.798025,0.79035646
331988411,1,3,-0.6286926,-10.066267,0.24548951
331988421,1,3,-0.53049684,-10.578801,0.23471192
331988431,1,3,-0.5724097,-10.866203,0.009580079
331988441,1,3,-0.3939807,-10.70933,-0.2215393
331988451,1,3,-0.31494507,-10.163265,-0.37003052
331988461,1,3,-0.48379394,-9.804012,-0.5161267
331988470,1,3,-0.6167175,-9.378897,-0.61911255
331988480,1,3,-0.5448669,-8.92025,-0.57480466
331988490,1,3,-0.556842,-8.408914,-0.676593
331988500,1,3,-0.53648436,-8.01613,-0.7101233
331988510,1,3,-0.6274951,-7.587422,-0.8190967
331988520,1,3,-0.92567503,-7.4952135,-0.70653075
331988530,1,3,-1.2130774,-7.2557116,-0.7137158
331988540,1,3,-1.3268409,-6.9144216,-0.674198
331988549,1,3,-1.465752,-6.3551846,-0.65743285
331988559,1,3,-1.4226416,-5.781577,-0.79993653
331988569,1,3,-1.3543836,-5.4402866,-0.6598279
331988579,1,3,-1.4597644,-4.9481106,-0.7005432
331988589,1,3,-1.4585669,-4.590055,-0.57959473
331988599,1,3,-1.5663428,-4.172124,-0.7316785
331988609,1,3,-1.5747254,-3.8092785,-0.82867676
331988619,1,3,-1.409469,-3.5362463,-0.76760375
331988628,1,3,-1.3495935,-3.1183155,-0.8478369
331988638,1,3,-1.4022839,-2.9087512,-0.8107141
331988648,1,3,-1.3962964,-2.7818153,-0.84424436
331988658,1,3,-1.4082714,-2.8740234,-0.8095166
331988668,1,3,-1.658551,-2.7806177,-0.7735913
331988678,1,3,-1.7112415,-2.699187,-0.676593
331988688,1,3,-1.8297949,-2.757865,-0.6143225
331988698,1,3,-1.9675086,-2.8333082,-0.7975415
331988707,1,3,-2.2094054,-3.1602283,-0.9675879
331988717,1,3,-2.5075855,-3.570974,-0.7268884
331988727,1,3,-2.7075696,-4.1002736,-0.8789722
331988737,1,3,-2.8692334,-5.054689,-0.8681946
331988747,1,3,-3.3087194,-6.7120423,-0.76161623
331988757,1,3,-3.666775,-8.105944,-0.23111938
331988767,1,3,-4.1829014,-9.283095,0.008382568
331988776,1,3,-4.366121,-10.196795,0.14130615
331988786,1,3,-4.3864784,-10.850636,0.43828857
331988796,1,3,-4.2655296,-11.275752,0.69216067
331988806,1,3,-4.204457,-11.757151,0.5412744
331988816,1,3,-4.2200246,-12.421769,0.36524048
331988826,1,3,-4.494254,-13.081596,0.54247195
331988836,1,3,-4.91458,-13.8827305,0.85142946
331988846,1,3,-5.21276,-14.570102,1.4010864
331988855,1,3,-5.379214,-15.056291,1.6214283
331988865,1,3,-5.4678297,-15.713723,2.078877
331988875,1,3,-5.2403026,-16.11489,2.1950355
331988885,1,3,-4.8942223,-16.368761,2.4213648
331988895,1,3,-4.5852647,-16.32086,2.3171813
331988905,1,3,-4.1876917,-16.222664,1.9339783
331988915,1,3,-3.8092785,-15.872992,1.5962806
331988925,1,3,-3.3578174,-15.477814,1.3232483
331988934,1,3,-2.8524683,-14.735357,1.1711645
331988944,1,3,-2.2608984,-13.864768,1.1484119
331988954,1,3,-1.6250207,-13.074411,0.69455564
331988964,1,3,-1.284928,-12.54152,0.27542725
331988974,1,3,-1.2909155,-12.784615,-0.47660887
331988984,1,3,-1.2418176,-13.945002,-1.6154407
331988994,1,3,-1.2573853,-15.508949,-2.5423133
331989004,1,3,-0.9891431,-16.856148,-3.2117212
331989013,1,3,-0.6813831,-18.305134,-4.076323
331989023,1,3,-0.3903882,-20.368444,-5.0570836
331989033,1,3,-0.08741821,-22.103636,-5.798342
331989043,1,3,0.37242553,-21.862936,-5.8330703
331989053,1,3,1.2513977,-19.872675,-6.114485
331989063,1,3,2.081272,-17.60579,-6.7838926
331989073,1,3,3.0416749,-15.944842,-6.8892736
331989082,1,3,3.7685633,-15.471827,-7.0581226
331989092,1,3,4.3050475,-15.110178,-6.6485744
331989102,1,3,4.700226,-14.677877,-6.3180614
331989112,1,3,4.853507,-14.082715,-6.227051
331989122,1,3,4.8918276,-13.351036,-6.0641894
331989132,1,3,4.702621,-12.52236,-5.412744
331989142,1,3,4.59245,-11.62303,-4.6152024
331989152,1,3,4.3349853,-10.451865,-3.5434313
331989161,1,3,3.935017,-9.0076685,-2.7710376
331989171,1,3,3.4129028,-7.465276,-2.396217
331989181,1,3,3.1769934,-5.781577,-2.2501209
331989191,1,3,2.943479,-4.135001,-2.2261705
331989201,1,3,2.8452833,-2.7123597,-2.2369483
331989211,1,3,3.014132,-1.5747254,-2.039359
331989221,1,3,3.0153296,-0.5604346,-1.6202307
331989231,1,3,2.8321106,0.11256592,-0.9316626
331989240,1,3,2.5494983,0.6430628,-0.37721556
331989250,1,3,2.2513185,1.1591895,0.19160156
331989260,1,3,2.0082238,1.8513501,0.5376819
331989270,1,3,1.4322217,2.4513025,1.1484119
331989280,1,3,0.92567503,2.5926087,1.1615845
331989290,1,3,0.36164796,2.4345374,1.1292517
331989300,1,3,-0.14370117,2.0213964,1.1388317
331989310,1,3,-0.50894165,1.8741028,1.0047107
331989319,1,3,-0.79514647,1.6789087,0.6550378
331989329,1,3,-0.92687255,1.8094373,0.38080812
331989339,1,3,-1.2370276,1.8046472,0.16405883
331989349,1,3,-1.663341,1.6154407,-0.13052857
331989359,1,3,-2.074087,1.2298425,-0.4035608
331989369,1,3,-2.410587,0.49696654,-0.676593
331989379,1,3,-2.8524683,-0.34847534,-0.6490503
331989389,1,3,-3.309917,-1.6322058,-0.5029541
331989398,1,3,-3.6631823,-2.7470875,-0.47421387
331989408,1,3,-3.7889209,-3.7625756,-0.39757323
331989418,1,3,-3.8978944,-4.6834607,-0.2969824
331989428,1,3,-3.911067,-5.619913,0.18082398
331989438,1,3,-3.7218604,-6.495293,0.4778064
331989448,1,3,-3.3182995,-7.6461,0.6706055
331989458,1,3,-2.990182,-8.587342,1.1939173
331989467,1,3,-2.5842261,-9.536968,1.773512
331989477,1,3,-2.2872436,-10.591974,2.2776635
331989487,1,3,-2.1842577,-11.873309,2.8692334
331989497,1,3,-2.3291564,-13.389357,3.4452355
331989507,1,3,-2.6800268,-15.372433,4.0906935
331989517,1,3,-3.3242872,-17.54232,4.6008325
331989527,1,3,-3.6631823,-19.155367,4.905
331989537,1,3,-3.681145,-20.16367,5.100194
331989546,1,3,-3.624862,-20.343296,5.088219
331989556,1,3,-3.4679883,-19.887045,4.8822474
331989566,1,3,-3.6775525,-19.655926,4.6032276
331989576,1,3,-4.164939,-19.330202,4.528982
331989586,1,3,-4.8427296,-19.082317,4.5457473
331989596,1,3,-5.24629,-18.509909,4.3780956
331989606,1,3,-5.3504734,-17.858463,4.142186
331989616,1,3,-5.271438,-17.276474,3.878734
331989625,1,3,-5.1876125,-16.577127,3.6679723
331989658,1,3,-4.918173,-15.534097,3.4117053
331989668,1,3,-4.805607,-14.376104,3.0488598
331989678,1,3,-4.7553115,-13.006153,2.75547
331989688,1,3,-4.6104126,-11.614647,2.5494983
331989698,1,3,-4.5002418,-10.471025,2.3698719
331989708,1,3,-4.2152343,-9.410031,1.9603235
331989718,1,3,-3.9469922,-8.610095,1.7339941
331989728,1,3,-3.5326538,-8.013736,1.4441968
331989737,1,3,-3.0368848,-7.66526,1.0645862
331989747,1,3,-2.3878345,-7.8616514,0.65264285
331989757,1,3,-2.102827,-8.624465,0.27422974
331989767,1,3,-1.9255958,-10.192005,0.19998413
331989777,1,3,-1.7914746,-11.740386,0.064665526
331989787,1,3,-1.3831238,-12.672049,-0.3065625
331989797,1,3,-1.0801538,-13.127102,-1.2358301
331989806,1,3,-0.6622229,-13.432467,-2.2213807
331989816,1,3,-0.15687378,-14.10906,-3.070415
331989826,1,3,0.43709105,-15.223942,-3.3290772
331989836,1,3,1.3124707,-16.496895,-3.8356237
331989846,1,3,2.1579125,-17.111217,-4.461921
331989856,1,3,2.7734327,-16.672928,-5.555248
331989866,1,3,2.7315197,-16.264578,-6.5683413
331989876,1,3,2.123185,-16.161592,-7.274872
331989885,1,3,1.3232483,-16.429834,-7.8939843
331989895,1,3,0.92208254,-16.60467,-7.884404
331989905,1,3,1.2825329,-16.174765,-7.914342
331989915,1,3,1.780697,-15.025155,-7.489226
331989925,1,3,2.398612,-13.272,-6.5360084
331989935,1,3,2.5710535,-11.553575,-5.6414685
331989945,1,3,2.3327491,-10.0626745,-4.8918276
331989955,1,3,1.541195,-8.313113,-3.8140686
331989964,1,3,1.1819421,-6.40548,-3.410508
331989974,1,3,0.88974977,-4.508624,-2.5147705
331989984,1,3,0.54606444,-3.0835876,-2.0070264
331989994,1,3,0.3221301,-2.0824695,-2.0537293
331990004,1,3,0.305365,-1.2478051,-1.9651135
331990014,1,3,0.4047583,-0.5281018,-1.4920971
331990024,1,3,0.7544311,0.19878662,-0.71850586
331990034,1,3,0.6969507,1.1567944,0.3915857
331990043,1,3,0.84424436,2.020199,1.6453785
331990053,1,3,0.68976563,2.7913952,1.8860779
331990063,1,3,0.46942383,3.446433,1.9627185
331990073,1,3,0.0742456,3.8368213,1.465752
331990083,1,3,-0.2814148,3.935017,1.0633887
331990093,1,3,-0.7843689,3.786526,0.91010743
331990103,1,3,-0.93884766,3.3985326,0.6777905
331990112,1,3,-0.88855225,2.701582,0.9136999
331990122,1,3,-0.93884766,1.6681311,1.1232642
331990132,1,3,-1.2178674,0.5903723,1.1639795
331990142,1,3,-1.6166382,-0.8466394,0.91250247
331990152,1,3,-1.9040406,-2.5363257,0.64066774
331990162,1,3,-2.3734643,-4.4247985,0.48139894
331990172,1,3,-2.711162,-6.634204,0.5185217
331990182,1,3,-3.1925611,-8.974138,0.674198
331990191,1,3,-3.4500256,-10.842254,0.8945398
331990201,1,3,-3.011737,-12.109219,0.92567503
331990211,1,3,-2.4716601,-12.145144,1.1579919
331990221,1,3,-1.8860779,-11.722424,1.1448194
331990231,1,3,-1.5615528,-11.524834,1.1735595
331990241,1,3,-1.6968713,-11.664943,1.9076331
331990251,1,3,-2.3734643,-12.02659,2.5051904
331990261,1,3,-3.0728102,-12.400213,2.7901978
331990270,1,3,-3.4129028,-12.783417,2.943479
331990280,1,3,-3.441643,-13.006153,3.3997302
331990290,1,3,-2.9889843,-12.81096,3.8260436
331990300,1,3,-2.3686743,-12.724739,4.301455
331990310,1,3,-1.9411633,-12.876822,4.1829014
331990320,1,3,-1.8130298,-13.442047,3.7386255
331990330,1,3,-1.839375,-13.947396,3.38536
331990340,1,3,-1.9064355,-14.06116,2.4321423
331990349,1,3,-1.780697,-13.894706,1.5867004
331990359,1,3,-1.8118323,-13.654006,0.9855505
331990369,1,3,-1.7747095,-13.111534,0.46942383
331990379,1,3,-1.5938855,-12.621753,0.09340576
331990389,1,3,-1.6118481,-12.5810375,0.0
331990405,1,3,-1.2609777,-12.672049,0.05748047
331990415,1,3,-1.101709,-12.957056,-0.14968872
331990425,1,3,-1.1376343,-13.476775,-0.43110353
331990435,1,3,-1.1124866,-14.155763,-0.59276736
331990445,1,3,-1.1723621,-14.621594,-1.2502002
331990455,1,3,-1.2693603,-14.893429,-2.0118165
331990465,1,3,-1.2777429,-15.241904,-2.6632617
331990474,1,3,-1.4406042,-15.804734,-3.2153137
331990484,1,3,-1.6357983,-16.278948,-3.5793567
331990494,1,3,-1.6801062,-16.080162,-3.923042
331990504,1,3,-1.6657361,-15.434704,-4.31822
331990514,1,3,-1.5819104,-14.524596,-4.5601172
331990524,1,3,-1.472937,-13.733042,-4.580475
331990534,1,3,-1.0502161,-13.139077,-4.418811
331990544,1,3,-0.61073,-12.785811,-4.245172
331990553,1,3,-0.13172607,-12.393028,-3.7230577
331990563,1,3,0.33769774,-12.161909,-3.5122962
331990573,1,3,0.74006104,-11.868519,-3.3242872
331990583,1,3,0.9508228,-11.548784,-3.1734009
331990593,1,3,1.0801538,-11.043435,-3.0308971
331990603,1,3,1.0370435,-10.356065,-2.838098
331990613,1,3,0.98674804,-9.778865,-2.9207263
331990623,1,3,0.76161623,-9.030421,-2.9542565
331990632,1,3,0.75682616,-8.267608,-2.5878186
331990642,1,3,0.9340576,-7.719148,-2.0824695
331990652,1,3,0.9196875,-7.149133,-2.13995
331990662,1,3,0.8298743,-6.5791187,-1.9866687
331990672,1,3,0.8478369,-6.109695,-1.8633252
331990682,1,3,0.8322693,-5.612728,-1.6813037
331990692,1,3,0.6598279,-5.2798204,-1.4537768
331990702,1,3,0.70293826,-4.988826,-1.5028747
331990711,1,3,0.674198,-4.6906457,-1.3663586
331990721,1,3,0.6215076,-4.485872,-1.3028907
331990731,1,3,0.5664221,-4.5768824,-1.1843371
331990741,1,3,0.63468015,-4.736151,-1.2597803
331990751,1,3,0.7113208,-4.4954515,-1.299298
331990761,1,3,0.7041357,-4.1936793,-1.5771203
331990771,1,3,0.4778064,-4.0751257,-1.8609302
331990780,1,3,0.51971924,-4.1373963,-1.7136365
331990790,1,3,0.5628296,-4.518204,-1.8585352
331990800,1,3,0.6430628,-4.7469287,-2.1686902
331990810,1,3,0.63587767,-5.1061816,-2.4285498
331990820,1,3,0.63587767,-5.6259007,-2.6369164
331990830,1,3,0.50774413,-6.5012803,-2.933899
331990840,1,3,0.34608033,-7.6401124,-3.2189062
331990850,1,3,0.31135255,-8.82445,-3.3602123
331990859,1,3,0.31494507,-9.883048,-3.4332604
331990869,1,3,0.42391846,-10.659035,-3.422483
331990879,1,3,0.5724097,-11.62303,-3.754193
331990889,1,3,0.42511597,-12.197834,-3.8356237
331990899,1,3,0.2586621,-12.704381,-4.038003
331990909,1,3,-0.0011975098,-12.953464,-4.3349853
331990919,1,3,-0.16166382,-12.917538,-4.4152184
331990929,1,3,-0.36284545,-12.63253,-4.423601
331990938,1,3,-0.47421387,-12.402609,-4.3757005
331990948,1,3,-0.50774413,-12.3774605,-4.2296047
331990958,1,3,-0.58198977,-12.397819,-4.126619
331990968,1,3,-0.7244934,-12.504397,-4.0188427
331990978,1,3,-0.7879614,-12.621753,-3.9002893
331990988,1,3,-0.91010743,-12.609777,-3.8164637
331990998,1,3,-0.7484436,-12.56547,-3.8308337
331991008,1,3,-0.7747888,-12.734319,-3.7038977
331991017,1,3,-0.7209009,-12.820539,-3.5087037
331991027,1,3,-0.7711963,-12.849279,-3.3290772
331991037,1,3,-0.737666,-12.846885,-3.1542406
331991047,1,3,-0.6610254,-12.761862,-3.0440698
331991057,1,3,-0.5173242,-12.837305,-3.1207104
331991067,1,3,-0.41194335,-12.924723,-3.1937585
331991077,1,3,-0.41912842,-13.013339,-3.2081287
331991086,1,3,-0.42511597,-13.009747,-3.0380824
331991096,1,3,-0.62989014,-13.081596,-2.957849
331991106,1,3,-1.0274634,-12.972623,-2.6955945
331991116,1,3,-1.5208374,-12.540322,-2.4968078
331991126,1,3,-1.9758911,-12.031381,-2.638114
331991136,1,3,-2.3159838,-11.615845,-2.870431
331991146,1,3,-2.530338,-11.491303,-3.0081446
331991156,1,3,-2.6153612,-12.137959,-2.899171
331991165,1,3,-2.635719,-13.231285,-2.5578809
331991175,1,3,-2.3602917,-14.112653,-2.203418
331991185,1,3,-2.525548,-14.287489,-1.4873071
331991195,1,3,-2.8680358,-14.207256,-1.2046949
331991205,1,3,-3.417693,-13.917459,-1.0166858
331991215,1,3,-4.115841,-13.73424,-0.49936157
331991225,1,3,-5.0331335,-13.608501,-0.0011975098
331991235,1,3,-5.6953564,-13.476775,0.5628296
331991244,1,3,-6.43422,-13.404924,1.2621753
331991254,1,3,-7.1347632,-13.263618,1.6417859
331991264,1,3,-7.9502673,-13.149855,1.8477576
331991274,1,3,-8.510702,-13.072017,1.6357983
331991284,1,3,-8.860374,-12.949871,1.4561719
331991294,1,3,-8.82924,-12.755874,1.3268409
331991304,1,3,-8.389753,-12.342733,0.737666
331991314,1,3,-7.6245446,-12.048145,0.65743285
331991323,1,3,-6.5300207,-11.5751295,0.60833496
331991333,1,3,-5.4893847,-10.946437,1.1603869
331991343,1,3,-4.5792775,-10.128537,1.3699511
331991353,1,3,-3.9913,-8.738229,1.7315991
331991363,1,3,-3.4428406,-7.1599107,1.8333875
331991373,1,3,-3.1805859,-5.3780165,1.8130298
331991383,1,3,-2.6692493,-3.69312,1.4956897
331991393,1,3,-2.259701,-2.2513185,0.8418494
331991402,1,3,-1.7435743,-1.1340418,0.27542725
331991412,1,3,-1.104104,-0.27183473,-0.36045045
331991422,1,3,-0.57480466,0.37482056,-0.97716796
331991432,1,3,-0.1580713,0.91609496,-1.4238391
331991442,1,3,-0.043110352,1.2693603,-1.167572
331991452,1,3,0.09340576,1.7028589,-0.8418494
331991462,1,3,0.029937744,2.3339465,-0.61911255
331991472,1,3,0.2335144,2.9374914,-0.7807764
331991481,1,3,0.3221301,3.6200721,-0.9520203
331991491,1,3,0.5508545,3.9541771,-1.4346167
331991501,1,3,0.6885681,3.8248463,-1.5591577
331991511,1,3,0.97716796,3.4033227,-1.6130457
331991521,1,3,1.0657837,2.5590785,-1.6058606
331991531,1,3,1.0657837,1.6034656,-1.595083
331991541,1,3,0.91609496,0.66701293,-1.6322058
331991551,1,3,0.6622229,-0.5113367,-2.325564
331991560,1,3,0.19399658,-2.494413,-3.1602283
331991570,1,3,-0.11496094,-4.939728,-3.378175
331991580,1,3,-0.24548951,-7.745493,-3.378175
331991590,1,3,-0.5281018,-10.366842,-3.0081446
331991600,1,3,-0.8753796,-12.311598,-2.7854078
331991610,1,3,-1.1567944,-13.84441,-3.3422499
331991620,1,3,-1.0921289,-14.851516,-4.212839
331991630,1,3,-1.4178516,-15.276632,-4.3780956
331991639,1,3,-1.961521,-15.5424795,-4.5158095
331991649,1,3,-3.1003528,-15.88377,-4.5229945
331991659,1,3,-3.8236487,-15.940052,-4.7110033
331991669,1,3,-4.2727146,-15.70534,-4.5517344
331991679,1,3,-4.2391844,-15.39758,-4.115841
331991689,1,3,-4.003275,-15.154486,-3.5482213
331991699,1,3,-3.4164953,-14.9557,-2.9003687
331991709,1,3,-3.1530433,-14.626385,-2.6153612
331991718,1,3,-3.1482532,-14.694642,-2.887196
331991728,1,3,-3.4141004,-15.059883,-3.265609
331991738,1,3,-3.7601807,-15.455061,-3.3362622
331991748,1,3,-4.1469765,-15.488591,-3.2129188
331991758,1,3,-4.3385777,-15.203584,-3.2356713
331991768,1,3,-4.3134303,-14.404845,-3.2380664
331991778,1,3,-4.0188427,-13.600119,-3.4679883
331991787,1,3,-3.7793407,-12.591815,-3.6727624
331991797,1,3,-3.6392322,-11.754756,-3.8344262
331991820,1,3,-3.432063,-11.341615,-4.0272255
331991830,1,3,-3.190166,-11.360775,-4.0607557
331991839,1,3,-3.2620165,-11.855347,-3.6009119
331991849,1,3,-3.2715967,-12.421769,-3.3230896
331991859,1,3,-3.2236962,-12.8624525,-2.5483007
331991869,1,3,-3.150648,-13.248051,-1.9064355
331991879,1,3,-3.075205,-13.536651,-1.1783496
331991889,1,3,-3.3422499,-14.014457,-0.4287085
331991899,1,3,-3.7961059,-14.355747,0.2933899
331991909,1,3,-4.5457473,-14.550941,0.9196875
331991918,1,3,-5.085824,-14.184504,1.1280541
331991928,1,3,-5.459447,-13.6575985,1.2585827
331991938,1,3,-5.795947,-12.836107,1.2921131
331991948,1,3,-5.957611,-11.991863,1.2597803
331991958,1,3,-6.14083,-11.144026,1.3424084
331991968,1,3,-6.3863196,-10.481803,1.4489868
331991978,1,3,-6.636599,-9.895023,1.5100598
331991988,1,3,-6.771918,-9.329799,1.5902929
331991997,1,3,-6.7204247,-8.777746,1.6142431
331992007,1,3,-6.5360084,-8.216114,1.4825171
331992017,1,3,-6.4090724,-7.570657,1.350791
331992027,1,3,-5.8342676,-6.7922754,1.355581
331992037,1,3,-5.254673,-6.2809386,1.104104
331992047,1,3,-4.743336,-5.6749988,1.0154883
331992057,1,3,-4.28948,-5.2917957,0.7472461
331992067,1,3,-3.925437,-5.0103807,0.53289187
331992076,1,3,-3.7230577,-4.6259804,0.2933899
331992086,1,3,-3.6583924,-4.4176135,-0.08023316
331992096,1,3,-3.5362463,-4.148174,-0.53289187
331992106,1,3,-3.382965,-3.9517822,-1.0214758
331992116,1,3,-3.222499,-3.942202,-1.4525794
331992126,1,3,-3.1350806,-4.054768,-1.4932947
331992136,1,3,-2.9147387,-4.4487486,-1.6034656
331992146,1,3,-2.7171497,-4.804409,-1.6429834
331992155,1,3,-2.4357347,-5.0642686,-1.6765137
331992165,1,3,-2.4333398,-5.557643,-1.8729053
331992175,1,3,-2.4261549,-6.1444225,-1.7280066
331992185,1,3,-2.581831,-6.927594,-1.8824854
331992195,1,3,-2.7207422,-7.868837,-1.8226099
331992205,1,3,-2.9027636,-8.82445,-1.8621277
331992215,1,3,-3.2943494,-9.883048,-1.7878821
331992225,1,3,-3.5254688,-10.541678,-1.7771045
331992234,1,3,-3.781736,-10.929671,-1.7890795
331992244,1,3,-3.9553747,-11.0266695,-1.7256116
331992254,1,3,-3.9529798,-10.74286,-1.5687377
331992264,1,3,-4.023633,-10.357262,-1.5184424
331992274,1,3,-3.9469922,-9.850716,-1.4130615
331992284,1,3,-3.8799317,-9.348959,-1.1975098
331992294,1,3,-3.4620008,-8.619676,-0.91250247
331992304,1,3,-3.3206947,-8.095166,-0.7532337
331992313,1,3,-3.119513,-7.8257265,-0.5771997
331992323,1,3,-2.9027636,-7.6233473,-0.5783972
331992333,1,3,-2.7291248,-7.3575,-0.71850586
331992343,1,3,-2.5542884,-7.4329433,-1.0442286
331992353,1,3,-2.4465125,-7.501201,-0.9855505
331992363,1,3,-2.259701,-7.494016,-1.2226574
331992373,1,3,-2.1279747,-7.707173,-1.780697
331992383,1,3,-1.9112256,-7.9826,-2.1507275
331992392,1,3,-1.7651294,-8.244855,-2.4213648
331992402,1,3,-1.6429834,-8.685538,-2.814148
331992412,1,3,-1.2406201,-9.479487,-2.7662475
331992422,1,3,-1.0238708,-10.511741,-2.8608508
331992432,1,3,-0.79993653,-11.214679,-3.1554382
331992442,1,3,-0.29219237,-11.4206505,-3.4775684
331992452,1,3,-0.22513184,-11.341615,-3.67875
331992462,1,3,-0.23111938,-11.199111,-3.793711
331992471,1,3,-0.4035608,-11.087743,-3.8871167
331992481,1,3,-0.90531737,-11.205099,-3.878734
331992491,1,3,-1.1532019,-11.4134655,-3.6284547
331992501,1,3,-1.4346167,-11.577524,-3.4260755
331992511,1,3,-1.5759228,-11.747571,-3.2763867
331992521,1,3,-1.6705261,-11.910432,-2.9279113
331992531,1,3,-1.7088464,-11.818224,-2.3064039
331992541,1,3,-2.0130138,-11.536809,-2.1806653
331992550,1,3,-2.090852,-11.0602,-1.7471668
331992560,1,3,-2.1076171,-10.43989,-1.5088623
331992570,1,3,-2.1279747,-9.733359,-1.1687695
331992580,1,3,-1.9507434,-9.055569,-0.72808594
331992590,1,3,-1.6789087,-8.474776,-0.3329077
331992600,1,3,-1.4873071,-7.96823,-0.11735596
331992610,1,3,-1.2430152,-7.516769,-0.11975098
331992620,1,3,-1.0442286,-7.2365513,-0.025147704
331992629,1,3,-0.7232959,-7.0808754,-0.15088624
331992639,1,3,-0.32572266,-6.787485,-0.4538562
331992649,1,3,0.038320314,-6.7898803,-0.8562195
331992659,1,3,0.45625123,-6.763535,-1.2406201
331992669,1,3,0.859812,-6.7683253,-1.583108
331992679,1,3,1.1999048,-6.9036436,-1.8405725
331992689,1,3,1.3962964,-6.9240017,-1.8764977
331992698,1,3,1.6214283,-7.09285,-2.039359
331992708,1,3,1.8429675,-7.1599107,-2.1842577
331992718,1,3,1.9555335,-7.2269716,-2.1124072
331992728,1,3,2.1962328,-7.436536,-2.0022364
331992738,1,3,2.1100123,-7.865244,-2.0010388
331992748,1,3,2.1686902,-8.29036,-1.9208057
331992758,1,3,2.1088147,-8.5598,-2.022594
331992768,1,3,2.074087,-8.629255,-2.4441175
331992777,1,3,1.8788928,-8.491542,-2.823728
331992787,1,3,1.5148499,-8.6771555,-3.3206947
331992797,1,3,1.1591895,-9.16574,-3.6416273
331992807,1,3,0.7723938,-9.806408,-3.2320788
331992817,1,3,0.5484595,-10.035131,-3.2955468
331992827,1,3,0.4790039,-10.250684,-3.8487964
331992837,1,3,0.26824218,-11.160791,-4.3912683
331992847,1,3,-0.14250366,-12.537928,-5.0091834
331992856,1,3,-0.38080812,-13.614489,-5.498965
331992866,1,3,-0.57001466,-14.4743,-5.910908
331992876,1,3,-0.8430469,-15.1065855,-6.1683726
331992886,1,3,-1.1328442,-15.231127,-5.8198977
331992896,1,3,-1.2502002,-14.908997,-5.603148
331992906,1,3,-1.2633728,-14.437178,-5.1289344
331992916,1,3,-1.2981006,-13.76777,-4.524192
331992926,1,3,-1.1855347,-12.9822035,-3.718268
331992935,1,3,-1.1615845,-12.3630905,-3.3003368
331992945,1,3,-1.4717395,-12.155922,-2.9099488
331992955,1,3,-1.905238,-12.131971,-2.513573
331992965,1,3,-2.3483167,-11.991863,-2.389032
331992975,1,3,-2.5638685,-12.312796,-2.4800427
331992985,1,3,-2.7925928,-12.9355,-1.775907
331992995,1,3,-3.2787817,-14.077925,-1.4477893
331993005,1,3,-3.5338514,-15.59517,-0.8909473
331993014,1,3,-4.277505,-17.732725,-0.66821045
331993024,1,3,-5.4091516,-19.478693,-0.1353186
331993034,1,3,-6.2102857,-19.897821,0.3185376
331993044,1,3,-7.0174074,-19.271524,0.0059875487
331993054,1,3,-7.5287437,-17.917141,-0.45505372
331993064,1,3,-7.933502,-16.945961,-1.7962646
331993074,1,3,-7.9430823,-16.713644,-3.5063086
331993084,1,3,-7.6389146,-17.695602,-4.8654823
331993093,1,3,-7.270082,-20.531305,-4.748126
331993103,1,3,-7.1359606,-24.065157,-2.6584716
331993113,1,3,-6.843768,-25.518932,1.5902929
331993123,1,3,-5.7947497,-25.201593,3.5410364
331993133,1,3,-4.62119,-21.812641,4.643943
331993143,1,3,-3.732638,-16.69209,4.360133
331993153,1,3,-3.627257,-11.615845,3.9685473
331993163,1,3,-4.012855,-7.723938,3.6092944
331993172,1,3,-4.157754,-4.455934,2.7051744
331993182,1,3,-3.8212538,-1.275348,1.3783337
331993192,1,3,-3.4428406,1.6825012,0.35087037
331993202,1,3,-2.711162,3.634442,-1.0214758
331993212,1,3,-2.0764818,4.8582973,-1.9172131
331993222,1,3,-1.4453943,5.259463,-2.9362938
331993232,1,3,-0.5891748,5.294191,-2.8081603
331993242,1,3,-0.52570677,5.327721,-2.957849
331993251,1,3,-0.7604187,5.836663,-3.5350487
331993261,1,3,-0.8562195,6.5300207,-4.2008643
331993271,1,3,-0.72808594,7.03537,-4.6666956
331993281,1,3,-0.676593,6.981482,-4.712201
331993291,1,3,-0.59635985,6.45817,-4.628375
331993301,1,3,-0.31015503,5.9288707,-4.670288
331993311,1,3,0.0,5.3540664,-4.501439
331993320,1,3,0.28740233,4.7062135,-3.9362147
331993330,1,3,0.65264285,4.0320153,-3.2548316
331993340,1,3,0.5628296,3.417693,-2.1758752
331993350,1,3,0.5292993,2.45729,-1.6896863
331993360,1,3,0.31734008,1.2681628,-1.472937
331993370,1,3,0.3161426,0.2706372,-1.0418335
331993380,1,3,0.2826123,-1.0526111,-0.8681946
331993390,1,3,0.4538562,-2.8608508,-1.1256592
331993399,1,3,0.9089099,-5.243895,-1.6525635
331993409,1,3,1.0621911,-7.5514965,-2.2453308
331993419,1,3,1.1496093,-9.845925,-2.586621
331993429,1,3,0.9340576,-11.8493595,-2.8644433
331993439,1,3,0.8262817,-13.923446,-3.1518457
331993449,1,3,0.59276736,-15.217954,-3.6524048
331993459,1,3,0.16166382,-15.601157,-4.0631504
331993469,1,3,0.17244141,-15.280225,-4.399651
331993478,1,3,0.041912843,-15.028748,-4.714596
331993488,1,3,0.12693603,-15.373631,-4.6666956
331993498,1,3,0.38919067,-16.140038,-4.4128237
331993508,1,3,0.6143225,-17.035774,-4.233197
331993518,1,3,0.76640624,-17.872833,-4.076323
331993528,1,3,0.554447,-18.683548,-3.8523889
331993538,1,3,-0.008382568,-19.187698,-3.9709425
331993548,1,3,-0.54247195,-19.039207,-4.1733217
331993557,1,3,-0.9448352,-18.50871,-4.461921
331993567,1,3,-1.2011023,-17.654886,-4.8918276
331993577,1,3,-1.341211,-16.865728,-5.285808
331993587,1,3,-1.3232483,-16.025076,-5.5384827
331993597,1,3,-1.0562036,-15.196399,-5.3432884
331993607,1,3,-0.9089099,-14.218034,-5.4091516
331993617,1,3,-0.7041357,-13.197755,-5.372029
331993627,1,3,-0.5604346,-12.213402,-5.1049843
331993636,1,3,-0.46104127,-11.484118,-4.54934
331993646,1,3,-0.49337402,-11.165581,-3.9505847
331993656,1,3,-0.5400769,-10.642269,-3.0452673
331993666,1,3,-0.5891748,-10.097403,-2.3339465
331993676,1,3,-0.53528684,-9.447155,-1.8214123
331993686,1,3,-0.45625123,-8.783734,-1.6621436
331993696,1,3,-0.42152345,-8.516689,-1.6884887
331993705,1,3,-0.32452515,-8.811276,-1.8729053
331993715,1,3,-0.6478528,-9.460327,-1.9040406
331993725,1,3,-0.8849597,-10.047107,-1.8681152
331993735,1,3,-0.82867676,-10.715318,-2.1339624
331993745,1,3,-0.6706055,-11.285332,-1.9387683
331993755,1,3,-0.16046631,-11.720028,-1.7699194
331993765,1,3,0.022752685,-12.240945,-1.1915222
331993775,1,3,0.11735596,-12.601396,-0.42272094
331993784,1,3,-0.12813355,-12.502002,0.37841308
331993794,1,3,-0.4430786,-12.196637,1.0190808
331993804,1,3,-0.7544311,-11.995456,1.1268567
331993814,1,3,-0.8634045,-11.914024,1.3136683
331993824,1,3,-0.6550378,-12.391831,1.096919
331993834,1,3,-1.1196716,-14.250366,1.1543994
331993844,1,3,-2.0872595,-16.18195,1.4549744
331993854,1,3,-3.0596375,-17.022602,1.8297949
331993863,1,3,-3.8356237,-16.969912,2.13516
331993873,1,3,-4.6882505,-15.675403,2.1579125
331993883,1,3,-5.3193383,-13.722264,2.1686902
331993893,1,3,-5.779182,-11.626622,2.0489392
331993903,1,3,-6.2007055,-9.804012,1.966311
331993913,1,3,-6.013894,-8.687933,1.9064355
331993923,1,3,-5.466632,-8.126301,1.9196081
331993933,1,3,-4.2296047,-7.956255,2.3555017
331993942,1,3,-3.1135254,-7.9275146,2.4968078
331993952,1,3,-2.15911,-7.787406,2.6979895
331993962,1,3,-1.9375708,-7.829319,3.011737
331993972,1,3,-2.1998255,-7.7466908,2.8524683
331993982,1,3,-2.8440857,-7.555089,2.410587
331993992,1,3,-3.6464171,-7.2557116,2.0561242
331994002,1,3,-4.132606,-6.918014,1.4250367
331994012,1,3,-4.2104445,-6.338419,1.0909314
331994021,1,3,-3.8751416,-5.965994,0.5221143
331994031,1,3,-3.4883459,-5.667814,0.12933105
331994041,1,3,-2.6644592,-5.445077,0.043110352
331994051,1,3,-2.3327491,-5.357659,-0.0023950196
331994061,1,3,-2.027384,-5.5049524,-0.2562671
331994071,1,3,-1.9926562,-5.645061,-0.2694397
331994081,1,3,-1.9962487,-5.8857603,-0.64066774
331994091,1,3,-2.1734803,-6.2162733,-1.0442286
331994100,1,3,-2.1830604,-6.412665,-1.1783496
331994110,1,3,-2.1459374,-6.6821046,-1.4130615
331994120,1,3,-2.2752686,-7.0413575,-1.6549585
331994151,1,3,-2.2632935,-7.5910144,-1.8501526
331994161,1,3,-2.494413,-8.274793,-1.9255958
331994170,1,3,-2.762655,-9.089099,-1.7818946
331994180,1,3,-3.0237122,-9.934541,-1.8022522
331994190,1,3,-3.4847534,-10.41594,-1.9459534
331994200,1,3,-3.6536024,-10.65185,-2.1004322
331994210,1,3,-3.8368213,-10.73328,-2.1567152
331994220,1,3,-3.8260436,-10.669812,-2.2297633
331994230,1,3,-3.7805383,-10.71891,-2.2704785
331994240,1,3,-3.5110986,-10.926079,-1.9243982
331994249,1,3,-3.2165112,-11.158396,-1.5938855
331994259,1,3,-3.0452673,-11.424243,-1.1160791
331994269,1,3,-2.8967762,-11.585907,-0.7197034
331994279,1,3,-2.9039612,-11.799064,-0.44547364
331994289,1,3,-2.8596532,-11.710448,-0.16046631
331994299,1,3,-2.8668385,-11.635005,0.2586621
331994309,1,3,-2.9350965,-11.237432,0.48259643
331994318,1,3,-2.8931837,-10.759625,0.7005432
331994328,1,3,-2.9782069,-10.283016,0.73048097
331994338,1,3,-2.7818153,-9.635163,0.9304651
331994348,1,3,-2.4560926,-8.921448,0.8490344
331994358,1,3,-2.3087988,-8.392148,0.5628296
331994368,1,3,-2.2046156,-8.144264,0.66821045
331994378,1,3,-2.198628,-7.975415,0.4155359
331994388,1,3,-2.0848646,-7.618557,0.28859985
331994397,1,3,-1.9555335,-7.3371425,0.2826123
331994407,1,3,-1.9255958,-7.0712953,0.26704466
331994417,1,3,-1.8082397,-6.827003,0.29219237
331994427,1,3,-1.8537451,-6.497688,0.37482056
331994437,1,3,-1.9363732,-6.1456203,0.42152345
331994447,1,3,-2.074087,-5.7851696,0.31374756
331994457,1,3,-2.2022204,-5.4630394,0.32332763
331994467,1,3,-2.381847,-5.1947975,0.43589357
331994476,1,3,-2.45729,-4.996011,0.49936157
331994486,1,3,-2.511178,-4.8475194,0.53169435
331994496,1,3,-2.577041,-4.834347,0.65623534
331994506,1,3,-2.76505,-5.0115786,1.1256592
331994516,1,3,-2.9482691,-5.22713,1.2502002
331994526,1,3,-3.046465,-5.2702403,1.475332
331994536,1,3,-3.0332923,-5.380411,1.3424084
331994546,1,3,-3.0105395,-5.4798045,1.3160633
331994555,1,3,-2.9758117,-6.363567,1.4178516
331994565,1,3,-3.1470556,-7.387438,1.9746937
331994575,1,3,-3.1087353,-8.529862,2.4249573
331994585,1,3,-2.931504,-9.292676,2.6369164
331994595,1,3,-2.6153612,-9.701027,2.5890162
331994605,1,3,-2.2932312,-9.856703,2.6297314
331994615,1,3,-2.2477257,-10.073452,2.6884093
331994625,1,3,-2.3782544,-10.630294,3.2248938
331994634,1,3,-2.5027955,-11.6385975,3.422483
331994644,1,3,-2.7890003,-12.604988,3.68354
331994654,1,3,-2.694397,-13.555811,3.6116896
331994664,1,3,-2.4740553,-14.226416,3.7577856
331994674,1,3,-2.2118006,-14.865887,3.3997302
331994684,1,3,-2.0405567,-15.586787,3.1698084
331994694,1,3,-1.7699194,-16.010706,2.8321106
331994704,1,3,-1.6106507,-15.820301,2.682422
331994713,1,3,-1.4310242,-15.4299135,2.3854394
331994723,1,3,-1.6393908,-15.044315,2.0824695
331994733,1,3,-1.7627344,-14.554534,1.9267932
331994743,1,3,-1.84177,-13.992902,1.9279907
331994753,1,3,-1.8226099,-13.324691,1.8525476
331994763,1,3,-1.475332,-12.601396,1.7040564
331994773,1,3,-1.5028747,-12.097243,1.3998889
331994783,1,3,-1.3400134,-11.766731,1.0286609
331994792,1,3,-1.1783496,-11.593092,0.19399658
331994802,1,3,-1.0322534,-11.587105,-0.8071216
331994812,1,3,-1.0106982,-11.696078,-1.6944764
331994822,1,3,-0.8634045,-12.212205,-2.515968
331994832,1,3,-0.613125,-13.264815,-3.0895753
331994842,1,3,-0.429906,-14.2695265,-3.8475988
331994852,1,3,-0.21315674,-14.995217,-4.6175976
331994862,1,3,-0.21555176,-15.615527,-5.5540504
331994871,1,3,-0.35326537,-16.12926,-6.7755103
331994881,1,3,-0.75682616,-16.6382,-8.230485
331994891,1,3,-0.9580078,-17.174685,-9.529782
331994901,1,3,-0.95441526,-17.59501,-10.485395
331994911,1,3,-0.8250842,-17.420174,-10.845846
331994921,1,3,-0.45625123,-16.9268,-10.964399
331994931,1,3,0.26584718,-16.02268,-10.515333
331994940,1,3,0.7759863,-15.06108,-9.8447275
331994950,1,3,1.1639795,-14.197676,-8.59812
331994960,1,3,1.346001,-13.440849,-6.991062
331994970,1,3,1.0705737,-12.620556,-5.277426
331994980,1,3,0.6227051,-11.745175,-3.3206947
331994990,1,3,-0.0059875487,-10.717712,-1.6154407
331995000,1,3,-0.38080812,-9.074729,-0.24908203
331995010,1,3,-0.8957373,-7.907157,-0.13651611
331995019,1,3,-1.2597803,-6.7060547,0.5233118
331995029,1,3,-1.2370276,-5.0666637,0.76281375
331995039,1,3,-0.9352551,-3.5961218,0.2814148
331995049,1,3,-0.72808594,-2.3016138,-0.43110353
331995059,1,3,-0.59516233,-1.1759546,-0.920885
331995069,1,3,-0.45505372,-0.18681152,-1.1496093
331995079,1,3,-0.18082398,0.48020142,-1.3088782
331995089,1,3,-0.05388794,0.9903406,-1.1184741
331995098,1,3,0.061072998,1.2657678,-0.9520203
331995108,1,3,-0.05628296,1.2478051,-0.6430628
331995118,1,3,-0.04550537,1.0957215,-0.3903882
331995128,1,3,-0.17363891,0.75562865,-0.15088624
331995138,1,3,-0.432301,0.59156984,-0.0742456
331995148,1,3,-0.57959473,0.37841308,-0.031135254
331995158,1,3,-0.9089099,0.4155359,0.14250366
331995168,1,3,-1.1987072,0.40116578,-0.09101074
331995177,1,3,-1.421444,0.54366946,-0.4047583
331995187,1,3,-1.5388,0.66701293,-0.5616321
331995197,1,3,-1.8142273,0.31374756,-0.5712122
331995207,1,3,-2.1650977,-0.29219237,-0.29817992
331995217,1,3,-2.5590785,-0.6274951,0.13172607
331995227,1,3,-2.943479,-0.96519285,0.5676196
331995237,1,3,-2.9758117,-1.8106347,0.22872436
331995247,1,3,-3.258424,-3.3135095,0.14010864
331995256,1,3,-4.0020776,-5.2750306,0.81310916
331995266,1,3,-4.7469287,-7.7598634,1.1783496
331995276,1,3,-5.50615,-9.898616,1.1196716
331995286,1,3,-5.82828,-11.4697485,1.0310559
331995296,1,3,-5.8031325,-12.530743,0.87657714
331995306,1,3,-5.7025414,-13.600119,1.1687695
331995316,1,3,-5.7384667,-14.69584,1.7256116
331995326,1,3,-5.82828,-15.67181,2.5123756
331995335,1,3,-6.0881395,-16.569942,2.858456
331995345,1,3,-6.6916847,-17.300423,3.3087194
331995355,1,3,-7.252119,-17.521963,3.666775
331995365,1,3,-7.709568,-17.587826,4.0679407
331995375,1,3,-7.747888,-17.477655,4.254752
331995385,1,3,-7.902367,-17.08607,4.815187
331995395,1,3,-7.841294,-16.83579,5.127737
331995405,1,3,-7.526349,-16.519648,5.325326
331995414,1,3,-7.1287756,-16.117285,5.5468655
331995424,1,3,-6.485713,-15.791561,5.351671
331995434,1,3,-5.9959316,-15.371235,5.0307384
331995444,1,3,-5.2235374,-15.01318,4.6080174
331995454,1,3,-4.7888417,-14.530583,4.437971
331995464,1,3,-4.31822,-13.83004,4.501439
331995486,1,3,-3.9996827,-12.673245,4.0978785
331995495,1,3,-3.97693,-11.201507,3.38536
331995505,1,3,-3.98172,-9.681867,2.4608827
331995515,1,3,-3.8823266,-8.123906,1.6094531
331995525,1,3,-3.5446289,-7.029382,0.81789917
331995535,1,3,-2.9147387,-6.3468018,0.009580079
331995545,1,3,-2.2824535,-6.060597,-0.3915857
331995555,1,3,-1.5256275,-6.051017,-1.0250684
331995565,1,3,-0.8214917,-6.4629602,-0.8957373
331995574,1,3,-0.5376819,-7.5658665,-0.7867639
331995584,1,3,-0.43469605,-9.108259,-0.81670165
331995594,1,3,-0.29578492,-10.311756,-1.2585827
331995604,1,3,-0.085023195,-11.29132,-1.9950513
331995614,1,3,-0.067060545,-12.792996,-2.9686267
331995624,1,3,-0.15088624,-15.064672,-4.023633
331995634,1,3,-0.2586621,-17.4082,-4.827162
331995644,1,3,-0.11376343,-19.531384,-5.629493
331995653,1,3,-0.16286133,-20.847448,-6.4438
331995663,1,3,-0.72928345,-21.46177,-7.813751
331995673,1,3,-1.3747412,-20.989952,-8.86277
331995683,1,3,-1.902843,-19.661913,-9.138197
331995693,1,3,-1.9878662,-17.777033,-8.680748
331995703,1,3,-1.4980847,-15.773599,-7.7694435
331995713,1,3,-1.0023156,-13.9809265,-5.9588084
331995723,1,3,-0.4778064,-12.396621,-4.1924815
331995732,1,3,-0.067060545,-10.74286,-2.5399182
331995742,1,3,0.0371228,-9.211246,-1.0681787
331995752,1,3,-0.10298584,-7.444918,-0.46104127
331995762,1,3,-0.33889526,-5.5600376,-0.15567628
331995772,1,3,-0.65264285,-3.5314562,0.065863036
331995782,1,3,-0.8370593,-1.4849122,-0.47181883
331995792,1,3,-1.162782,0.07783814,-1.0011182
331995802,1,3,-1.1508069,1.113684,-0.9472302
331995811,1,3,-0.9891431,1.6621436,0.017962646
331995821,1,3,-0.90531737,1.785487,0.5221143
331995831,1,3,-0.52450925,1.7866845,1.4322217
331995841,1,3,-0.4406836,1.597478,2.0477417
331995851,1,3,-0.49816406,1.592688,2.3028114
331995861,1,3,-0.737666,1.5304174,2.0800745
331995871,1,3,-1.1771522,1.1472144,2.0058289
331995881,1,3,-1.7435743,0.8083191,1.7100439
331995890,1,3,-1.9064355,0.3221301,1.4908997
331995900,1,3,-2.193838,-0.2215393,1.1484119
331995910,1,3,-2.5997937,-0.6885681,0.6777905
331995920,1,3,-2.6345215,-1.1879296,0.21674927
331995930,1,3,-2.7794201,-1.9447559,-0.2694397
331995940,1,3,-2.7614574,-3.2524366,-0.7759863
331995950,1,3,-2.8859985,-5.2894006,-1.1005114
331995960,1,3,-3.265609,-7.6616673,-1.2454102
331995969,1,3,-3.634442,-9.969269,-0.71730834
331995979,1,3,-3.6500099,-11.517649,0.13651611
331995989,1,3,-3.126698,-11.673326,0.44547364
331995999,1,3,-2.381847,-11.238629,0.52450925
331996009,1,3,-1.7256116,-10.378818,0.5604346
331996019,1,3,-1.5495776,-9.517808,1.4022839
331996029,1,3,-1.9196081,-8.63165,2.1758752
331996038,1,3,-2.6908045,-8.007748,2.3555017
331996048,1,3,-3.478766,-7.965835,2.7410998
331996058,1,3,-4.0176454,-8.425678,3.2368689
331996068,1,3,-4.1373963,-9.002878,3.7110827
331996078,1,3,-3.8404138,-9.563313,4.0260277
331996088,1,3,-3.497926,-9.83395,4.0894957
331996098,1,3,-3.3518298,-10.0770445,4.069138
331996108,1,3,-3.3937426,-10.253078,3.7482057
331996117,1,3,-3.5805542,-10.551258,3.4093103
331996127,1,3,-3.988905,-10.777588,3.1075377
331996137,1,3,-4.5301795,-10.915301,2.8524683
331996147,1,3,-4.8822474,-11.217074,2.5542884
331996157,1,3,-5.344486,-11.772718,2.2920337
331996173,1,3,-5.4965696,-12.382251,1.9255958
331996183,1,3,-5.7767873,-13.046869,1.3591735
331996193,1,3,-5.760022,-13.189373,1.1999048
331996203,1,3,-5.3852015,-12.981006,0.58438474
331996212,1,3,-4.9912205,-12.697196,-0.068258055
331996222,1,3,-4.7672863,-12.290043,-0.5137317
331996232,1,3,-4.599635,-12.24813,-0.8190967
331996242,1,3,-4.4643164,-12.330758,-0.90052736
331996252,1,3,-4.2391844,-12.58463,-0.69455564
331996262,1,3,-3.979325,-12.820539,-0.4670288
331996272,1,3,-3.4260755,-13.034894,-0.3820056
331996282,1,3,-2.9362938,-13.049264,0.021555176
331996291,1,3,-2.4608827,-13.11393,0.03592529
331996301,1,3,-2.0058289,-13.072017,0.05029541
331996311,1,3,-1.705254,-12.855268,-0.123343505
331996321,1,3,-1.5232325,-12.607383,-0.24309449
331996331,1,3,-1.404679,-12.334351,-0.61552
331996341,1,3,-1.4825171,-12.070898,-0.71730834
331996351,1,3,-1.465752,-11.934382,-1.0490185
331996360,1,3,-1.4382092,-11.692486,-1.1975098
331996370,1,3,-1.3244458,-11.593092,-1.6010705
331996380,1,3,-1.2442126,-11.521241,-1.5112573
331996390,1,3,-0.97237796,-11.441009,-1.595083
331996400,1,3,-0.791554,-11.555969,-1.1543994
331996410,1,3,-0.674198,-11.624228,-1.3160633
331996420,1,3,-0.82268924,-11.523637,-0.99992067
331996430,1,3,-0.7580237,-11.4769335,-0.8837622
331996439,1,3,-0.7879614,-11.158396,-0.79394895
331996449,1,3,-0.63587767,-10.703342,-0.97237796
331996459,1,3,-0.58438474,-10.529703,-1.0214758
331996469,1,3,-0.39517823,-10.427915,-1.0933264
331996479,1,3,-0.3436853,-10.271041,-1.3376184
331996489,1,3,-0.1951941,-10.300979,-1.2585827
331996499,1,3,-0.18082398,-10.10339,-1.7064514
331996509,1,3,-0.15088624,-9.856703,-1.7986597
331996518,1,3,-0.25147706,-9.544153,-1.653761
331996528,1,3,-0.25387207,-9.013656,-1.9459534
331996538,1,3,-0.22513184,-8.580157,-1.9303857
331996548,1,3,0.0,-8.145461,-1.8741028
331996558,1,3,0.20836669,-7.8891945,-2.0118165
331996568,1,3,0.27782226,-7.533534,-1.8645227
331996578,1,3,0.47062135,-7.286847,-2.0597167
331996588,1,3,0.63587767,-7.129973,-1.8537451
331996597,1,3,0.7975415,-7.03537,-1.5004797
331996607,1,3,0.7484436,-6.898854,-1.8764977
331996617,1,3,0.81789917,-6.75156,-2.0142114
331996627,1,3,0.95321774,-6.5132556,-2.0190015
331996637,1,3,1.1412268,-6.4354177,-2.1806653
331996647,1,3,1.3400134,-6.431825,-2.147135
331996657,1,3,1.7794995,-6.4797254,-1.7591418
331996667,1,3,2.3974144,-6.497688,-1.0657837
331996676,1,3,3.06802,-6.565946,-0.32332763
331996686,1,3,3.1722033,-6.534811,0.23471192
331996696,1,3,2.8081603,-6.7048573,0.04550537
331996706,1,3,1.7471668,-7.155121,-0.37841308
331996716,1,3,0.37242553,-7.8472815,-0.2838098
331996726,1,3,-0.6490503,-8.502319,-0.09460327
331996736,1,3,-1.033451,-9.370514,-0.28500733
331996746,1,3,-0.68497556,-10.544073,-0.7496411
331996755,1,3,0.023950195,-11.767928,-1.6393908
331996765,1,3,0.93286014,-12.540322,-2.5938063
331996775,1,3,1.3783337,-12.731924,-3.6368372
331996785,1,3,1.3663586,-12.912747,-4.8810496
331996795,1,3,0.8322693,-13.386962,-5.6330857
331996805,1,3,0.10657837,-13.862373,-5.742059
331996815,1,3,-0.17842895,-14.081517,-5.726492
331996824,1,3,-0.065863036,-13.962964,-5.464237
331996834,1,3,-0.13172607,-13.683944,-5.0966015
331996844,1,3,-0.039517824,-13.691129,-4.3385777
331996854,1,3,-0.120948486,-13.754597,-3.556604
331996864,1,3,-0.27901977,-13.662389,-2.823728
331996874,1,3,-0.3293152,-13.455219,-2.4513025
331996884,1,3,-0.38320312,-13.177398,-2.2704785
331996894,1,3,-0.50894165,-13.055251,-2.2381458
331996903,1,3,-0.6933582,-13.008549,-2.5243506
331996913,1,3,-1.0621911,-13.307926,-2.6536818
331996923,1,3,-1.5148499,-13.9390135,-2.8201356
331996933,1,3,-2.029779,-14.521004,-2.9758117
331996943,1,3,-2.550696,-14.826368,-2.8596532
331996953,1,3,-2.826123,-14.68147,-2.7710376
331996963,1,3,-3.2524366,-14.283896,-2.6608667
331996973,1,3,-3.661985,-13.619279,-2.513573
331996982,1,3,-3.932622,-13.100757,-2.499203
331996992,1,3,-4.235592,-13.046869,-2.598596
331997002,1,3,-4.3709106,-13.15704,-2.43813
331997012,1,3,-4.531377,-13.341456,-2.1603076
331997022,1,3,-4.7517185,-13.848003,-2.0992346
331997032,1,3,-5.1145644,-14.304255,-1.9423609
331997042,1,3,-5.6666164,-14.583274,-1.5100598
331997052,1,3,-5.974376,-14.501843,-1.4609619
331997061,1,3,-6.41506,-14.131813,-1.165177
331997071,1,3,-7.146738,-13.940211,-0.67898804
331997081,1,3,-7.494016,-13.625266,-0.0035925293
331997091,1,3,-8.111931,-13.529466,0.8981323
331997101,1,3,-8.367001,-13.692327,1.4537768
331997111,1,3,-8.503517,-14.034815,1.6094531
331997121,1,3,-8.497529,-14.313834,2.1902454
331997130,1,3,-8.364606,-14.530583,2.7878027
331997140,1,3,-8.517887,-14.558126,3.3314722
331997150,1,3,-8.481961,-14.165343,3.4823585
331997160,1,3,-8.3957405,-13.17141,3.6823425
331997170,1,3,-8.183782,-11.57992,3.4895434
331997180,1,3,-7.67005,-9.489067,3.0273046
331997190,1,3,-6.9623218,-7.218589,2.384242
331997200,1,3,-5.9540186,-5.261858,1.4154565
331997209,1,3,-4.7301636,-3.578159,0.53049684
331997219,1,3,-3.3087194,-2.137555,-0.19878662
331997229,1,3,-2.0692968,-0.979563,-1.1172767
331997239,1,3,-0.79993653,-0.26584718,-1.839375
331997249,1,3,0.24668701,-0.10897339,-1.9842737
331997259,1,3,0.97716796,-0.1951941,-1.8130298
331997269,1,3,1.4645544,-0.18561402,-0.9316626
331997279,1,3,1.7220191,0.040715333,-0.08023316
331997288,1,3,1.8705102,0.3293152,0.2945874
331997298,1,3,1.8573376,0.9460327,0.37721556
331997308,1,3,1.5998731,1.6920813,0.31135255
331997318,1,3,1.5196398,2.3483167,-0.16645385
331997328,1,3,1.4897021,2.8177404,-0.6059399
331997338,1,3,1.5771203,2.9291089,-1.1064991
331997348,1,3,1.7950672,2.5638685,-1.5016773
331997358,1,3,1.9878662,1.771117,-1.834585
331997367,1,3,1.8250049,0.7688013,-1.7208215
331997377,1,3,1.6860938,-0.21794678,-1.5495776
331997387,1,3,1.463357,-1.1543994,-1.6920813
331997397,1,3,1.404679,-2.0453467,-1.775907
331997407,1,3,1.1053015,-2.882406,-2.0261865
331997417,1,3,0.8957373,-3.5649865,-2.2704785
331997427,1,3,0.6598279,-4.360133,-2.689607
331997437,1,3,0.39877075,-5.760022,-3.206931
331997446,1,3,0.0047900393,-7.4832387,-3.4775684
331997456,1,3,-0.3915857,-9.424402,-2.7375073
331997466,1,3,-0.7005432,-11.904445,-2.191443
331997476,1,3,-0.9460327,-13.903089,-1.595083
331997486,1,3,-1.099314,-14.978452,-1.1615845
331997496,1,3,-1.219065,-15.378421,-1.475332
331997506,1,3,-1.2011023,-15.455061,-2.1279747
331997516,1,3,-1.895658,-15.66702,-2.0453467
331997525,1,3,-3.0740075,-15.899337,-1.839375
331997535,1,3,-3.925437,-15.93167,-1.8681152
331997545,1,3,-4.6092153,-15.997533,-1.6190332
331997555,1,3,-4.4834766,-15.735278,-1.4142591
331997565,1,3,-4.2176294,-15.112574,-1.3915063
331997575,1,3,-3.685935,-14.10906,-1.2454102
331997585,1,3,-3.2811768,-13.049264,-1.4034815
331997595,1,3,-3.4057178,-12.221785,-1.6956738
331997604,1,3,-3.5829492,-11.781101,-1.9435583
331997614,1,3,-3.7829332,-11.779903,-2.1088147
331997624,1,3,-3.8523889,-12.04096,-1.9734961
331997647,1,3,-3.624862,-12.355906,-1.6944764
331997657,1,3,-3.1350806,-12.709171,-1.4130615
331997667,1,3,-2.6979895,-12.852872,-1.1987072
331997676,1,3,-2.339934,-12.667258,-0.93884766
331997686,1,3,-2.0992346,-12.280462,-1.0681787
331997696,1,3,-1.9770886,-12.044553,-1.169967
331997706,1,3,-1.7914746,-12.050541,-1.0298584
331997716,1,3,-1.6836988,-12.754677,-0.7496411
331997726,1,3,-1.6549585,-13.620476,-0.55324954
331997736,1,3,-1.8214123,-14.861096,-0.2323169
331997746,1,3,-1.9208057,-16.726816,0.2562671
331997755,1,3,-2.5267456,-18.426083,0.9915381
331997765,1,3,-3.006947,-18.997295,1.6573535
331997775,1,3,-3.0033545,-18.054855,2.4800427
331997785,1,3,-3.0332923,-16.459772,2.518363
331997795,1,3,-3.0787976,-14.767691,2.7446923
331997805,1,3,-3.190166,-13.327086,3.194956
331997815,1,3,-3.2871642,-12.125984,3.6464171
331997825,1,3,-3.4512231,-10.882969,3.8799317
331997834,1,3,-3.4045203,-9.817185,3.6440222
331997844,1,3,-3.6919227,-8.866363,3.1350806
331997854,1,3,-3.8954992,-7.773036,2.4273522
331997864,1,3,-4.035608,-6.7611403,1.8788928
331997874,1,3,-4.0954833,-5.859415,1.6753162
331997884,1,3,-4.1589513,-5.349276,1.4082714
331997894,1,3,-4.084706,-4.91458,1.2741504
331997904,1,3,-3.8883142,-4.472699,1.3280383
331997913,1,3,-3.8308337,-4.0583606,1.111289
331997923,1,3,-3.920647,-3.7733533,0.92328
331997933,1,3,-4.0392003,-3.4667907,0.92567503
331997943,1,3,-4.1733217,-3.253634,0.84424436
331997953,1,3,-4.3074427,-3.2117212,0.66701293
331997963,1,3,-4.6990285,-3.2189062,0.796344
331997973,1,3,-4.8810496,-2.9746141,0.60833496
331997983,1,3,-5.043911,-2.8620484,0.23111938
331997992,1,3,-5.1301317,-3.011737,-0.0742456
331998002,1,3,-5.253475,-3.5075061,-0.12813355
331998012,1,3,-5.457052,-4.096681,0.25027955
331998022,1,3,-5.7097263,-4.9648757,0.53169435
331998032,1,3,-6.0965223,-6.119275,1.0466236
331998042,1,3,-6.5503783,-7.494016,1.3376184
331998052,1,3,-6.9898643,-8.759784,1.6010705
331998062,1,3,-7.2102065,-9.631571,1.6561561
331998071,1,3,-7.33355,-10.13692,1.4980847
331998081,1,3,-7.345525,-10.376422,1.1783496
331998091,1,3,-7.122788,-10.619516,1.0346484
331998101,1,3,-6.8725085,-11.238629,1.0765613
331998111,1,3,-6.5719337,-11.850556,1.3927039
331998121,1,3,-5.8091197,-11.908037,1.7938696
331998131,1,3,-4.997208,-11.779903,1.6381934
331998141,1,3,-4.4978466,-11.693683,1.6310083
331998150,1,3,-3.681145,-11.559562,1.6597486
331998160,1,3,-3.070415,-11.230247,2.4776478
331998170,1,3,-2.325564,-11.196716,1.9986438
331998180,1,3,-1.5447876,-10.740465,1.780697
331998190,1,3,-0.60234743,-10.306967,0.9807605
331998200,1,3,0.33171022,-9.466314,0.26345214
331998210,1,3,1.2406201,-8.66518,-0.81191164
331998220,1,3,2.1698878,-7.68442,-1.1352392
331998229,1,3,3.2835717,-6.884484,-1.7375866
331998239,1,3,4.1002736,-6.4174547,-1.7818946
331998249,1,3,4.6762757,-6.40548,-1.7387842
331998259,1,3,4.8008165,-6.673722,-1.6393908
331998269,1,3,5.0427136,-6.3959,-1.9124231
331998279,1,3,5.4750147,-6.3048887,-2.4824378
331998289,1,3,6.307284,-6.004314,-2.4465125
331998299,1,3,7.5910144,-5.9061184,-2.1674926
331998308,1,3,9.517808,-6.180348,-1.531615
331998318,1,3,11.142828,-6.810238,-0.5113367
331998328,1,3,12.060121,-8.056846,-0.24788453
331998338,1,3,10.614727,-10.390792,0.30177248
331998348,1,3,7.379055,-13.054054,0.5173242
331998358,1,3,5.1229467,-15.185621,-0.22752686
331998368,1,3,3.7062926,-17.1675,-0.3580554
331998378,1,3,3.1278956,-18.803299,-0.07185058
331998387,1,3,3.145858,-19.87986,-0.05628296
331998397,1,3,3.187771,-20.267853,-0.24429199
331998407,1,3,2.7279272,-20.239113,-1.1915222
331998417,1,3,1.7866845,-19.829565,-2.4237597
331998427,1,3,0.66940796,-19.387684,-3.5961218
331998437,1,3,-0.6143225,-18.82126,-4.374503
331998447,1,3,-2.0645068,-18.041681,-5.51094
331998457,1,3,-3.0799952,-16.998652,-6.661747
331998466,1,3,-3.998485,-16.06579,-7.261699
331998476,1,3,-4.3445654,-15.698155,-7.8233314
331998486,1,3,-4.5134144,-15.99394,-7.6233473
331998496,1,3,-4.5373645,-16.441809,-6.5671434
331998506,1,3,-4.5038342,-16.4466,-5.5432725
331998516,1,3,-4.0487804,-15.688576,-4.785249
331998526,1,3,-4.093088,-14.335389,-4.118236
331998536,1,3,-4.3792934,-12.824132,-3.6452198
331998553,1,3,-4.8750625,-10.885364,-3.1075377
331998563,1,3,-5.302573,-8.644823,-2.9398866
331998573,1,3,-5.6881714,-6.5455885,-2.6608667
331998583,1,3,-5.7564297,-4.9289503,-2.015409
331998593,1,3,-5.3552637,-3.8068836,-0.7807764
331998603,1,3,-4.694238,-2.6704469,0.6873706
331998613,1,3,-4.1685314,-1.2082874,1.8190173
331998623,1,3,-3.7194653,0.7137158,2.15432
331998632,1,3,-3.441643,2.4608827,1.7543519
331998642,1,3,-3.2368689,3.9026842,0.8358618
331998652,1,3,-3.3254845,4.362528,0.34248778
331998662,1,3,-3.2692018,4.2715173,-0.19160156
331998672,1,3,-3.06323,3.629652,-0.043110352
331998682,1,3,-2.6884093,2.6057813,-0.53528684
331998692,1,3,-2.3495142,1.5483801,-0.95441526
331998702,1,3,-2.0130138,0.16525635,-1.5148499
331998711,1,3,-1.8022522,-1.6058606,-1.3172607
331998721,1,3,-1.9770886,-3.8823266,-0.85502195
331998731,1,3,-2.6225464,-7.261699,-2.4525
331998741,1,3,-3.878734,-11.805051,-3.3159046
331998751,1,3,-5.23671,-16.5903,-2.5327332
331998761,1,3,-6.661747,-20.82709,-2.405797
331998771,1,3,-7.8556643,-23.198158,-2.753075
331998781,1,3,-8.132289,-23.57777,-3.7901185
331998790,1,3,-8.188572,-23.648422,-3.9505847
331998800,1,3,-8.746612,-22.656885,-2.3734643
331998810,1,3,-9.291478,-21.231848,-1.6836988
331998820,1,3,-8.960965,-18.822458,-1.6561561
331998830,1,3,-7.345525,-16.411871,-2.381847
331998840,1,3,-5.597161,-14.792838,-3.3961377
331998850,1,3,-3.923042,-13.964161,-4.2200246
331998860,1,3,-2.5207582,-13.354629,-4.836742
331998869,1,3,-1.0825489,-12.590618,-5.1061816
331998879,1,3,-0.026345216,-12.073294,-4.996011
331998889,1,3,0.87657714,-11.306888,-4.452341
331998899,1,3,1.9555335,-10.279424,-3.866759
331998909,1,3,3.065625,-8.988508,-2.6045837
331998919,1,3,3.9398072,-7.826924,-1.6980689
331998929,1,3,4.973258,-6.357579,-0.93765014
331998939,1,3,5.1301317,-4.870272,-0.368833
331998948,1,3,4.7181883,-3.754193,-0.27901977
331998962,1,3,3.7877233,-2.830913,-0.13172607
331998972,1,3,3.129093,-2.3243666,-0.065863036
331998982,1,3,2.445315,-2.46687,0.014370117
331998991,1,3,2.4752526,-2.44292,0.13292359
331999001,1,3,2.5267456,-2.4872277,0.04550537
331999011,1,3,2.4932153,-2.4093897,-0.05149292
331999021,1,3,2.3004162,-2.4141798,-0.4430786
331999031,1,3,1.8214123,-2.6608667,-1.0657837
331999041,1,3,1.2657678,-3.354225,-1.9100281
331999051,1,3,0.29937744,-3.9733374,-2.5854235
331999061,1,3,-0.7232959,-4.4020457,-2.9374914
331999070,1,3,-1.4298266,-4.9936156,-3.3470397
331999080,1,3,-1.7902771,-5.684579,-3.9050794
331999090,1,3,-2.1794677,-6.9204087,-3.7601807
331999100,1,3,-2.4022045,-9.217233,-3.2153137
331999110,1,3,-2.877616,-12.039763,-2.562671
331999120,1,3,-3.373385,-14.432387,-1.2454102
331999130,1,3,-3.7517982,-15.421531,-1.7567468
331999140,1,3,-4.1852965,-16.596289,-3.0285022
331999149,1,3,-5.3408937,-17.180672,-2.7758276
331999159,1,3,-7.067703,-18.107546,-3.2835717
331999169,1,3,-9.006471,-19.065554,-4.1314087
331999179,1,3,-10.516531,-18.984123,-4.581672
331999189,1,3,-10.885364,-18.435663,-5.2702403
331999199,1,3,-10.225536,-17.126785,-5.7863674
331999209,1,3,-9.020841,-15.532899,-5.5600376
331999219,1,3,-7.8173437,-14.095887,-4.7864466
331999228,1,3,-6.9623218,-13.007351,-3.9553747
331999238,1,3,-6.3815293,-12.148737,-3.239264
331999248,1,3,-5.81391,-10.971584,-2.6405091
331999258,1,3,-5.2247353,-9.499845,-2.0764818
331999268,1,3,-4.7601013,-7.923922,-1.5052698
331999278,1,3,-4.218827,-6.3456044,-1.3579761
331999288,1,3,-4.0559654,-4.7553115,-0.91130495
331999298,1,3,-3.7410204,-3.1913636,-0.48618898
331999307,1,3,-3.2847693,-1.6681311,-0.5879773
331999320,1,3,-2.8392956,-0.48139894,-0.4921765
331999330,1,3,-2.5195606,0.4263135,-0.40595582
331999340,1,3,-2.1291723,1.0909314,-0.19399658
331999350,1,3,-1.778302,1.4681469,-0.44786865
331999360,1,3,-1.890868,1.4154565,-0.76640624
331999370,1,3,-2.186653,0.6370752,-0.88855225
331999379,1,3,-2.7147546,-1.167572,-1.5986755
331999389,1,3,-3.561394,-3.7517982,-2.5339308
331999399,1,3,-4.6319675,-7.6856174,-3.6392322
331999409,1,3,-6.0390415,-12.216994,-3.671565
331999419,1,3,-7.3754625,-15.269447,-2.8452833
331999429,1,3,-7.4616833,-16.605867,-4.2583447
331999439,1,3,-7.5275464,-16.705261,-5.20318
331999449,1,3,-8.162227,-15.96999,-4.869075
331999458,1,3,-8.533455,-15.111376,-4.5637097
331999468,1,3,-9.164542,-15.243102,-3.9469922
331999478,1,3,-9.57888,-15.63828,-3.1554382
331999488,1,3,-9.099876,-15.464642,-2.5542884
331999498,1,3,-7.7598634,-14.920972,-1.9950513
331999508,1,3,-6.4940953,-14.073134,-1.3879138
331999518,1,3,-5.500162,-13.499528,-1.2561878
331999528,1,3,-5.0666637,-12.955858,-1.3855188
331999537,1,3,-4.9457154,-12.463681,-1.5004797
331999547,1,3,-4.9373326,-11.8565445,-1.5196398
331999557,1,3,-4.8666797,-11.158396,-1.6549585
331999567,1,3,-4.6499305,-10.299782,-1.4765296
331999577,1,3,-4.1218286,-9.416019,-1.4873071
331999587,1,3,-3.7314405,-8.59812,-1.3615686
331999597,1,3,-3.2775843,-7.7981834,-1.3915063
331999607,1,3,-2.9698243,-7.1874537,-1.2466077
331999616,1,3,-2.7243347,-6.6749196,-1.3424084
331999626,1,3,-2.7590625,-6.3935046,-1.4980847
331999636,1,3,-2.711162,-6.084547,-1.5986755
331999646,1,3,-3.0728102,-6.0426345,-1.1280541
331999656,1,3,-3.4488282,-6.1288548,-0.3820056
331999666,1,3,-3.7386255,-5.676196,-0.22632934
331999676,1,3,-4.0894957,-5.2965856,-0.24548951
331999686,1,3,-4.3768983,-5.285808,-0.6143225
331999695,1,3,-4.6882505,-4.9229627,-0.8969348
331999705,1,3,-4.89063,-4.61161,-1.6286132
331999715,1,3,-5.253475,-4.106261,-2.0501368
331999725,1,3,-5.637876,-3.8943017,-2.5483007
331999735,1,3,-6.100115,-4.340973,-2.6093738
331999745,1,3,-6.4593678,-5.388794,-2.6321266
331999755,1,3,-6.7108445,-6.2905188,-3.1111305
331999765,1,3,-6.8042507,-6.13125,-3.3745825
331999778,1,3,-6.8892736,-6.101312,-3.446433
331999788,1,3,-7.036567,-6.284531,-3.7769458
331999798,1,3,-7.2173915,-6.7288074,-3.5649865
331999808,1,3,-7.3515124,-7.582632,-3.5745666
331999818,1,3,-7.597002,-8.193362,-3.2919543
331999828,1,3,-7.846084,-8.52148,-3.114723
331999838,1,3,-8.176597,-8.692723,-3.3111145
331999847,1,3,-8.566985,-8.735834,-3.2177088
331999857,1,3,-8.740623,-9.024433,-3.4164953
331999867,1,3,-8.995693,-9.481882,-2.9183314
331999877,1,3,-9.123827,-9.764495,-2.290836
331999887,1,3,-8.822055,-9.971663,-2.339934
331999897,1,3,-8.516689,-10.1261425,-1.9962487
331999907,1,3,-8.21851,-10.233918,-1.6405884
331999917,1,3,-8.137079,-9.78126,-1.5567627
331999926,1,3,-7.984995,-9.285491,-1.6825012
331999936,1,3,-7.9921803,-8.916657,-2.0609143
331999946,1,3,-7.819739,-8.867559,-2.46208
331999956,1,3,-7.486831,-9.357342,-2.6620643
331999966,1,3,-7.100035,-9.801618,-2.8716285
331999976,1,3,-6.6725245,-9.891431,-2.8560607
331999986,1,3,-6.043832,-9.680669,-2.818938
331999996,1,3,-5.603148,-9.536968,-2.882406
332000005,1,3,-5.2043777,-9.103469,-2.6512866
332000015,1,3,-4.7062135,-8.909472,-2.6560767
332000025,1,3,-4.2834926,-8.66518,-2.6165588
332000035,1,3,-3.9541771,-8.422086,-2.3638842
332000045,1,3,-3.612887,-7.95865,-2.0094213
332000055,1,3,-3.0344896,-7.3982153,-2.0070264
332000065,1,3,-2.5926087,-6.894064,-1.6848962
332000075,1,3,-1.9746937,-6.2653713,-1.4513818
332000084,1,3,-1.3723462,-6.0641894,-1.4956897
332000094,1,3,-0.8921448,-5.7300844,-1.2777429
332000104,1,3,-0.5292993,-5.4558544,-1.1975098
332000114,1,3,-0.20237915,-5.6833816,-1.5783179
332000124,1,3,-0.123343505,-6.4593678,-1.7208215
332000134,1,3,-0.50774413,-7.4173756,-1.8214123
332000144,1,3,-1.165177,-8.589738,-1.848955
332000154,1,3,-1.5364051,-9.035212,-2.0872595
332000163,1,3,-1.773512,-8.596923,-1.84656
332000173,1,3,-1.4489868,-8.064031,-1.7112415
332000183,1,3,-0.80592406,-7.7694435,-1.4142591
332000193,1,3,0.28979737,-8.101153,-0.984353
332000203,1,3,1.1172767,-8.641231,-0.6286926
332000213,1,3,1.7208215,-9.447155,-0.26584718
332000223,1,3,2.0525317,-10.251881,0.35925293
332000233,1,3,2.1064196,-11.3080845,0.5017566
332000242,1,3,2.1279747,-11.966715,0.32093263
332000252,1,3,1.9866687,-12.366683,-0.014370117
332000262,1,3,1.4693445,-12.397819,-0.2802173
332000272,1,3,0.91849,-12.413386,-0.5221143
332000282,1,3,0.10657837,-12.672049,-0.69575316
332000292,1,3,-0.27183473,-13.321098,-0.6322852
332000302,1,3,-0.7592212,-14.464721,-0.45744872
332000312,1,3,-0.8849597,-15.543676,-0.43828857
332000321,1,3,-1.1005114,-16.396303,-0.48738647
332000331,1,3,-1.4489868,-16.634607,-0.5017566
332000341,1,3,-1.8920654,-16.741186,-0.74485105
332000351,1,3,-2.2141955,-16.696878,-1.1232642
332000361,1,3,-2.6297314,-16.634607,-1.3016931
332000371,1,3,-2.692002,-16.646584,-1.4645544
332000381,1,3,-2.5854235,-16.531622,-1.5304174
332000391,1,3,-2.6009912,-16.28254,-1.4573693
332000400,1,3,-2.8907886,-15.766414,-1.419049
332000410,1,3,-3.3769774,-15.27304,-1.8645227
332000420,1,3,-3.812871,-14.972465,-2.286046
332000430,1,3,-4.33259,-14.792838,-2.5447083
332000440,1,3,-4.6092153,-14.591657,-2.6632617
332000450,1,3,-4.6619053,-14.167738,-2.7327173
332000460,1,3,-4.3517504,-13.462405,-2.7782226
332000476,1,3,-4.0104604,-12.614568,-2.4536974
332000485,1,3,-3.3326697,-12.303215,-2.015409
332000495,1,3,-2.8045678,-13.565391,-1.8848804
332000505,1,3,-2.899171,-15.023957,-0.7364685
332000515,1,3,-3.2919543,-15.125746,0.6227051
332000525,1,3,-3.6308496,-13.401332,1.3028907
332000535,1,3,-4.0332127,-10.724897,1.5507752
332000545,1,3,-4.2080493,-8.065228,1.169967
332000555,1,3,-4.340973,-5.706134,0.7041357
332000564,1,3,-4.439169,-3.7565882,0.08981323
332000574,1,3,-4.5205994,-1.6154407,-0.45026368
332000584,1,3,-4.8427296,0.4646338,-1.3927039
332000594,1,3,-5.6318884,2.2393432,-2.8536658
332000604,1,3,-7.2102065,4.071533,-3.3889527
332000614,1,3,-8.55022,6.189928,-3.6068995
332000624,1,3,-9.016051,8.25204,-4.179309
332000634,1,3,-8.763376,10.284214,-4.101471
332000643,1,3,-7.573052,11.05062,-3.8356237
332000653,1,3,-6.6425867,10.975177,-2.7949877
332000663,1,3,-6.2905188,9.826765,-1.5256275
332000673,1,3,-6.661747,8.485554,-0.28500733
332000683,1,3,-7.2736745,6.9874697,0.04430786
332000693,1,3,-7.94907,5.2630553,-0.305365
332000703,1,3,-8.435259,2.403402,-1.0633887
332000713,1,3,-8.7334385,-1.5076648,-2.0764818
332000722,1,3,-8.566985,-6.5683413,-4.3230104
332000732,1,3,-9.380094,-12.923526,-7.0820727
332000742,1,3,-11.389515,-18.616488,-6.8964586
332000752,1,3,-12.29603,-22.945484,-6.084547
332000762,1,3,-12.011023,-27.997778,-5.5851855
332000772,1,3,-10.568024,-33.727863,-7.4161777
332000782,1,3,-9.432784,-38.43647,-8.765772
332000792,1,3,-7.397018,-38.892723,-7.5514965
332000801,1,3,-4.2152343,-33.976944,-9.001681
332000811,1,3,-1.6381934,-28.115135,-4.28469
332000821,1,3,2.3782544,-27.177485,-6.1108923
332000831,1,3,7.2928343,-22.037773,-3.9996827
332000841,1,3,7.1359606,-18.7542,-1.595083
332000851,1,3,6.4964905,-18.733843,-1.8669177
332000861,1,3,5.271438,-17.550703,-0.032332763
332000871,1,3,3.7685633,-15.110178,1.7878821
332000880,1,3,3.1805859,-12.521162,1.9758911
332000890,1,3,3.6404297,-9.619596,1.2370276
332000900,1,3,4.296665,-6.8796935,0.60354495
332000910,1,3,4.6666956,-5.259463,0.27183473
332000920,1,3,4.770879,-4.533772,-0.24429199
332000930,1,3,4.7541137,-4.455934,-0.52091676
332000940,1,3,4.1529636,-4.357738,0.0981958
332000950,1,3,3.9649549,-3.4045203,-0.22992188
332000959,1,3,3.7853284,-1.7615368,-0.33410522
332000974,1,3,3.3841627,-0.6706055,-0.737666
332000984,1,3,2.4896228,-0.7041357,-0.37841308
332000994,1,3,1.3148657,-2.454895,1.3591735
332001004,1,3,0.6969507,-4.360133,2.5902135
332001013,1,3,1.1460168,-4.815187,3.0596375
332001023,1,3,1.9279907,-4.357738,2.6441016
332001033,1,3,2.9614418,-3.6045043,1.22625
332001043,1,3,3.6092944,-2.863246,0.23710693
332001053,1,3,3.4967284,-2.8692334,-1.275348
332001063,1,3,3.427273,-2.826123,-3.4991236
332001073,1,3,3.2272887,-3.622467,-4.9217653
332001083,1,3,3.5482213,-6.412665,-6.285729
332001092,1,3,4.888235,-8.249645,-3.69791
332001102,1,3,7.4197707,-8.686736,-0.9065149
332001112,1,3,9.077124,-8.416099,0.04430786
332001122,1,3,9.043593,-8.783734,-1.0777588
332001132,1,3,7.7921963,-8.686736,-2.802173
332001142,1,3,6.1073,-9.675879,-5.1456995
332001152,1,3,5.247488,-12.236155,-7.6951976
332001162,1,3,4.8642845,-16.472944,-9.727372
332001171,1,3,4.813989,-20.6307,-9.3453665
332001181,1,3,3.798501,-22.689217,-8.429272
332001191,1,3,1.5519726,-22.77424,-9.079519
332001201,1,3,0.30776,-21.75037,-10.121352
332001211,1,3,-1.2909155,-21.05342,-8.517887
332001221,1,3,-2.8728259,-21.079765,-8.014933
332001231,1,3,-4.0835085,-20.566032,-6.7683253
332001241,1,3,-5.197192,-19.88944,-7.110813
332001253,1,3,-5.0822315,-17.784218,-8.020921
332001263,1,3,-4.694238,-16.222664,-9.207653
332001273,1,3,-4.3445654,-14.744938,-10.145303
332001282,1,3,-3.7362304,-13.213323,-11.38712
332001292,1,3,-3.7685633,-11.194322,-12.336745
332001302,1,3,-4.574487,-8.842412,-13.064832
332001312,1,3,-5.19839,-6.6078587,-13.8192625
332001322,1,3,-5.7995396,-5.0582814,-12.626543
332001332,1,3,-6.100115,-4.6571155,-8.749006
332001342,1,3,-5.374424,-4.9648757,-4.212839
332001352,1,3,-4.206852,-5.5732102,0.10777588
332001361,1,3,-3.1566358,-5.933661,3.7266505
332001371,1,3,-2.0645068,-5.1600695,4.3002577
332001381,1,3,-1.9818786,-3.5242712,4.216432
332001391,1,3,-2.4045997,-2.0477417,3.7290454
332001401,1,3,-2.9183314,-1.4513818,3.1745985
332001411,1,3,-3.1051428,-1.3711487,2.906356
332001421,1,3,-3.1470556,-1.6429834,3.1207104
332001430,1,3,-2.931504,-1.9483484,3.7146752
332001440,1,3,-2.4417224,-1.9639161,3.8475988
332001450,1,3,-1.8190173,-2.4632776,2.4560926
332001460,1,3,-1.8118323,-3.1626234,1.0538086
332001470,1,3,-2.3698719,-3.5266662,1.0202783
332001480,1,3,-2.5638685,-4.3565407,0.46223876
332001490,1,3,-2.5554857,-6.7383876,-1.043031
332001500,1,3,-3.070415,-9.043593,-1.4956897
332001509,1,3,-3.3865576,-11.144026,-1.7914746
332001519,1,3,-3.6943176,-13.164225,-1.6717236
332001529,1,3,-4.023633,-14.190491,-2.0261865
332001539,1,3,-3.9242394,-15.65744,-4.429589
332001549,1,3,-3.9122643,-17.949474,-6.0342517
332001559,1,3,-4.454736,-19.732567,-6.2617784
332001569,1,3,-5.466632,-20.382814,-6.41985
332001579,1,3,-6.370752,-19.452349,-6.617439
332001588,1,3,-6.3815293,-17.22977,-6.47733
332001598,1,3,-4.9780483,-14.859899,-6.836583
332001608,1,3,-2.9446764,-13.307926,-7.174281
332001618,1,3,-1.0071057,-12.763059,-7.380253
332001628,1,3,0.5376819,-12.304413,-7.1658983
332001638,1,3,1.531615,-11.951147,-6.7970653
332001648,1,3,2.1579125,-11.481724,-6.108497
332001658,1,3,2.4177723,-10.696157,-4.86189
332001667,1,3,2.4812403,-9.50224,-4.0392003
332001677,1,3,2.327959,-8.156239,-3.4919386
332001687,1,3,2.3207738,-6.910829,-3.382965
332001697,1,3,2.3854394,-5.7911572,-3.5973194
332001711,1,3,2.6117687,-4.6762757,-3.473976
332001721,1,3,3.1302905,-4.0392003,-3.5625916
332001730,1,3,3.7529955,-3.737428,-3.4703834
332001740,1,3,4.485872,-3.7338355,-3.566184
332001750,1,3,5.2870054,-3.427273,-3.9721398
332001760,1,3,5.6809864,-3.1745985,-4.7062135
332001770,1,3,5.9564137,-2.6740394,-5.139712
332001780,1,3,5.7923546,-2.4213648,-5.127737
332001790,1,3,4.9385304,-2.5483007,-4.580475
332001800,1,3,3.5410364,-3.6368372,-4.1445813
332001809,1,3,2.0692968,-5.273833,-3.258424
332001819,1,3,0.98195803,-6.8796935,-0.6442602
332001829,1,3,0.34248778,-7.9993653,1.1591895
332001839,1,3,-0.45026368,-7.757468,1.4130615
332001849,1,3,-1.53401,-6.8114357,0.8083191
332001859,1,3,-2.3806493,-6.314469,-1.773512
332001869,1,3,-2.7315197,-6.6797094,-4.742139
332001879,1,3,-3.2153137,-7.5359287,-7.174281
332001888,1,3,-3.2117212,-8.234077,-9.1693325
332001898,1,3,-3.1997461,-7.667655,-9.8590975
332001908,1,3,-3.4152977,-6.873706,-10.356065
332001918,1,3,-3.8535864,-7.2952294,-11.345207
332001928,1,3,-4.2391844,-8.34784,-10.381212
332001938,1,3,-4.6152024,-10.083033,-8.292755
332001948,1,3,-4.934938,-11.38233,-6.573131
332001958,1,3,-5.1864147,-11.697275,-6.2150755
332001967,1,3,-5.107379,-10.865006,-6.588699
332001977,1,3,-4.7720766,-10.297386,-7.0341725
332001987,1,3,-4.162544,-10.009984,-7.389833
332001997,1,3,-3.5063086,-9.638756,-8.26641
332002007,1,3,-3.4188905,-9.198072,-8.994495
332002017,1,3,-3.378175,-8.6208725,-9.253158
332002027,1,3,-3.248844,-7.9993653,-9.347761
332002036,1,3,-3.7027001,-7.69879,-8.404123
332002046,1,3,-3.8236487,-7.316785,-6.9383717
332002056,1,3,-4.1733217,-7.1072206,-6.1372375
332002066,1,3,-4.5768824,-7.428153,-5.3684363
332002076,1,3,-4.749324,-7.652087,-5.076244
332002086,1,3,-4.63077,-8.193362,-5.5923705
332002096,1,3,-4.7277684,-8.690329,-5.4678297
332002106,1,3,-4.133804,-9.164542,-5.0175657
332002115,1,3,-3.5374439,-9.430389,-4.3385777
332002125,1,3,-2.9758117,-8.98731,-3.570974
332002135,1,3,-2.6393116,-8.401729,-3.006947
332002145,1,3,-2.5938063,-7.9454775,-2.254911
332002155,1,3,-2.75068,-7.514374,-1.8753003
332002165,1,3,-2.738705,-7.1383557,-2.2980213
332002175,1,3,-3.290757,-6.8042507,-2.2357507
332002185,1,3,-4.374503,-6.876101,-2.3806493
332002194,1,3,-5.6079383,-7.662865,-3.9410048
332002204,1,3,-6.41506,-8.79571,-5.498965
332002214,1,3,-6.16478,-9.681867,-6.6557593
332002224,1,3,-5.613926,-9.9081955,-6.3863196
332002234,1,3,-5.3337083,-9.760902,-6.011499
332002244,1,3,-5.7636147,-10.318942,-6.2905188
332002254,1,3,-7.380253,-11.572735,-6.316864
332002264,1,3,-8.88672,-12.797787,-6.349197
332002273,1,3,-10.352472,-13.892311,-6.864126
332002283,1,3,-10.589579,-14.289884,-8.186176
332002293,1,3,-9.990824,-14.064753,-8.625663
332002303,1,3,-8.898695,-13.621674,-8.226892
332002313,1,3,-7.514374,-13.001364,-6.9455566
332002323,1,3,-6.514453,-12.440929,-5.245093
332002333,1,3,-5.981561,-11.953543,-3.427273
332002342,1,3,-5.9468336,-11.4697485,-1.9339783
332002352,1,3,-6.5946865,-11.161988,-0.9556128
332002362,1,3,-7.1263804,-10.571616,-0.6514453
332002372,1,3,-7.1311707,-10.08902,-1.1256592
332002382,1,3,-6.749165,-9.887838,-1.409469
332002392,1,3,-6.2102857,-9.678274,-1.8717078
332002402,1,3,-5.774392,-9.641151,-1.9315833
332002412,1,3,-5.8151073,-9.359736,-2.1806653
332002421,1,3,-6.165978,-8.966953,-2.4357347
332002431,1,3,-6.478528,-8.517887,-2.9398866
332002448,1,3,-6.507268,-8.121511,-3.4572108
332002458,1,3,-6.077362,-7.701185,-4.211642
332002468,1,3,-5.870193,-7.5766444,-4.487069
332002477,1,3,-5.623506,-7.6975927,-4.042793
332002487,1,3,-5.1145644,-7.4880285,-3.8511915
332002497,1,3,-5.1480947,-7.4640784,-3.556604
332002507,1,3,-5.1852174,-7.4341407,-3.2440538
332002517,1,3,-5.3947816,-7.306007,-3.2440538
332002527,1,3,-5.4810023,-7.085665,-3.0368848
332002537,1,3,-5.405559,-6.76593,-3.0728102
332002547,1,3,-5.3768187,-6.2521987,-3.2117212
332002556,1,3,-5.1145644,-5.588778,-3.2847693
332002566,1,3,-5.0067883,-5.102589,-3.5087037
332002576,1,3,-4.798422,-4.812792,-3.627257
332002586,1,3,-4.7936316,-4.8187795,-3.7673657
332002596,1,3,-4.7373486,-4.9061975,-3.6416273
332002606,1,3,-4.860692,-5.1217494,-3.4943335
332002616,1,3,-4.975653,-4.942123,-3.305127
332002625,1,3,-4.9540977,-4.7229786,-3.2727942
332002635,1,3,-4.940925,-4.325405,-3.624862
332002645,1,3,-4.9445176,-4.1469765,-3.998485
332002655,1,3,-4.9540977,-4.3385777,-4.3840833
332002665,1,3,-5.0103807,-4.819977,-4.6906457
332002675,1,3,-5.247488,-5.7588243,-5.269043
332002685,1,3,-5.8809705,-6.446195,-5.3373013
332002695,1,3,-6.636599,-7.1599107,-4.2499623
332002704,1,3,-7.2640944,-7.745493,-2.2920337
332002714,1,3,-7.2485266,-8.480764,-0.17483643
332002724,1,3,-7.1048255,-8.710686,1.4429992
332002734,1,3,-7.36708,-8.49274,1.1975098
332002744,1,3,-7.97781,-8.326285,-0.5712122
332002754,1,3,-8.740623,-8.240065,-2.7566674
332002764,1,3,-9.352551,-8.183782,-5.060676
332002774,1,3,-9.892628,-8.171806,-6.5551686
332002783,1,3,-10.140512,-8.226892,-7.479646
332002793,1,3,-9.560918,-8.525072,-8.096363
332002803,1,3,-8.565787,-8.644823,-6.3683567
332002813,1,3,-7.6963954,-9.272318,-3.7242553
332002823,1,3,-6.812633,-10.462643,-0.79035646
332002833,1,3,-6.0390415,-11.98827,1.7256116
332002843,1,3,-5.6797886,-13.856385,2.3099964
332002853,1,3,-5.5444703,-14.819183,1.1867322
332002862,1,3,-5.454657,-14.622791,-1.169967
332002872,1,3,-5.20318,-13.883928,-3.1398706
332002882,1,3,-4.63077,-13.712685,-4.733756
332002892,1,3,-3.9158568,-14.018049,-5.19839
332002902,1,3,-3.2368689,-14.4311905,-5.4067564
332002912,1,3,-2.6752367,-14.883849,-4.9864306
332002922,1,3,-2.4872277,-15.063476,-4.2511597
332002932,1,3,-2.7327173,-15.197597,-3.3350646
332002941,1,3,-2.6908045,-14.794036,-2.8345056
332002951,1,3,-2.6728418,-14.172528,-2.3698719
332002961,1,3,-2.3566992,-13.363011,-2.5375233
332002971,1,3,-1.785487,-12.47446,-2.8836036
332002981,1,3,-0.82867676,-11.576327,-3.6356397
332002991,1,3,0.07783814,-11.34401,-4.439169
332003001,1,3,0.83346677,-11.197914,-4.996011
332003011,1,3,1.7771045,-11.0602,-5.3217335
332003020,1,3,2.7901978,-11.03146,-5.748047
332003030,1,3,3.7206628,-10.98356,-5.868995
332003040,1,3,4.0344105,-11.529624,-5.805527
332003050,1,3,3.8751416,-12.493619,-5.4235215
332003060,1,3,3.2117212,-13.335468,-4.990023
332003070,1,3,2.410587,-13.342654,-4.8990126
332003080,1,3,2.0010388,-12.125984,-4.4499464
332003090,1,3,1.5878979,-10.617122,-4.728966
332003099,1,3,1.5519726,-9.148974,-5.302573
332003109,1,3,1.8214123,-8.023315,-5.5145326
332003119,1,3,1.7220191,-7.2173915,-5.197192
332003129,1,3,1.7974621,-6.199508,-4.599635
332003139,1,3,1.8142273,-5.1193542,-4.4595265
332003149,1,3,1.4429992,-3.932622,-4.1170387
332003159,1,3,0.859812,-2.9674292,-3.9649549
332003169,1,3,0.22393432,-2.3291564,-4.084706
332003178,1,3,-0.2215393,-1.9830762,-4.1864944
332003188,1,3,-0.40236327,-1.7723144,-4.463119
332003198,1,3,-0.37003052,-1.660946,-3.9505847
332003208,1,3,0.064665526,-1.5352075,-3.1063404
332003218,1,3,0.554447,-1.5399976,-2.384242
332003228,1,3,1.035846,-1.7220191,-1.8166223
332003238,1,3,1.4142591,-1.6669335,-1.5531702
332003248,1,3,1.5519726,-1.5052698,-1.5507752
332003257,1,3,1.2837305,-1.3052857,-1.3567786
332003267,1,3,0.8370593,-1.2537928,-1.1951147
332003277,1,3,0.26225463,-1.3831238,-1.2502002
332003287,1,3,-0.34847534,-1.3567786,-1.1543994
332003297,1,3,-0.66940796,-1.1100916,-1.5591577
332003307,1,3,-0.92208254,-1.4441968,-1.8441651
332003317,1,3,-1.3579761,-1.9411633,-1.8190173
332003326,1,3,-1.6226257,-2.818938,-1.9627185
332003336,1,3,-2.0261865,-4.028423,-1.2933105
332003346,1,3,-2.7913952,-5.1456995,-0.23111938
332003356,1,3,-3.4452355,-5.982759,0.6251001
332003366,1,3,-3.9457946,-7.005432,0.70174074
332003376,1,3,-4.3230104,-7.902367,0.09340576
332003386,1,3,-4.6271777,-8.293953,0.124541014
332003396,1,3,-4.902605,-8.293953,0.2574646
332003405,1,3,-5.070256,-8.713081,0.27183473
332003415,1,3,-5.007986,-9.675879,-0.19399658
332003425,1,3,-5.1049843,-10.817105,-0.17244141
332003435,1,3,-5.315746,-11.984677,-0.029937744
332003445,1,3,-5.8809705,-13.022919,0.25267455
332003455,1,3,-6.204298,-13.883928,0.37242553
332003465,1,3,-6.6797094,-14.946119,0.366438
332003475,1,3,-6.9048414,-15.987953,0.3556604
332003494,1,3,-6.7120423,-16.622633,0.3329077
332003504,1,3,-6.6569567,-17.135168,-0.13172607
332003514,1,3,-6.316864,-17.438137,-0.44906616
332003523,1,3,-6.072572,-17.222586,-0.9460327
332003533,1,3,-5.6570363,-17.136364,-1.3196558
332003543,1,3,-5.219945,-16.902851,-1.775907
332003553,1,3,-4.7205834,-16.355589,-2.029779
332003563,1,3,-4.1098537,-15.741266,-2.15432
332003573,1,3,-3.3506324,-15.0012045,-2.1854553
332003583,1,3,-2.6644592,-14.209651,-2.095642
332003593,1,3,-2.090852,-13.374987,-1.839375
332003602,1,3,-1.7866845,-12.487632,-1.648971
332003612,1,3,-1.3747412,-11.755954,-1.4537768
332003622,1,3,-1.2561878,-11.281739,-1.0310559
332003632,1,3,-1.3136683,-11.953543,-0.88735473
332003642,1,3,-1.1831397,-12.631333,-0.9687854
332003652,1,3,-1.0298584,-13.107942,-1.4621594
332003662,1,3,-0.82747924,-13.492343,-2.577041
332003672,1,3,-0.6538403,-13.800102,-4.157754
332003681,1,3,-0.47660887,-14.415623,-6.2881236
332003691,1,3,-0.58558226,-15.045513,-8.171806
332003701,1,3,-0.6514453,-15.5496645,-9.429192
332003711,1,3,-0.8250842,-15.518529,-9.975256
332003721,1,3,-1.0574012,-15.571219,-9.929751
332003731,1,3,-1.2741504,-15.835869,-9.651929
332003741,1,3,-1.7639319,-15.95562,-9.505833
332003751,1,3,-2.15432,-15.4442835,-9.244776
332003760,1,3,-2.074087,-14.279106,-9.013656
332003770,1,3,-2.0285816,-12.7007885,-8.177794
332003780,1,3,-1.714834,-10.917697,-6.866521
332003790,1,3,-1.3448035,-9.096284,-5.437892
332003800,1,3,-1.0705737,-7.4856334,-4.4487486
332003810,1,3,-1.0574012,-5.781577,-3.6643798
332003820,1,3,-1.23104,-4.4224033,-3.0428724
332003830,1,3,-1.5747254,-3.2500415,-2.4932153
332003839,1,3,-1.9890637,-2.0453467,-2.1758752
332003849,1,3,-2.2968237,-1.0502161,-1.8585352
332003859,1,3,-2.2465284,-0.18202148,-1.465752
332003869,1,3,-2.1148024,0.4658313,-1.3962964
332003879,1,3,-1.8142273,0.9568103,-1.162782
332003889,1,3,-1.5328125,1.2945081,-0.8202942
332003899,1,3,-1.2657678,1.583108,-0.38440064
332003908,1,3,-1.1963123,1.607058,0.09580078
332003918,1,3,-1.289718,1.5759228,0.6334827
332003928,1,3,-1.3268409,1.3747412,0.8969348
332003938,1,3,-1.5352075,1.2825329,0.8562195
332003948,1,3,-1.7112415,1.1879296,0.68018556
332003958,1,3,-1.9806812,0.9017249,0.549657
332003968,1,3,-2.1794677,0.4179309,0.33530274
332003978,1,3,-2.4189696,-0.20477417,0.42272094
332003987,1,3,-2.4728577,-0.9136999,0.6586304
332003997,1,3,-2.5878186,-1.4022839,0.7041357
332004007,1,3,-2.703977,-1.6992663,0.48379394
332004017,1,3,-3.0332923,-1.778302,-0.016765136
332004027,1,3,-3.3254845,-2.3435266,-0.60234743
332004037,1,3,-3.5913317,-3.9050794,-1.0394385
332004047,1,3,-4.190087,-5.812712,-0.83825684
332004057,1,3,-4.651128,-8.187374,-0.4071533
332004066,1,3,-4.7624965,-10.508148,-0.4897815
332004076,1,3,-4.390071,-12.456496,-0.5484595
332004086,1,3,-3.9913,-14.298266,-0.9077124
332004096,1,3,-3.5889368,-15.56164,-0.6478528
332004106,1,3,-3.473976,-16.633411,0.42152345
332004116,1,3,-3.6116896,-17.262104,1.4142591
332004126,1,3,-3.9170544,-17.42736,2.3171813
332004136,1,3,-4.047583,-17.304016,2.4764502
332004145,1,3,-4.3445654,-17.351917,2.3686743
332004155,1,3,-4.4643164,-17.80218,2.3507116
332004165,1,3,-4.660708,-18.52308,2.5195606
332004175,1,3,-4.8918276,-19.17213,2.9889843
332004185,1,3,-4.89063,-19.423609,3.1494508
332004195,1,3,-4.7960267,-19.220032,2.9374914
332004205,1,3,-4.2224193,-18.42728,2.7494824
332004214,1,3,-3.5015185,-17.412989,2.3243666
332004224,1,3,-2.7949877,-16.33523,2.102827
332004241,1,3,-2.0609143,-15.343693,2.2237756
332004251,1,3,-1.3603711,-14.491066,2.2453308
332004260,1,3,-0.58558226,-14.058764,2.0561242
332004270,1,3,-0.26704466,-13.728252,1.8525476
332004280,1,3,0.021555176,-13.123509,1.3915063
332004290,1,3,0.027542725,-12.28166,0.07304809
332004300,1,3,-0.23710693,-12.227772,-1.6381934
332004310,1,3,-0.8430469,-12.843292,-3.2524366
332004320,1,3,-1.3675561,-13.528268,-4.58766
332004330,1,3,-1.6250207,-14.155763,-5.7935524
332004339,1,3,-1.5819104,-14.4874735,-6.6749196
332004349,1,3,-1.3208532,-14.840738,-7.228169
332004359,1,3,-1.0657837,-15.188016,-7.37187
332004369,1,3,-1.1759546,-15.807129,-7.435338
332004379,1,3,-1.9124231,-16.159197,-7.39582
332004389,1,3,-2.689607,-16.113691,-7.587422
332004399,1,3,-2.9746141,-15.372433,-7.652087
332004409,1,3,-2.5842261,-14.467115,-7.682025
332004418,1,3,-1.905238,-13.371394,-7.4341407
332004428,1,3,-1.0250684,-12.114009,-6.7946706
332004438,1,3,-0.59635985,-10.813513,-5.750442
332004448,1,3,-0.5628296,-9.77647,-4.3445654
332004458,1,3,-0.55324954,-9.168135,-3.321892
332004468,1,3,-0.8107141,-8.248447,-2.142345
332004478,1,3,-0.8849597,-7.010222,-1.8896704
332004487,1,3,-0.95321774,-5.316943,-0.92807007
332004497,1,3,-0.8478369,-3.8332288,-0.48020142
332004507,1,3,-0.8693921,-2.44771,-0.10059082
332004517,1,3,-0.9592053,-0.98195803,0.10777588
332004527,1,3,-0.9855505,0.43110353,0.35326537
332004537,1,3,-1.0633887,1.3974938,0.42391846
332004547,1,3,-1.0250684,2.0872595,0.022752685
332004557,1,3,-0.9687854,2.3734643,0.13412109
332004566,1,3,-0.72928345,2.3638842,0.15687378
332004576,1,3,-0.7244934,1.9579284,0.21674927
332004586,1,3,-0.6095325,1.4825171,0.021555176
332004596,1,3,-0.6730005,0.98195803,-0.23830444
332004606,1,3,-0.7699988,0.73407346,-0.5185217
332004616,1,3,-0.7137158,0.5292993,-0.93765014
332004626,1,3,-0.96040285,0.23590942,-1.0490185
332004636,1,3,-0.75562865,-0.16046631,-1.2669654
332004645,1,3,-0.6550378,-0.5771997,-1.4597644
332004655,1,3,-0.70293826,-0.9855505,-0.8562195
332004665,1,3,-0.5185217,-1.7004639,-0.8789722
332004675,1,3,-0.6215076,-2.4261549,-0.42032593
332004685,1,3,-0.9460327,-2.926714,0.04790039
332004695,1,3,-0.9891431,-3.0416749,0.13292359
332004705,1,3,-0.674198,-4.0751257,-1.0753638
332004715,1,3,-0.76760375,-5.266648,-1.6561561
332004724,1,3,-0.9663904,-6.629414,-1.4406042
332004734,1,3,-0.94363767,-8.577763,-1.0909314
332004744,1,3,-0.9891431,-10.977572,-0.368833
332004754,1,3,-1.1543994,-13.208532,-0.183219
332004764,1,3,-1.2657678,-15.064672,-1.3256433
332004774,1,3,-1.607058,-16.980688,-2.4369323
332004784,1,3,-2.3495142,-18.560204,-2.8620484
332004794,1,3,-3.439248,-18.666782,-2.7901978
332004803,1,3,-4.2559495,-17.093254,-2.5195606
332004813,1,3,-4.484674,-15.0036,-2.6441016
332004823,1,3,-4.2487645,-13.409715,-2.6369164
332004833,1,3,-3.8236487,-12.919933,-2.506388
332004843,1,3,-3.0967603,-13.345049,-2.4656725
332004853,1,3,-2.5842261,-13.965359,-2.6572742
332004863,1,3,-2.2321582,-14.682667,-3.2524366
332004873,1,3,-2.0645068,-15.143708,-4.6762757
332004882,1,3,-1.890868,-15.634687,-5.572013
332004898,1,3,-1.6848962,-16.517252,-6.3156667
332004908,1,3,-1.2801379,-17.209414,-6.4593678
332004918,1,3,-1.0609937,-17.809364,-6.873706
332004928,1,3,-1.1304492,-18.181791,-7.532336
332004938,1,3,-1.4346167,-18.094372,-8.091574
332004947,1,3,-1.9531385,-17.587826,-8.320298
332004957,1,3,-2.1950355,-16.662151,-7.956255
332004967,1,3,-2.142345,-15.398778,-7.388635
332004977,1,3,-1.6082556,-14.144985,-6.844966
332004987,1,3,-0.83825684,-12.828922,-6.194718
332004997,1,3,-0.29937744,-11.764336,-5.7923546
332005007,1,3,0.39996827,-10.678195,-5.4953723
332005017,1,3,0.9927356,-9.539363,-5.3768187
332005026,1,3,1.6106507,-8.659193,-5.144502
332005036,1,3,2.337539,-7.9622426,-4.9612827
332005046,1,3,2.8476782,-7.373068,-4.253555
332005056,1,3,3.2260914,-6.868916,-3.297942
332005066,1,3,3.114723,-6.218668,-2.4680676
332005076,1,3,2.9303064,-5.5756054,-1.9172131
332005086,1,3,2.5842261,-5.0678616,-1.6034656
332005096,1,3,2.2261705,-4.614005,-1.2621753
332005105,1,3,1.8609302,-4.3613305,-0.57001466
332005115,1,3,1.775907,-4.267925,-0.028740235
332005125,1,3,1.8357825,-4.176914,0.24189697
332005135,1,3,1.8513501,-4.216432,0.4406836
332005145,1,3,1.9627185,-4.253555,-0.26225463
332005155,1,3,1.7256116,-4.4882665,-1.0933264
332005165,1,3,1.5435901,-4.804409,-2.4045997
332005174,1,3,1.2609777,-5.2139573,-3.4512231
332005184,1,3,1.0550061,-5.9061184,-4.5601172
332005194,1,3,0.7472461,-6.483318,-5.0810337
332005204,1,3,0.2969824,-6.74198,-5.5528526
332005214,1,3,0.0011975098,-7.345525,-6.428232
332005224,1,3,-0.15567628,-8.21851,-7.0880604
332005234,1,3,-0.18920654,-9.436377,-7.606582
332005244,1,3,-0.15328126,-10.68059,-8.177794
332005253,1,3,0.061072998,-11.862532,-8.931027
332005263,1,3,0.09939331,-13.579761,-9.287886
332005273,1,3,-0.10298584,-15.622712,-8.7262535
332005283,1,3,-0.76640624,-17.335152,-7.658075
332005293,1,3,-1.6274158,-18.31711,-7.021
332005303,1,3,-2.405797,-18.444046,-6.47733
332005313,1,3,-2.6860144,-17.92193,-5.909711
332005323,1,3,-2.6776319,-17.553099,-5.0918117
332005332,1,3,-2.3662794,-17.257313,-4.6104126
332005342,1,3,-2.3135889,-16.955542,-4.1397915
332005352,1,3,-2.3087988,-16.462166,-4.2391844
332005362,1,3,-2.699187,-16.01789,-4.8187795
332005372,1,3,-3.0811927,-15.966397,-5.4534593
332005382,1,3,-3.866759,-15.845449,-6.0977197
332005392,1,3,-4.3960586,-15.620317,-6.4485903
332005402,1,3,-5.007986,-15.627502,-6.6425867
332005411,1,3,-5.5732102,-15.688576,-6.326444
332005421,1,3,-5.6893687,-15.803536,-5.237908
332005431,1,3,-6.1288548,-15.867004,-3.754193
332005441,1,3,-6.4354177,-15.768808,-2.1207898
332005451,1,3,-6.476133,-15.382013,-0.8430469
332005461,1,3,-7.2090087,-14.79164,0.30416748
332005471,1,3,-8.048463,-13.643229,1.3100756
332005480,1,3,-8.802895,-13.21452,1.411864
332005490,1,3,-9.314231,-13.210928,1.2130774
332005500,1,3,-9.509425,-13.218113,0.38440064
332005510,1,3,-8.940608,-12.87802,-0.54366946
332005520,1,3,-8.137079,-12.387041,-1.0633887
332005530,1,3,-7.147936,-11.539204,-1.6118481
332005540,1,3,-6.1049047,-10.471025,-1.8633252
332005550,1,3,-5.3899913,-9.372909,-2.046544
332005559,1,3,-4.604425,-8.352631,-2.0752845
332005569,1,3,-4.0260277,-7.211404,-1.4801221
332005579,1,3,-3.730243,-6.055807,-0.7867639
332005589,1,3,-3.6200721,-4.8894324,0.083825685
332005599,1,3,-3.4093103,-3.5745666,0.6502478
332005609,1,3,-3.0380824,-2.5734484,0.5891748
332005619,1,3,-2.5339308,-1.8226099,0.30895752
332005629,1,3,-1.8884729,-1.4022839,-0.3820056
332005638,1,3,-1.1124866,-0.5412744,-0.70174074
332005648,1,3,-0.21794678,0.48259643,-0.85023195
332005658,1,3,0.5029541,1.780697,-0.98674804
332005668,1,3,1.1053015,2.955454,-1.3100756
332005678,1,3,1.2430152,3.786526,-1.6250207
332005688,1,3,0.9472302,4.366121,-1.7471668
332005698,1,3,0.45026368,4.590055,-2.0166063
332005708,1,3,0.2335144,4.5529323,-2.2333558
332005717,1,3,0.04430786,4.1098537,-2.44771
332005727,1,3,-0.0071850587,3.4284704,-2.3555017
332005737,1,3,0.016765136,2.6105714,-2.0896544
332005747,1,3,-0.05987549,2.0585194,-1.8764977
332005757,1,3,-0.2802173,1.6094531,-1.7723144
332005767,1,3,-0.66342044,1.2645704,-1.7112415
332005777,1,3,-0.7927515,0.6490503,-1.8681152
332005786,1,3,-1.0346484,-0.21555176,-2.186653
332005796,1,3,-1.3340259,-1.113684,-2.5147705
332005806,1,3,-1.4920971,-2.210603,-3.0799952
332005816,1,3,-1.8273998,-3.5182836,-3.7517982
332005826,1,3,-2.3159838,-5.3768187,-3.9469922
332005836,1,3,-2.9171338,-8.291557,-3.321892
332005846,1,3,-3.373385,-11.735596,-2.8500733
332005856,1,3,-2.9374914,-15.117363,-2.151925
332005865,1,3,-2.7027795,-17.845291,-2.208208
332005875,1,3,-2.186653,-19.722986,-2.5219555
332005885,1,3,-1.5771203,-21.055815,-2.6093738
332005895,1,3,-1.1424243,-22.128782,-2.645299
332005905,1,3,-0.9520203,-22.768253,-2.2920337
332005915,1,3,-0.66940796,-22.666466,-1.8681152
332005925,1,3,-0.021555176,-21.690495,-1.729204
332005935,1,3,0.5736072,-20.672611,-1.9603235
332005944,1,3,0.97477293,-19.804417,-1.6262183
332005954,1,3,0.94842774,-19.043999,-2.4848328
332005964,1,3,0.5604346,-18.093176,-2.823728
332005974,1,3,0.42032593,-17.313597,-3.0883777
332005984,1,3,0.39637575,-16.280146,-3.0967603
332005994,1,3,0.6538403,-15.244299,-2.7494824
332006004,1,3,0.6753955,-14.000087,-2.5291407
332006014,1,3,0.58558226,-13.197755,-1.8657203
332006023,1,3,0.24908203,-12.972623,-1.5867004
332006033,1,3,-0.35087037,-12.964241,-1.5627502
332006054,1,3,-1.1340418,-12.945081,-2.2345533
332006064,1,3,-2.3159838,-12.740307,-3.0931678
332006074,1,3,-3.0440698,-11.936777,-3.3039293
332006083,1,3,-3.5015185,-11.043435,-3.5338514
332006093,1,3,-4.6152024,-10.6817875,-3.446433
332006103,1,3,-5.6797886,-10.533296,-2.391427
332006113,1,3,-6.940767,-10.801538,-0.4921765
332006123,1,3,-8.246052,-11.393108,0.6382727
332006133,1,3,-9.202863,-12.428954,1.1843371
332006143,1,3,-9.9153805,-13.073215,1.4346167
332006153,1,3,-10.450667,-12.66606,0.93765014
332006162,1,3,-10.581196,-11.818224,-0.57959473
332006172,1,3,-10.481803,-11.365565,-2.337539
332006182,1,3,-10.038724,-10.905722,-3.8212538
332006192,1,3,-9.134604,-10.226733,-4.5421543
332006202,1,3,-8.012538,-9.745335,-4.3541455
332006212,1,3,-6.8090405,-9.229208,-3.6380346
332006222,1,3,-5.805527,-8.738229,-2.6297314
332006231,1,3,-4.888235,-8.250842,-1.7591418
332006241,1,3,-4.0811133,-7.5371265,-0.9424402
332006251,1,3,-3.37099,-6.700067,-0.5065466
332006261,1,3,-2.6057813,-5.78038,-0.07544312
332006271,1,3,-1.9806812,-5.142107,0.25027955
332006281,1,3,-1.5783179,-4.685856,0.6215076
332006291,1,3,-1.4406042,-4.2727146,0.7831714
332006301,1,3,-1.4513818,-3.9158568,1.0095007
332006310,1,3,-1.8118323,-3.8080812,1.033451
332006320,1,3,-1.6992663,-3.6021094,0.89334226
332006330,1,3,-1.8669177,-3.5805542,0.7268884
332006340,1,3,-1.8142273,-3.6068995,0.6514453
332006350,1,3,-1.6753162,-3.7146752,0.42391846
332006360,1,3,-1.5759228,-3.9721398,0.28620484
332006370,1,3,-1.4908997,-4.242777,-0.0371228
332006380,1,3,-1.5423926,-4.5912523,-0.13172607
332006389,1,3,-1.5256275,-4.6475353,-0.26105714
332006399,1,3,-1.411864,-4.757706,-0.7544311
332006409,1,3,-1.1076965,-5.100194,-1.2537928
332006419,1,3,-0.91010743,-5.597161,-1.1951147
332006429,1,3,-0.5736072,-6.4964905,-1.2717553
332006439,1,3,-0.27303222,-7.387438,-1.2765454
332006449,1,3,0.09220825,-8.238867,-1.2645704
332006459,1,3,0.23830444,-9.1621475,-0.8837622
332006468,1,3,0.26345214,-9.83395,-0.28979737
332006478,1,3,0.45864624,-10.187216,-0.09939331
332006488,1,3,0.57959473,-10.253078,0.14609618
332006498,1,3,0.5556445,-9.975256,0.04550537
332006508,1,3,0.28979737,-9.928554,-0.06346802
332006518,1,3,0.086220704,-9.860295,-0.1472937
332006528,1,3,-0.14968872,-9.874665,0.05867798
332006537,1,3,-0.26225463,-9.798025,-0.17603393
332006547,1,3,-0.4418811,-9.540561,-0.6598279
332006557,1,3,-0.45864624,-10.092612,-1.1687695
332006567,1,3,-0.25985962,-10.902129,-1.7890795
332006577,1,3,-0.38080812,-11.824211,-2.0561242
332006587,1,3,-0.8849597,-12.490026,-2.098037
332006597,1,3,-1.5399976,-12.58463,-2.5830286
332006607,1,3,-2.1794677,-12.179872,-3.3961377
332006616,1,3,-2.4860303,-11.825409,-3.7314405
332006626,1,3,-2.4704626,-11.633807,-3.911067
332006636,1,3,-2.4764502,-11.543994,-4.3697133
332006646,1,3,-2.6345215,-12.044553,-5.247488
332006656,1,3,-3.0991552,-12.753479,-6.375542
332006666,1,3,-3.7134778,-13.319901,-7.1191955
332006676,1,3,-4.461921,-13.972544,-7.6664577
332006686,1,3,-4.867877,-14.250366,-8.709489
332006695,1,3,-5.118157,-14.162948,-9.960886
332006705,1,3,-5.252278,-13.78693,-11.009905
332006715,1,3,-5.437892,-13.270803,-11.781101
332006725,1,3,-5.4319043,-12.649296,-12.20023
332006735,1,3,-5.1768346,-11.776311,-12.21939
332006745,1,3,-5.031936,-10.770403,-12.014615
332006755,1,3,-5.071454,-9.966874,-11.527229
332006765,1,3,-5.237908,-9.350156,-10.879376
332006774,1,3,-5.5097423,-9.055569,-10.426718
332006784,1,3,-6.0617943,-9.154963,-9.696237
332006794,1,3,-6.77072,-9.097482,-8.765772
332006804,1,3,-7.286847,-8.897497,-7.379055
332006814,1,3,-7.6556797,-8.746612,-6.253396
332006824,1,3,-7.68442,-8.95378,-5.166057
332006834,1,3,-7.6808276,-9.589658,-4.5397596
332006843,1,3,-7.8233314,-10.455458,-3.5637891
332006853,1,3,-7.884404,-10.959609,-2.8321106
332006863,1,3,-7.8149486,-10.52132,-2.623744
332006873,1,3,-7.5538917,-9.811197,-2.9087512
332006883,1,3,-7.0724926,-9.123827,-3.1841784
332006893,1,3,-6.4881077,-8.735834,-3.3039293
332006903,1,3,-5.806725,-8.424481,-3.0560448
332006913,1,3,-5.2726355,-8.349038,-2.8440857
332006922,1,3,-4.799619,-8.110734,-2.6321266
332006932,1,3,-4.2954674,-7.7981834,-2.9841943
332006942,1,3,-3.9625597,-6.988667,-2.814148
332006952,1,3,-3.6332445,-5.9959316,-3.114723
332006962,1,3,-3.2380664,-5.508545,-3.08239
332006972,1,3,-3.08239,-5.449867,-3.2644117
332006982,1,3,-2.962639,-6.0737696,-3.1745985
332006992,1,3,-2.9782069,-6.6797094,-2.8836036
332007001,1,3,-3.1518457,-7.289242,-3.2045362
332007011,1,3,-3.3889527,-7.677235,-3.5446289
332007021,1,3,-3.6392322,-7.715555,-3.861969
332007031,1,3,-3.803291,-8.098759,-4.8163843
332007041,1,3,-4.0200405,-8.431666,-4.7768664
332007051,1,3,-4.113446,-8.497529,-4.508624
332007061,1,3,-4.1469765,-8.678353,-4.949308
332007070,1,3,-3.9637573,-8.414901,-5.677394
332007080,1,3,-3.7901185,-7.7993813,-6.1420274
332007090,1,3,-3.319497,-6.817423,-6.4809227
332007100,1,3,-2.882406,-6.849756,-7.2652917
332007110,1,3,-2.7614574,-8.1071415,-7.484436
332007120,1,3,-2.7243347,-9.320218,-7.828121
332007130,1,3,-2.4752526,-10.352472,-9.839938
332007140,1,3,-3.1015503,-11.421848,-9.763297
332007149,1,3,-2.8009753,-11.761941,-9.469907
332007159,1,3,-2.098037,-11.183544,-8.490344
332007169,1,3,-0.80472654,-9.527388,-6.0785594
332007179,1,3,0.064665526,-8.127499,-3.817661
332007189,1,3,0.49457154,-6.991062,-1.7004639
332007199,1,3,0.36284545,-5.9635987,0.0059875487
332007209,1,3,0.2574646,-4.7816563,1.6369958
332007219,1,3,-0.17842895,-4.1829014,2.4584875
332007228,1,3,0.09939331,-3.822451,2.8560607
332007238,1,3,0.5412744,-3.4751732,2.8081603
332007248,1,3,0.74125856,-3.5446289,2.311194
332007258,1,3,0.6538403,-4.2882824,2.0764818
332007268,1,3,0.64066774,-5.366041,1.6741186
332007278,1,3,0.41314086,-6.9683094,0.65743285
332007288,1,3,-0.2203418,-8.0017605,-0.05269043
332007297,1,3,-1.2430152,-8.710686,-0.8909473
332007307,1,3,-1.9351758,-9.607621,-2.1674926
332007317,1,3,-2.3531067,-10.083033,-3.002157
332007327,1,3,-2.6704469,-10.732082,-3.0716126
332007337,1,3,-3.0776,-11.965518,-2.5243506
332007347,1,3,-3.5913317,-12.846885,-2.0692968
332007357,1,3,-4.0978785,-13.298346,-1.531615
332007367,1,3,-4.4954515,-13.030104,-1.583108
332007376,1,3,-4.348158,-12.513977,-1.5160474
332007386,1,3,-4.0200405,-11.757151,-1.6369958
332007396,1,3,-3.305127,-11.061398,-1.729204
332007406,1,3,-2.623744,-10.383607,-1.8968555
332007416,1,3,-1.839375,-10.172846,-2.3854394
332007426,1,3,-1.5244299,-11.172766,-2.9530592
332007436,1,3,-1.4717395,-13.219311,-3.473976
332007446,1,3,-1.5232325,-15.049106,-3.8116736
332007455,1,3,-1.3028907,-15.829882,-3.9242394
332007465,1,3,-1.2370276,-15.947238,-4.2595425
332007475,1,3,-1.3292358,-15.693365,-4.4691067
332007485,1,3,-1.6573535,-15.438296,-4.648733
332007495,1,3,-2.1926403,-14.9449215,-4.87626
332007505,1,3,-2.626139,-14.154566,-5.0894165
332007515,1,3,-2.7542725,-13.182187,-5.027146
332007524,1,3,-2.811753,-12.086466,-4.399651
332007534,1,3,-2.6560767,-10.910511,-3.5206788
332007544,1,3,-2.384242,-9.782457,-2.9374914
332007554,1,3,-2.2381458,-8.921448,-2.5926087
332007564,1,3,-2.327959,-8.359816,-2.410587
332007574,1,3,-2.6776319,-8.190967,-2.2489233
332007584,1,3,-3.0129347,-7.771838,-1.8130298
332007594,1,3,-3.2117212,-6.821016,-1.465752
332007603,1,3,-3.36141,-5.6821837,-1.2573853
332007613,1,3,-3.3793726,-4.485872,-1.101709
332007623,1,3,-3.1997461,-3.5326538,-1.6094531
332007633,1,3,-3.1398706,-3.202141,-1.9315833
332007643,1,3,-3.126698,-3.0560448,-1.7938696
332007653,1,3,-3.0273046,-3.0572424,-1.2597803
332007663,1,3,-2.9075537,-2.7925928,-0.87298465
332007672,1,3,-2.579436,-2.8440857,-0.9915381
332007682,1,3,-2.3590941,-3.7170703,-1.4489868
332007692,1,3,-2.278861,-4.526587,-1.2561878
332007702,1,3,-1.8824854,-5.3145485,-1.475332
332007712,1,3,-1.5100598,-6.082152,-1.3819263
332007722,1,3,-1.0957215,-7.0018396,-1.5076648
332007732,1,3,-0.88735473,-8.662786,-1.8453625
332007742,1,3,-1.0011182,-11.994258,-3.1003528
332007751,1,3,-2.0357666,-16.03705,-3.993695
332007761,1,3,-2.926714,-19.534977,-6.074967
332007771,1,3,-3.0488598,-21.09174,-8.6699705
332007781,1,3,-2.8692334,-21.382734,-11.38712
332007791,1,3,-2.071692,-22.674847,-12.30082
332007801,1,3,-2.403402,-23.782543,-9.222023
332007811,1,3,-3.333867,-23.190973,-7.811356
332007821,1,3,-4.2391844,-20.766016,-6.6114516
332007830,1,3,-3.6571949,-17.545914,-5.070256
332007840,1,3,-2.6860144,-14.608421,-4.4655137
332007850,1,3,-0.6610254,-12.285253,-3.9781275
332007860,1,3,1.421444,-10.690169,-3.9038818
332007870,1,3,2.9865894,-9.736952,-3.942202
332007880,1,3,4.1457787,-9.061557,-4.59724
332007890,1,3,5.315746,-8.689131,-4.8990126
332007899,1,3,5.8390574,-8.8879175,-4.949308
332007909,1,3,6.149213,-8.180189,-4.00567
332007919,1,3,6.3695545,-7.237749,-3.6727624
332007929,1,3,6.43901,-6.4485903,-2.9590466
332007939,1,3,5.6330857,-6.171965,-2.4800427
332007949,1,3,5.1696496,-5.039121,-1.9315833
332007959,1,3,4.707411,-3.4152977,-1.961521
332007969,1,3,4.5625124,-1.8094373,-1.7902771
332007978,1,3,4.455934,-0.3927832,-1.5280224
332007988,1,3,4.235592,0.48139894,-1.3136683
332007998,1,3,3.6368372,1.096919,-1.1292517
332008008,1,3,2.9362938,1.3040881,-1.0442286
332008018,1,3,2.2561083,1.6010705,-1.2549902
332008028,1,3,1.4549744,1.6789087,-1.2011023
332008038,1,3,0.96519285,1.712439,-0.6706055
332008048,1,3,0.7161108,1.4358143,-0.49816406
332008057,1,3,0.5831873,1.2693603,-0.46223876
332008067,1,3,0.47181883,1.3519886,-0.44547364
332008077,1,3,0.07544312,1.3759388,-0.66821045
332008087,1,3,-0.6873706,1.0274634,-1.3567786
332008097,1,3,-1.84656,0.31734008,-1.8118323
332008107,1,3,-3.126698,-1.0621911,-2.1567152
332008117,1,3,-4.2296047,-3.7015028,-2.6069787
332008126,1,3,-5.109774,-7.604187,-2.887196
332008136,1,3,-5.7312818,-11.658955,-3.0332923
332008146,1,3,-6.143225,-14.817986,-3.3721876
332008156,1,3,-6.363567,-15.586787,-3.2404613
332008166,1,3,-5.461842,-14.231206,-4.2511597
332008176,1,3,-4.1122484,-12.583432,-4.4475513
332008186,1,3,-3.1841784,-11.241024,-3.4727783
332008196,1,3,-3.3326697,-10.66622,-2.3555017
332008205,1,3,-4.071533,-10.43031,-1.275348
332008215,1,3,-4.829557,-10.570418,-0.21076173
332008225,1,3,-5.344486,-11.262579,0.6394702
332008235,1,3,-5.78996,-12.183464,1.2669654
332008245,1,3,-5.677394,-13.206138,0.7592212
332008255,1,3,-5.127737,-14.043197,-0.064665526
332008265,1,3,-4.4032435,-14.3306,-1.1903247
332008275,1,3,-3.542234,-14.219231,-2.081272
332008284,1,3,-2.7638526,-13.8827305,-1.9531385
332008294,1,3,-2.9171338,-13.893508,-1.5388
332008304,1,3,-3.4440382,-13.953383,-0.552052
332008314,1,3,-4.0260277,-14.038407,-0.3065625
332008324,1,3,-4.538562,-13.807287,0.19758911
332008334,1,3,-4.594845,-12.804972,0.13292359
332008344,1,3,-3.9948926,-11.770324,0.16645385
332008353,1,3,-3.1075377,-10.824291,0.20118164
332008385,1,3,-2.5554857,-9.9572935,-0.040715333
332008394,1,3,-2.525548,-9.305848,-0.19399658
332008404,1,3,-3.2476466,-9.071136,-0.6514453
332008414,1,3,-4.357738,-9.042397,-1.1364368
332008424,1,3,-5.102589,-8.654403,-1.2981006
332008434,1,3,-5.1864147,-8.169412,-1.7040564
332008444,1,3,-4.8235693,-7.884404,-1.7208215
332008454,1,3,-4.3685155,-7.9694276,-1.8273998
332008463,1,3,-3.803291,-8.502319,-1.5807129
332008473,1,3,-3.2057335,-9.050778,-1.3651612
332008483,1,3,-3.070415,-9.436377,-1.1879296
332008493,1,3,-3.1602283,-9.674682,-1.0885364
332008503,1,3,-3.0787976,-9.941726,-1.2621753
332008513,1,3,-2.7123597,-10.552456,-1.6968713
332008523,1,3,-2.2022204,-11.564352,-1.7459693
332008533,1,3,-1.8585352,-13.245655,-1.84177
332008542,1,3,-1.5052698,-15.171251,-1.8166223
332008552,1,3,-1.472937,-17.274078,-2.0405567
332008562,1,3,-1.5328125,-19.190094,-2.1902454
332008572,1,3,-1.8262024,-20.63908,-2.4680676
332008582,1,3,-1.7447717,-21.199516,-2.6273365
332008592,1,3,-1.289718,-20.983963,-2.638114
332008602,1,3,-0.6933582,-19.631975,-2.6009912
332008612,1,3,0.10777588,-17.416582,-2.9099488
332008621,1,3,1.0154883,-15.197597,-3.7362304
332008631,1,3,1.7483642,-13.551021,-4.6355605
332008641,1,3,2.506388,-12.571458,-5.269043
332008651,1,3,3.131488,-12.497211,-5.6007533
332008661,1,3,3.4380505,-12.951068,-5.253475
332008671,1,3,3.5075061,-13.557008,-4.9996033
332008681,1,3,3.5482213,-13.565391,-4.7792616
332008691,1,3,3.453618,-12.879217,-4.446354
332008700,1,3,2.9674292,-11.795471,-3.8475988
332008710,1,3,2.4860303,-10.568024,-3.297942
332008720,1,3,2.0237916,-9.131012,-2.577041
332008730,1,3,1.653761,-7.36229,-1.8717078
332008740,1,3,1.5064673,-5.774392,-1.6046631
332008750,1,3,1.233435,-4.103866,-1.6405884
332008760,1,3,0.97477293,-2.7099645,-1.8681152
332008769,1,3,0.6861731,-1.5663428,-2.4273522
332008779,1,3,0.43110353,-0.71850586,-2.7806177
332008789,1,3,0.18800904,-0.27542725,-2.8165429
332008799,1,3,0.31734008,-0.0023950196,-2.4189696
332008809,1,3,0.432301,0.18800904,-1.8130298
332008819,1,3,0.35925293,0.10657837,-0.90052736
332008829,1,3,0.24548951,-0.36164796,0.120948486
332008839,1,3,-0.07544312,-0.5712122,1.0597961
332008848,1,3,-0.49097902,-0.63587767,1.4525794
332008858,1,3,-0.7747888,-0.38919067,1.4166541
332008868,1,3,-1.0382409,0.033530273,1.5723304
332008878,1,3,-1.2502002,0.3065625,1.5735278
332008888,1,3,-1.5208374,0.05987549,1.712439
332008898,1,3,-1.7723144,-0.53049684,1.5016773
332008908,1,3,-1.900448,-1.3100756,1.9722986
332008917,1,3,-1.7842896,-2.0070264,1.9327807
332008927,1,3,-1.5459851,-3.1841784,1.5328125
332008937,1,3,-1.4334192,-4.701423,0.81670165
332008947,1,3,-1.6441809,-6.3851223,0.47301635
332008957,1,3,-1.8238074,-8.109536,0.36045045
332008967,1,3,-2.0357666,-9.778865,0.25506958
332008977,1,3,-1.9770886,-11.258986,-0.31494507
332008987,1,3,-1.848955,-12.3774605,-0.3820056
332008996,1,3,-1.8357825,-12.948673,-0.10178833
332009006,1,3,-2.2022204,-13.201347,0.2586621
332009016,1,3,-2.689607,-13.454022,0.6382727
332009026,1,3,-3.0308971,-14.013259,1.0873389
332009036,1,3,-2.8560607,-14.370117,1.6142431
332009046,1,3,-2.7207422,-14.823974,1.8022522
332009056,1,3,-2.957849,-14.622791,1.6860938
332009066,1,3,-3.671565,-14.443165,1.1663746
332009075,1,3,-4.2272096,-14.202466,1.7663269
332009085,1,3,-4.581672,-14.3114395,3.1841784
332009095,1,3,-5.0067883,-14.72937,4.7253737
332009105,1,3,-5.3193383,-14.366525,5.5444703
332009115,1,3,-5.182822,-12.794194,5.51573
332009125,1,3,-4.580475,-10.842254,4.636758
332009135,1,3,-3.817661,-9.560918,3.9948926
332009144,1,3,-3.006947,-8.681946,3.0943651
332009154,1,3,-1.8202149,-8.200547,2.0645068
332009164,1,3,-0.8358618,-7.7790236,0.8921448
332009182,1,3,-0.16525635,-7.7886033,0.065863036
332009191,1,3,-0.26225463,-8.174202,-0.51971924
332009201,1,3,-1.033451,-8.812474,-0.71251833
332009211,1,3,-2.0525317,-9.618399,-0.7472461
332009221,1,3,-2.503993,-10.047107,-0.50774413
332009231,1,3,-2.318379,-10.109378,-0.37841308
332009241,1,3,-1.7507592,-10.05549,-0.42751098
332009251,1,3,-1.1172767,-10.383607,-0.61911255
332009261,1,3,-0.8298743,-11.0757675,-0.8921448
332009270,1,3,-0.75562865,-11.7367935,-1.3855188
332009280,1,3,-0.9891431,-12.454102,-2.0058289
332009290,1,3,-1.1711645,-12.667258,-2.6716442
332009300,1,3,-1.1867322,-12.571458,-3.1326857
332009310,1,3,-0.674198,-12.60379,-3.3111145
332009320,1,3,-0.39877075,-12.945081,-3.2715967
332009330,1,3,-0.24189697,-13.47917,-3.1793885
332009340,1,3,-0.29817992,-14.069542,-2.7291248
332009349,1,3,-0.5664221,-14.873072,-2.4752526
332009359,1,3,-1.3388159,-15.534097,-2.269281
332009369,1,3,-1.9794836,-16.03705,-2.1758752
332009379,1,3,-2.4704626,-16.077766,-2.4692652
332009389,1,3,-2.3782544,-15.699353,-2.9937744
332009399,1,3,-1.6932788,-14.661112,-4.076323
332009409,1,3,-0.8418494,-13.485157,-4.679868
332009418,1,3,0.15208374,-12.324771,-5.077441
332009428,1,3,0.8250842,-11.047028,-4.8918276
332009438,1,3,1.3268409,-9.82916,-4.719386
332009448,1,3,1.4681469,-8.774154,-4.311035
332009458,1,3,1.472937,-7.437733,-3.8931043
332009468,1,3,1.2406201,-6.363567,-3.5218763
332009478,1,3,1.2166699,-5.277426,-2.9961693
332009488,1,3,1.1951147,-4.4511437,-2.6045837
332009497,1,3,1.2394226,-3.8356237,-2.1627026
332009507,1,3,1.3448035,-3.1985486,-2.1207898
332009517,1,3,1.5567627,-2.7937903,-2.46208
332009527,1,3,1.5028747,-2.3662794,-2.7890003
332009537,1,3,1.4429992,-2.1004322,-3.4596057
332009547,1,3,1.3004956,-2.2094054,-4.4439588
332009557,1,3,1.289718,-2.1579125,-4.8978148
332009567,1,3,0.7137158,-2.7890003,-5.1612673
332009576,1,3,0.4430786,-3.253634,-5.070256
332009586,1,3,-0.432301,-4.1385937,-4.0020776
332009596,1,3,-0.30416748,-4.815187,-2.9853919
332009606,1,3,-0.34967285,-5.574408,-3.305127
332009616,1,3,-0.31734008,-5.874983,-3.749403
332009626,1,3,-0.2335144,-5.9983263,-4.736151
332009636,1,3,-0.48259643,-6.4485903,-5.588778
332009646,1,3,-0.5664221,-7.1539235,-6.5851064
332009655,1,3,-0.70772827,-8.042476,-7.260502
332009665,1,3,-0.77718383,-8.952583,-7.6951976
332009675,1,3,-0.6825806,-9.962084,-7.811356
332009685,1,3,-0.6730005,-10.899734,-7.6077795
332009695,1,3,-0.5484595,-11.8493595,-7.7430983
332009705,1,3,-0.59156984,-12.742702,-7.796986
332009715,1,3,-0.7580237,-13.631253,-7.9502673
332009725,1,3,-0.9627979,-14.337785,-7.595804
332009734,1,3,-1.1783496,-14.817986,-7.582632
332009744,1,3,-1.350791,-15.091018,-7.3575
332009754,1,3,-1.53401,-15.578404,-6.883286
332009764,1,3,-1.6932788,-16.266973,-6.0174866
332009774,1,3,-1.8034497,-17.224981,-5.630691
332009784,1,3,-2.2046156,-18.120718,-5.1852174
332009794,1,3,-2.5758436,-18.300344,-4.6331654
332009803,1,3,-3.109933,-18.53745,-4.91458
332009813,1,3,-3.5206788,-19.002085,-5.0091834
332009823,1,3,-3.732638,-19.54815,-5.7528367
332009833,1,3,-3.8978944,-20.059486,-6.4030848
332009843,1,3,-3.805686,-20.072659,-7.563472
332009853,1,3,-4.179309,-19.85591,-8.199349
332009863,1,3,-4.5421543,-19.654728,-8.102351
332009873,1,3,-4.836742,-19.323017,-8.072413
332009882,1,3,-5.5636306,-18.656004,-6.7779055
332009892,1,3,-5.9073157,-17.562677,-5.0259485
332009902,1,3,-6.0761647,-16.520845,-3.5314562
332009912,1,3,-5.9216857,-15.911312,-2.2345533
332009922,1,3,-5.936056,-15.240706,-0.859812
332009932,1,3,-5.9935365,-14.274317,-0.034727782
332009949,1,3,-6.4749355,-13.127102,0.42511597
332009958,1,3,-6.807843,-11.734398,0.19160156
332009968,1,3,-6.9443593,-10.662627,0.13292359
332009978,1,3,-6.9359765,-10.1189575,-0.46942383
332009988,1,3,-6.868916,-9.474697,-0.83346677
332009998,1,3,-6.508466,-8.750204,-1.8046472
332010008,1,3,-5.781577,-7.507189,-2.7710376
332010018,1,3,-5.0067883,-6.036647,-3.7506006
332010028,1,3,-4.454736,-4.8008165,-4.5637097
332010037,1,3,-3.9278321,-3.5841467,-4.758904
332010047,1,3,-3.5961218,-2.3087988,-4.9529004
332010057,1,3,-3.307522,-1.1160791,-4.5684996
332010067,1,3,-3.3506324,0.069455564,-4.0499783
332010077,1,3,-3.1985486,1.0250684,-3.6368372
332010087,1,3,-3.0440698,1.4322217,-3.7565882
332010097,1,3,-2.6225464,1.9543359,-3.9673498
332010106,1,3,-2.3135889,2.430945,-4.099076
332010116,1,3,-1.8525476,2.9291089,-4.0392003
332010126,1,3,-1.1520044,3.2859669,-3.5697765
332010136,1,3,-0.5281018,3.505111,-2.9817994
332010146,1,3,0.11855347,3.3518298,-2.1567152
332010156,1,3,0.39996827,2.7937903,-1.2681628
332010166,1,3,0.35206786,2.1639001,-0.51013917
332010176,1,3,-0.05269043,1.607058,0.11376343
332010185,1,3,-0.2706372,1.2513977,-0.11855347
332010195,1,3,-0.17244141,1.0490185,-0.30416748
332010205,1,3,0.18202148,1.0142908,-0.87178713
332010215,1,3,0.6394702,0.82747924,-1.2837305
332010225,1,3,0.798739,0.16645385,-1.1472144
332010235,1,3,1.108894,-0.95441526,-1.5783179
332010245,1,3,1.2585827,-1.7160316,-1.8920654
332010255,1,3,0.9783655,-2.3578968,-1.9890637
332010264,1,3,0.549657,-3.0740075,-1.8178198
332010274,1,3,0.39757323,-4.479884,-2.1746778
332010284,1,3,0.2215393,-6.157595,-2.6776319
332010294,1,3,0.05508545,-7.931107,-3.070415
332010304,1,3,-0.2969824,-10.334509,-3.786526
332010314,1,3,-1.0825489,-13.277988,-3.6799476
332010324,1,3,-1.8549427,-16.476538,-3.5063086
332010333,1,3,-2.5842261,-19.437979,-3.7996986
332010343,1,3,-3.004552,-21.301304,-4.9912205
332010353,1,3,-3.7949085,-22.363495,-5.9695864
332010363,1,3,-4.1589513,-22.556293,-6.2977037
332010373,1,3,-3.4488282,-23.225702,-6.0474243
332010383,1,3,-3.0668225,-23.550226,-6.2869263
332010393,1,3,-2.3016138,-22.75029,-6.4569726
332010403,1,3,-2.0824695,-21.236639,-6.7455726
332010412,1,3,-1.9399658,-19.636765,-6.539601
332010422,1,3,-1.4202466,-17.681232,-6.6066613
332010432,1,3,-0.864602,-16.483723,-6.7755103
332010442,1,3,-0.6011499,-15.507751,-6.3671594
332010452,1,3,-0.38799316,-14.453943,-6.324049
332010462,1,3,-0.28740233,-13.337864,-5.870193
332010472,1,3,0.013172608,-12.496015,-5.86181
332010482,1,3,0.22992188,-12.02659,-5.445077
332010496,1,3,0.4430786,-12.080479,-4.467909
332010506,1,3,0.17004639,-12.29603,-3.214116
332010516,1,3,-0.28620484,-12.330758,-2.2261705
332010526,1,3,-0.74485105,-11.875705,-2.405797
332010536,1,3,-1.099314,-10.97398,-2.8057654
332010546,1,3,-1.2945081,-10.383607,-3.3290772
332010556,1,3,-1.4813195,-10.659035,-3.0332923
332010566,1,3,-1.6549585,-11.609858,-1.7627344
332010575,1,3,-2.1435425,-13.273198,-0.2933899
332010585,1,3,-2.4824378,-13.937817,0.62390256
332010595,1,3,-2.8512707,-14.258749,1.045426
332010605,1,3,-3.8871167,-14.64794,1.1029065
332010615,1,3,-5.373226,-16.03705,0.53289187
332010625,1,3,-6.781498,-17.290844,0.07185058
332010635,1,3,-8.478369,-18.366207,-0.8202942
332010645,1,3,-9.669891,-19.158958,-1.0035132
332010654,1,3,-10.462643,-19.344572,-0.49337402
332010664,1,3,-10.477013,-17.851278,0.55324954
332010674,1,3,-9.552535,-15.171251,1.0574012
332010684,1,3,-7.9742174,-12.128379,2.0752845
332010694,1,3,-6.0905347,-9.309441,2.6680517
332010704,1,3,-4.223617,-6.803053,2.6680517
332010714,1,3,-2.8009753,-4.6654983,2.0022364
332010724,1,3,-1.7651294,-2.926714,0.98674804
332010733,1,3,-1.0322534,-1.4525794,0.13292359
332010743,1,3,-0.4897815,-0.366438,-0.8083191
332010753,1,3,-0.19040406,0.59156984,-1.778302
332010763,1,3,0.08861572,1.4741346,-2.4608827
332010773,1,3,0.3676355,2.682422,-3.1398706
332010783,1,3,0.7688013,3.974535,-3.6571949
332010793,1,3,1.113684,5.1229467,-3.786526
332010803,1,3,1.9136206,5.5696177,-4.3685155
332010812,1,3,2.567461,5.5360875,-4.934938
332010822,1,3,2.9231215,5.1696496,-4.7744713
332010832,1,3,2.858456,4.653523,-4.4152184
332010842,1,3,2.6105714,4.1613464,-4.1924815
332010852,1,3,2.4489074,3.566184,-4.501439
332010862,1,3,2.2046156,2.9758117,-4.494254
332010872,1,3,2.0621119,2.46208,-4.691843
332010882,1,3,2.1315675,1.900448,-4.287085
332010891,1,3,2.1112096,1.113684,-3.5278637
332010901,1,3,2.222578,-0.22872436,-2.6081762
332010911,1,3,2.3447242,-1.729204,-1.9746937
332010921,1,3,2.039359,-3.246449,-2.1890478
332010931,1,3,1.1460168,-5.0175657,-1.1100916
332010941,1,3,0.27542725,-8.87235,-1.2945081
332010951,1,3,-0.6442602,-13.277988,-1.0765613
332010961,1,3,-1.2909155,-16.413069,-1.0142908
332010970,1,3,-1.3064831,-17.83571,-2.5435107
332010980,1,3,-1.4932947,-17.554296,-3.8440063
332010990,1,3,-2.6129663,-17.236956,-5.1385145
332011000,1,3,-3.4775684,-16.925604,-6.5300207
332011010,1,3,-4.2415795,-17.193846,-7.853269
332011020,1,3,-5.237908,-17.418978,-7.4568934
332011030,1,3,-5.894143,-17.120796,-6.643784
332011039,1,3,-6.255791,-16.061,-6.6090565
332011049,1,3,-6.644982,-15.086228,-7.0712953
332011059,1,3,-6.910829,-14.595249,-7.618557
332011069,1,3,-6.894064,-14.135406,-7.5275464
332011079,1,3,-6.876101,-13.525873,-7.0976405
332011089,1,3,-6.6557593,-12.678036,-6.8629284
332011099,1,3,-5.630691,-11.773916,-6.7527575
332011109,1,3,-4.8942223,-11.355985,-6.255791
332011118,1,3,-4.087101,-11.039843,-5.429509
332011128,1,3,-3.4500256,-10.775193,-5.4163365
332011138,1,3,-3.0740075,-10.504556,-5.109774
332011148,1,3,-2.906356,-10.188413,-5.007986
332011164,1,3,-3.0799952,-10.199191,-4.651128
332011174,1,3,-3.1326857,-9.994416,-4.3421702
332011184,1,3,-3.0799952,-10.360854,-3.8475988
332011194,1,3,-3.1326857,-10.722503,-3.495531
332011204,1,3,-2.894381,-11.038645,-3.6595898
332011213,1,3,-2.9207263,-11.140433,-3.812871
332011223,1,3,-2.7123597,-11.238629,-4.2248144
332011233,1,3,-2.7099645,-11.484118,-4.191284
332011243,1,3,-2.6955945,-11.948752,-4.218827
332011253,1,3,-2.6273365,-12.5319395,-4.237987
332011263,1,3,-2.577041,-13.14746,-4.1074586
332011273,1,3,-2.6560767,-13.465998,-4.247567
332011283,1,3,-2.6512866,-13.79651,-4.021238
332011292,1,3,-2.618954,-14.40724,-3.4835558
332011302,1,3,-2.7243347,-14.977255,-2.6608667
332011312,1,3,-2.821333,-15.378421,-1.902843
332011322,1,3,-2.8009753,-15.318545,-1.1268567
332011332,1,3,-3.009342,-14.835949,-0.41673338
332011342,1,3,-3.2428565,-14.40724,0.16046631
332011352,1,3,-3.2404613,-13.8192625,0.8083191
332011362,1,3,-3.1650183,-13.372592,1.6381934
332011371,1,3,-3.0548475,-12.866045,1.8693128
332011381,1,3,-3.4751732,-12.166699,0.7472461
332011391,1,3,-3.08239,-10.875784,2.3459215
332011401,1,3,-2.4824378,-10.225536,2.083667
332011411,1,3,-2.2632935,-9.671089,2.039359
332011421,1,3,-1.9878662,-9.217233,2.1974304
332011431,1,3,-1.8669177,-8.828042,2.2345533
332011440,1,3,-1.8896704,-8.407716,1.9232007
332011450,1,3,-1.902843,-8.167017,1.8549427
332011460,1,3,-1.848955,-7.7838135,1.7136365
332011470,1,3,-1.7567468,-7.5395217,1.6777111
332011480,1,3,-1.6777111,-7.4006104,1.592688
332011490,1,3,-1.7076489,-7.1682935,1.4693445
332011500,1,3,-1.6058606,-7.108418,1.1400293
332011510,1,3,-1.6286132,-7.0186048,0.8250842
332011519,1,3,-1.848955,-6.9335814,0.49936157
332011529,1,3,-2.010619,-6.8964586,0.18202148
332011539,1,3,-2.203418,-6.793473,0.05149292
332011549,1,3,-2.3016138,-6.6246243,-0.32572266
332011559,1,3,-2.4081922,-6.3767395,-0.50894165
332011569,1,3,-2.454895,-6.1444225,-0.6861731
332011579,1,3,-2.3950195,-5.960006,-0.91250247
332011589,1,3,-2.3782544,-5.686974,-0.98794556
332011598,1,3,-2.3267615,-5.698949,-0.91489744
332011608,1,3,-2.562671,-5.8222923,-0.8801697
332011618,1,3,-2.581831,-5.994734,-0.50894165
332011628,1,3,-2.7303224,-6.156398,-0.44906616
332011638,1,3,-2.9530592,-6.262976,-0.28500733
332011648,1,3,-3.1183155,-6.180348,-0.14609618
332011658,1,3,-3.2177088,-5.846243,-0.24069947
332011668,1,3,-3.2332764,-5.3708315,-0.17244141
332011677,1,3,-3.239264,-5.0966015,-0.29817992
332011687,1,3,-3.2332764,-4.7301636,-0.2969824
332011697,1,3,-3.1985486,-4.6403503,-0.4155359
332011707,1,3,-3.2931519,-4.8415318,-0.7101233
332011717,1,3,-3.4823585,-4.931345,-0.71730834
332011727,1,3,-3.8703516,-5.078639,-0.6011499
332011737,1,3,-4.2511597,-5.6714063,-0.4778064
332011746,1,3,-4.575685,-6.245013,-0.07903565
332011756,1,3,-4.9672704,-6.815028,0.2945874
332011766,1,3,-5.264253,-7.4101906,0.56881714
332011776,1,3,-5.4678297,-7.7538757,0.6502478
332011786,1,3,-5.6797886,-8.101153,0.7592212
332011796,1,3,-5.909711,-8.491542,1.167572
332011806,1,3,-6.177953,-8.722661,1.4885046
332011816,1,3,-6.1935205,-9.119037,1.7495618
332011825,1,3,-6.3432093,-9.82437,1.9555335
332011835,1,3,-6.382727,-10.7380705,2.1291723
332011845,1,3,-6.580316,-11.958332,2.3782544
332011855,1,3,-6.6557593,-13.123509,2.5962012
332011865,1,3,-6.72282,-14.010864,2.5830286
332011875,1,3,-6.4725404,-14.410832,2.6752367
332011885,1,3,-6.2354336,-14.596447,2.7482848
332011895,1,3,-5.85223,-14.922169,2.8333082
332011904,1,3,-5.403164,-15.307767,3.1374755
332011914,1,3,-4.934938,-15.499369,3.0979578
332011924,1,3,-4.3002577,-15.746056,3.0967603
332011934,1,3,-3.676355,-16.377144,3.1961536
332011944,1,3,-3.1231055,-16.841778,3.3973353
332011954,1,3,-2.4525,-16.85974,3.793711
332011964,1,3,-1.8609302,-16.326849,4.2487645
332011974,1,3,-1.3376184,-15.580799,4.5541296
332011983,1,3,-0.87178713,-14.561719,4.4176135
332011993,1,3,-0.7364685,-13.592934,4.2248144
332012003,1,3,-0.69455564,-12.946278,3.8356237
332012013,1,3,-0.8083191,-12.409794,3.6284547
332012023,1,3,-0.6777905,-12.072096,3.1745985
332012033,1,3,-0.429906,-11.584709,2.5614734
332012043,1,3,-0.21914428,-11.04583,2.1531227
332012053,1,3,0.2574646,-10.199191,2.090852
332012062,1,3,0.60234743,-9.53577,2.323169
332012072,1,3,0.9735754,-9.24238,2.198628
332012082,1,3,1.1280541,-8.885523,2.2357507
332012092,1,3,1.1364368,-8.55501,1.778302
332012102,1,3,1.2046949,-7.9826,0.8981323
332012112,1,3,1.2621753,-7.7227407,-0.61552
332012122,1,3,1.111289,-7.846084,-1.6381934
332012131,1,3,1.0921289,-8.90588,-3.1207104
332012141,1,3,1.2837305,-10.202784,-4.1050634
332012151,1,3,1.4489868,-11.584709,-4.3840833
332012161,1,3,1.4549744,-12.929513,-3.561394
332012171,1,3,1.0059083,-15.156881,-3.434458
332012181,1,3,0.16525635,-17.013021,-3.1554382
332012191,1,3,-0.6813831,-17.937498,-3.2548316
332012201,1,3,-0.92208254,-18.458416,-4.3218126
332012210,1,3,-0.859812,-18.958975,-5.4390893
332012220,1,3,-0.15088624,-19.50504,-6.377937
332012230,1,3,0.6334827,-19.475101,-6.890471
332012240,1,3,1.1975098,-19.073936,-7.828121
332012250,1,3,1.6238233,-18.194963,-8.775352
332012260,1,3,1.4501843,-17.141155,-9.09868
332012270,1,3,0.9915381,-16.296911,-8.825647
332012280,1,3,0.6586304,-15.227534,-8.655601
332012289,1,3,0.3796106,-13.671969,-8.250842
332012299,1,3,0.14130615,-12.24334,-8.02571
332012309,1,3,0.05388794,-10.627899,-7.0413575
332012319,1,3,-0.05987549,-9.411229,-6.2989016
332012329,1,3,-0.32572266,-7.97302,-4.905
332012339,1,3,-0.68018556,-6.4797254,-3.8080812
332012349,1,3,-0.99872315,-4.472699,-3.4260755
332012359,1,3,-1.4142591,-2.5075855,-3.0344896
332012368,1,3,-1.7974621,-0.7484436,-2.906356
332012378,1,3,-2.2417383,0.71730834,-3.185376
332012388,1,3,-2.4249573,2.2070105,-3.109933
332012398,1,3,-2.0585194,3.424878,-3.3374598
332012408,1,3,-1.7423767,4.4810815,-2.8919861
332012418,1,3,-1.1831397,5.4390893,-2.5686584
332012428,1,3,-0.549657,6.0150914,-1.3280383
332012437,1,3,-0.05987549,6.11688,-0.7855664
332012447,1,3,-0.19160156,5.8642054,-0.30296996
332012457,1,3,-0.45744872,5.19839,0.18082398
332012467,1,3,-0.74006104,4.150569,0.8741821
332012477,1,3,-1.0633887,3.1638207,1.0442286
332012487,1,3,-1.0921289,2.2405407,0.9136999
332012497,1,3,-1.1639795,1.6094531,1.0514135
332012507,1,3,-1.2573853,0.75682616,0.92807007
332012516,1,3,-1.470542,-0.32811767,1.0166858
332012526,1,3,-1.6561561,-1.729204,1.0418335
332012536,1,3,-1.7471668,-3.1003528,0.97118044
332012546,1,3,-1.7507592,-4.5421543,1.5447876
332012556,1,3,-1.6741186,-6.314469,1.7974621
332012566,1,3,-1.4861096,-7.8053684,1.3220508
332012576,1,3,-1.3962964,-9.0148535,0.6334827
332012586,1,3,-1.1268567,-9.948911,0.0011975098
332012595,1,3,-1.0705737,-10.488988,-0.61791503
332012605,1,3,-1.3519886,-10.999127,-0.92687255
332012615,1,3,-1.7519568,-11.318862,-1.1364368
332012625,1,3,-1.966311,-11.318862,-1.3962964
332012635,1,3,-2.13516,-10.626701,-1.3950989
332012645,1,3,-2.318379,-10.447075,-1.5364051
332012655,1,3,-2.7782226,-11.24342,-1.4154565
332012665,1,3,-3.8248463,-13.033696,-0.5736072
332012674,1,3,-4.91458,-15.197597,0.17244141
332012684,1,3,-5.825885,-16.682508,0.16884887
332012694,1,3,-6.45338,-17.274078,0.33410522
332012704,1,3,-6.40548,-17.478853,0.7197034
332012714,1,3,-6.009104,-17.805773,1.6717236
332012724,1,3,-5.327721,-18.570982,2.7518775
332012734,1,3,-4.5708947,-19.212847,3.6967127
332012743,1,3,-3.7589831,-19.261944,4.118236
332012753,1,3,-3.3673975,-18.997295,4.1829014
332012763,1,3,-3.2787817,-18.599722,4.162544
332012773,1,3,-3.1602283,-18.070423,3.5003211
332012798,1,3,-3.109933,-17.293238,3.0895753
332012807,1,3,-2.806963,-16.18195,2.7399023
332012817,1,3,-2.2944288,-14.985638,2.193838
332012827,1,3,-1.6825012,-13.77256,1.2011023
332012837,1,3,-1.1304492,-12.801379,0.53169435
332012847,1,3,-0.70293826,-12.038566,-0.4682263
332012857,1,3,-0.19878662,-11.5823145,-1.5723304
332012867,1,3,-0.25147706,-11.493699,-2.0597167
332012877,1,3,-0.4670288,-12.006233,-3.3841627
332012886,1,3,-0.554447,-12.615766,-4.8247666
332012896,1,3,-0.857417,-13.976136,-5.863008
332012906,1,3,-1.3076806,-15.377223,-6.561156
332012916,1,3,-1.8944604,-15.981965,-6.988667
332012926,1,3,-2.3219714,-15.7676115,-7.3095994
332012936,1,3,-3.0919702,-15.447876,-8.23767
332012946,1,3,-3.8368213,-15.196399,-8.207732
332012956,1,3,-4.9840355,-15.781981,-8.353828
332012965,1,3,-5.9133034,-16.574732,-8.151449
332012975,1,3,-6.4725404,-16.851357,-8.484357
332012985,1,3,-6.0665846,-16.472944,-9.0004835
332012995,1,3,-5.109774,-15.761623,-9.190887
332013005,1,3,-4.0248303,-14.964082,-8.766969
332013015,1,3,-2.9734168,-13.752202,-7.418573
332013025,1,3,-2.1112096,-12.279265,-6.074967
332013034,1,3,-1.4897021,-10.390792,-4.5146117
332013044,1,3,-1.1029065,-8.610095,-3.1374755
332013054,1,3,-0.7532337,-6.8473606,-2.6836195
332013064,1,3,-0.7101233,-4.8331494,-2.4896228
332013074,1,3,-0.52570677,-3.1015503,-1.9303857
332013084,1,3,-0.0011975098,-1.4465919,-1.7866845
332013094,1,3,0.54606444,-0.0119750975,-1.1999048
332013104,1,3,1.0047107,1.0597961,-0.9340576
332013113,1,3,1.3328284,2.1327648,-0.46343628
332013123,1,3,1.4429992,2.8728259,-0.21914428
332013133,1,3,1.4130615,3.5506165,-0.10777588
332013143,1,3,1.3256433,4.0008802,0.029937744
332013153,1,3,1.2298425,4.28948,0.0490979
332013163,1,3,0.9951306,4.096681,0.0371228
332013173,1,3,0.73048097,3.3638048,0.025147704
332013183,1,3,0.3556604,2.450105,0.41074586
332013192,1,3,0.065863036,1.4956897,0.8981323
332013202,1,3,-0.35925293,0.7232959,0.737666
332013212,1,3,-0.64066774,-0.24668701,0.74365354
332013222,1,3,-0.864602,-1.2094848,0.8586145
332013232,1,3,-1.421444,-2.6512866,1.1783496
332013242,1,3,-1.834585,-4.0392003,1.5986755
332013252,1,3,-2.0872595,-4.8810496,1.9746937
332013262,1,3,-2.227368,-5.4091516,1.834585
332013271,1,3,-2.0944445,-5.605543,1.2837305
332013281,1,3,-2.074087,-5.938451,0.24069947
332013291,1,3,-2.1830604,-6.037844,-0.3185376
332013301,1,3,-2.1159997,-6.382727,-0.6502478
332013311,1,3,-1.9160156,-6.9874697,-0.76640624
332013321,1,3,-1.5112573,-7.435338,-0.7652087
332013331,1,3,-1.1520044,-8.4520235,-0.33171022
332013340,1,3,-0.9592053,-9.914184,-0.062270507
332013350,1,3,-1.1160791,-11.424243,0.6382727
332013360,1,3,-1.3424084,-13.004956,1.4394068
332013370,1,3,-1.7304016,-14.10427,2.3507116
332013380,1,3,-1.9627185,-14.680272,2.4608827
332013390,1,3,-1.7351917,-15.062278,2.1291723
332013400,1,3,-1.3639636,-15.319742,2.692002
332013410,1,3,-0.8753796,-15.482604,3.6416273
332013419,1,3,-0.98794556,-15.3245325,4.8738647
332013429,1,3,-1.6405884,-14.252761,5.532495
332013439,1,3,-2.6884093,-12.616962,5.1947975
332013449,1,3,-3.5206788,-11.225456,4.454736
332013459,1,3,-4.184099,-10.437495,2.8404932
332013469,1,3,-4.162544,-10.250684,1.0490185
332013485,1,3,-3.6775525,-10.152488,-0.60713744
332013495,1,3,-2.7315197,-10.012379,-2.3758593
332013505,1,3,-1.5399976,-9.981244,-3.493136
332013515,1,3,-0.7232959,-10.372829,-3.6392322
332013524,1,3,-0.32692015,-10.712922,-3.2943494
332013534,1,3,-0.37721556,-10.777588,-2.0848646
332013544,1,3,-0.76640624,-10.732082,-1.1184741
332013554,1,3,-1.3627661,-10.642269,-1.3615686
332013564,1,3,-1.7076489,-11.161988,-2.5004003
332013574,1,3,-1.775907,-11.948752,-4.2739124
332013584,1,3,-1.5699353,-13.103152,-5.466632
332013594,1,3,-0.7843689,-14.730568,-7.2832546
332013603,1,3,-0.27782226,-16.353193,-8.890312
332013613,1,3,-0.5269043,-18.339863,-9.960886
332013623,1,3,-1.6813037,-20.379221,-11.000324
332013633,1,3,-2.4788451,-21.80785,-11.003918
332013643,1,3,-2.501598,-21.56715,-10.39678
332013653,1,3,-1.2478051,-19.485878,-10.104588
332013663,1,3,0.22513184,-17.05254,-10.09381
332013672,1,3,1.2741504,-14.732963,-8.79571
332013682,1,3,1.9148182,-12.888798,-7.777826
332013692,1,3,2.0800745,-11.515254,-6.941964
332013702,1,3,2.095642,-10.364447,-5.649851
332013712,1,3,2.2956262,-8.956176,-4.987628
332013722,1,3,2.76505,-7.7502832,-4.3709106
332013732,1,3,3.0165272,-6.6006737,-3.5817518
332013742,1,3,3.2787817,-5.5145326,-3.0033545
332013751,1,3,3.4260755,-4.6152024,-2.9686267
332013761,1,3,3.314707,-3.8931043,-3.185376
332013771,1,3,3.117118,-3.3650024,-3.1278956
332013781,1,3,2.7830126,-3.2500415,-2.8740234
332013791,1,3,2.5219555,-3.5685792,-2.6093738
332013801,1,3,2.208208,-3.7434156,-1.8872753
332013811,1,3,2.039359,-3.8978944,-1.5603552
332013821,1,3,2.13995,-4.196074,-1.3052857
332013830,1,3,1.8058448,-4.5912523,-1.1532019
332013840,1,3,1.2921131,-5.283413,-0.8825647
332013850,1,3,0.79514647,-5.989944,-0.9400452
332013860,1,3,0.41314086,-6.5216384,-1.4238391
332013870,1,3,0.1101709,-6.6892896,-1.6872913
332013880,1,3,-0.25387207,-6.6282167,-1.6753162
332013890,1,3,-0.31374756,-6.673722,-2.530338
332013900,1,3,-0.42391846,-6.143225,-4.0631504
332013909,1,3,-0.80233157,-5.7516394,-5.5193224
332013919,1,3,-1.1843371,-6.1587925,-7.763456
332013929,1,3,-1.6980689,-6.9946547,-8.762179
332013939,1,3,-3.060835,-10.242301,-8.719069
332013949,1,3,-3.9757323,-13.558206,-8.52627
332013959,1,3,-3.7613783,-16.456179,-6.9611244
332013969,1,3,-2.9422815,-18.375788,-5.149292
332013979,1,3,-3.1243029,-19.136206,-4.1302114
332013988,1,3,-4.29906,-18.987715,-2.8680358
332013998,1,3,-5.4582496,-18.434465,-2.3447242
332014013,1,3,-6.854546,-18.252443,-2.217788
332014023,1,3,-7.4952135,-18.372194,-2.6129663
332014033,1,3,-7.213799,-19.12902,-2.9877868
332014043,1,3,-6.587501,-19.819984,-3.0153296
332014052,1,3,-6.0737696,-19.967278,-2.8919861
332014062,1,3,-6.109695,-19.546951,-2.8716285
332014072,1,3,-6.4641576,-18.69193,-2.706372
332014082,1,3,-6.8186207,-17.699194,-1.9160156
332014092,1,3,-7.012617,-16.420254,-0.8358618
332014102,1,3,-6.553971,-15.361655,0.20716919
332014112,1,3,-6.2665687,-15.073055,1.2274475
332014122,1,3,-6.1156826,-15.659835,2.2704785
332014131,1,3,-6.098917,-16.126863,3.441643
332014141,1,3,-6.060597,-15.781981,2.9051588
332014151,1,3,-6.277346,-14.920972,2.186653
332014161,1,3,-6.8258057,-13.510305,1.8741028
332014171,1,3,-7.303612,-12.182267,1.9639161
332014181,1,3,-7.7909985,-11.269764,2.386637
332014191,1,3,-7.994575,-11.1955185,3.08239
332014201,1,3,-7.860454,-11.684103,4.085903
332014210,1,3,-7.514374,-11.629017,4.5840673
332014220,1,3,-7.282057,-10.863809,4.7936316
332014230,1,3,-6.891669,-9.527388,4.533772
332014240,1,3,-6.006709,-8.417296,4.4080334
332014250,1,3,-5.23671,-7.08327,4.0164475
332014260,1,3,-4.366121,-5.653444,3.6943176
332014270,1,3,-3.4703834,-4.143384,2.8081603
332014280,1,3,-2.5686584,-2.4692652,1.9639161
332014289,1,3,-1.4178516,-1.0298584,0.96160036
332014299,1,3,-0.37721556,0.1484912,-0.27662477
332014309,1,3,0.25506958,0.74125856,-1.5531702
332014319,1,3,0.7640112,1.162782,-2.6848168
332014329,1,3,0.85023195,1.3651612,-4.0008802
332014339,1,3,0.43469605,1.4022839,-4.3685155
332014349,1,3,0.21914428,1.3136683,-4.883445
332014359,1,3,0.013172608,1.6166382,-4.9552956
332014368,1,3,-0.026345216,1.5507752,-4.702621
332014378,1,3,0.05508545,1.3388159,-4.253555
332014388,1,3,0.08023316,1.6417859,-3.6512072
332014398,1,3,-0.0035925293,1.8776953,-3.66917
332014408,1,3,-0.09340576,2.0800745,-3.5410364
332014418,1,3,-0.30057496,1.9770886,-3.3374598
332014428,1,3,-0.23590942,1.6681311,-3.424878
332014438,1,3,-0.22632934,1.1412268,-3.1398706
332014447,1,3,-0.31135255,0.4406836,-2.6273365
332014457,1,3,-0.21914428,-0.17962646,-2.1794677
332014467,1,3,-0.26225463,-0.5029541,-2.2022204
332014477,1,3,-0.48379394,-0.6047424,-2.1782703
332014487,1,3,-0.6502478,-0.69455564,-2.1950355
332014497,1,3,-0.8310718,-0.97597045,-2.0764818
332014507,1,3,-0.87178713,-1.6645386,-1.8537451
332014517,1,3,-0.81670165,-2.8512707,-1.3076806
332014526,1,3,-0.85023195,-4.388873,-0.8921448
332014536,1,3,-0.81670165,-6.397097,-0.737666
332014546,1,3,-0.96040285,-9.517808,-0.16765137
332014556,1,3,-1.4585669,-13.582156,0.13172607
332014566,1,3,-2.46687,-17.941092,1.465752
332014576,1,3,-3.314707,-20.913311,3.1865735
332014586,1,3,-3.3278797,-21.806652,3.8475988
332014596,1,3,-3.0895753,-21.45698,4.374503
332014605,1,3,-2.863246,-20.451073,4.7601013
332014615,1,3,-2.271676,-18.873951,5.046306
332014625,1,3,-1.785487,-17.184265,5.562433
332014635,1,3,-1.4597644,-16.568745,4.8738647
332014645,1,3,-1.4441968,-17.674047,4.2319994
332014655,1,3,-1.7615368,-19.497854,3.5697765
332014665,1,3,-1.7878821,-20.849842,3.2572265
332014675,1,3,-1.7723144,-21.45219,2.6728418
332014684,1,3,-1.9040406,-20.886965,2.1830604
332014694,1,3,-1.9255958,-19.069145,1.5567627
332014704,1,3,-1.8106347,-16.25859,1.8597326
332014720,1,3,-2.1195922,-13.680351,1.9866687
332014730,1,3,-2.4489074,-11.831396,1.9998413
332014740,1,3,-2.6776319,-10.552456,1.7016613
332014750,1,3,-3.1566358,-9.974059,1.2645704
332014760,1,3,-3.6476147,-10.051897,1.5352075
332014769,1,3,-4.1397915,-10.280622,1.353186
332014779,1,3,-4.6415477,-10.705737,1.0071057
332014789,1,3,-5.395979,-10.726095,0.5652246
332014799,1,3,-6.3994923,-10.574011,0.34488282
332014809,1,3,-7.66526,-10.524914,0.96040285
332014819,1,3,-8.619676,-10.328522,1.411864
332014829,1,3,-9.188493,-10.085427,1.3208532
332014839,1,3,-9.354946,-10.219548,0.57001466
332014848,1,3,-10.092612,-10.679392,0.59516233
332014858,1,3,-10.690169,-11.396701,0.62031007
332014868,1,3,-11.135643,-11.529624,0.429906
332014878,1,3,-11.102113,-10.801538,0.50774413
332014888,1,3,-10.653047,-9.79084,0.8202942
332014898,1,3,-9.958491,-8.201744,1.3004956
332014908,1,3,-8.88672,-6.8305955,1.8250049
332014918,1,3,-7.8329115,-5.613926,2.254911
332014927,1,3,-6.7335973,-4.9720607,2.838098
332014937,1,3,-5.762417,-4.604425,2.9075537
332014947,1,3,-4.8654823,-4.543352,2.8548632
332014957,1,3,-4.148174,-4.30864,2.814148
332014967,1,3,-3.4895434,-4.0906935,2.654879
332014977,1,3,-2.8249254,-3.8236487,2.3902295
332014987,1,3,-2.44292,-3.530259,2.034569
332014997,1,3,-2.137555,-3.4045203,1.7615368
332015006,1,3,-1.9639161,-3.509901,1.4585669
332015016,1,3,-1.9375708,-3.7266505,1.4537768
332015026,1,3,-1.8669177,-3.9637573,1.2945081
332015036,1,3,-1.6549585,-3.8931043,1.3100756
332015046,1,3,-1.223855,-3.7290454,1.1208692
332015056,1,3,-0.6646179,-3.6547997,1.0897338
332015066,1,3,-0.05269043,-3.7194653,1.1196716
332015075,1,3,0.53289187,-4.150569,1.4849122
332015085,1,3,0.8837622,-4.6906457,1.6417859
332015095,1,3,1.1244617,-5.349276,1.9507434
332015105,1,3,1.2657678,-6.283334,2.1639001
332015115,1,3,1.2394226,-7.0317774,2.7243347
332015125,1,3,1.2070899,-7.4880285,3.1207104
332015135,1,3,1.3136683,-7.4197707,3.5218763
332015145,1,3,1.3879138,-7.212601,3.7625756
332015154,1,3,1.23104,-7.113208,3.5063086
332015164,1,3,0.5556445,-7.932305,3.1614258
332015174,1,3,-0.29937744,-9.5070305,2.8728259
332015184,1,3,-1.3424084,-11.503279,2.8812084
332015194,1,3,-2.2201831,-14.010864,2.525548
332015204,1,3,-3.08239,-16.48013,2.1567152
332015214,1,3,-3.9924974,-18.827248,1.3448035
332015224,1,3,-4.7744713,-20.671413,0.4682263
332015233,1,3,-5.743257,-22.96704,-0.33171022
332015243,1,3,-7.0712953,-24.278313,-0.82747924
332015253,1,3,-8.499925,-23.939417,-1.5016773
332015263,1,3,-9.880653,-22.143152,-2.4321423
332015273,1,3,-10.732082,-19.809206,-2.9195287
332015283,1,3,-10.948832,-17.777033,-2.899171
332015293,1,3,-10.080637,-16.111296,-2.4692652
332015303,1,3,-8.504714,-14.93654,-1.7651294
332015312,1,3,-6.9383717,-14.208453,-1.2046949
332015322,1,3,-5.8079224,-13.982124,-0.7101233
332015332,1,3,-4.8918276,-14.247972,-1.0095007
332015342,1,3,-4.191284,-14.526991,-1.5220349
332015352,1,3,-3.5601966,-14.713802,-1.9076331
332015362,1,3,-3.241659,-14.4743,-2.13037
332015372,1,3,-2.889591,-13.258828,-1.7603394
332015382,1,3,-2.7159522,-11.409873,-1.409469
332015391,1,3,-2.3650818,-9.201665,-0.97597045
332015401,1,3,-2.1363573,-6.974297,-0.9627979
332015411,1,3,-1.8178198,-5.149292,-1.2789404
332015421,1,3,-1.3543836,-3.5685792,-1.7459693
332015431,1,3,-0.42152345,-2.0477417,-2.0513341
332015441,1,3,0.53289187,-1.4585669,-2.4237597
332015451,1,3,1.2430152,-0.50774413,-2.0094213
332015461,1,3,1.9782861,0.48139894,-1.4861096
332015470,1,3,2.0477417,1.0801538,-1.348396
332015480,1,3,1.2454102,1.5471826,-0.74604857
332015490,1,3,-0.19998413,2.0417542,-0.25387207
332015500,1,3,-1.5352075,2.4752526,-0.12933105
332015510,1,3,-2.858456,2.9865894,-0.17004639
332015520,1,3,-3.5925293,3.5278637,-0.36404297
332015530,1,3,-4.02962,3.7003052,-0.40954834
332015540,1,3,-4.31822,3.7278478,-0.35326537
332015549,1,3,-4.287085,3.5015185,-0.20716919
332015559,1,3,-4.206852,2.7195446,0.34248778
332015569,1,3,-4.223617,1.3903089,0.8214917
332015579,1,3,-4.2906775,-0.1963916,1.343606
332015589,1,3,-4.463119,-1.7651294,1.9303857
332015599,1,3,-4.435576,-3.6080968,1.8992505
332015609,1,3,-4.33259,-5.3995714,1.7447717
332015619,1,3,-4.4834766,-6.878496,1.5076648
332015628,1,3,-4.787644,-7.9059596,1.7435743
332015638,1,3,-4.3146276,-8.234077,1.3136683
332015648,1,3,-3.7015028,-8.570578,1.6621436
332015658,1,3,-3.359015,-9.48787,2.0704944
332015668,1,3,-3.5997143,-10.662627,3.1530433
332015678,1,3,-4.0487804,-11.967913,4.387676
332015688,1,3,-4.724176,-13.040881,5.078639
332015697,1,3,-5.181625,-13.774955,5.6833816
332015707,1,3,-5.310956,-13.916261,5.642666
332015717,1,3,-5.045109,-13.327086,5.283413
332015727,1,3,-4.5780797,-12.728332,4.580475
332015737,1,3,-4.3864784,-11.989468,3.5266662
332015747,1,3,-4.3469605,-11.383528,2.274071
332015757,1,3,-4.352948,-10.765613,0.798739
332015767,1,3,-4.390071,-10.269844,-0.4155359
332015776,1,3,-4.301455,-10.509346,-1.2777429
332015786,1,3,-4.2763076,-11.760743,-1.6202307
332015796,1,3,-4.5050316,-13.8264475,-1.8285974
332015806,1,3,-4.509822,-15.695761,-2.0453467
332015816,1,3,-4.3924656,-16.795074,-2.699187
332015826,1,3,-4.2727146,-16.969912,-3.417693
332015836,1,3,-4.604425,-17.142353,-3.7901185
332015856,1,3,-5.109774,-17.538729,-4.211642
332015865,1,3,-5.742059,-17.505198,-4.6547203
332015875,1,3,-6.258186,-17.514778,-5.1229467
332015885,1,3,-6.4402075,-17.561481,-5.4750147
332015895,1,3,-6.3456044,-17.529148,-5.318141
332015905,1,3,-5.9516234,-17.264498,-5.0642686
332015915,1,3,-5.4510646,-16.65736,-4.2810974
332015925,1,3,-5.0307384,-16.001125,-3.6967127
332015935,1,3,-4.3768983,-15.281422,-2.4045997
332015944,1,3,-3.932622,-14.796431,-1.3962964
332015954,1,3,-3.5937269,-14.366525,-0.76760375
332015964,1,3,-3.4021254,-13.771362,-0.21674927
332015974,1,3,-3.05844,-13.018128,0.432301
332015984,1,3,-2.647694,-11.850556,1.2933105
332015994,1,3,-2.6273365,-10.74765,0.9017249
332016004,1,3,-2.4273522,-9.170529,0.34727782
332016014,1,3,-2.0549269,-7.728728,-0.40954834
332016023,1,3,-1.6705261,-6.7599425,-0.7149133
332016033,1,3,-0.9172925,-5.8809705,-0.73048097
332016043,1,3,-0.009580079,-5.036726,-0.15687378
332016053,1,3,0.9017249,-4.1685314,0.18561402
332016063,1,3,1.8202149,-3.3506324,0.42152345
332016073,1,3,2.3267615,-2.76505,0.49816406
332016083,1,3,2.635719,-2.5411158,0.3568579
332016093,1,3,2.7147546,-2.6464965,0.49097902
332016102,1,3,2.6129663,-3.3697925,0.54606444
332016112,1,3,2.386637,-4.362528,0.8957373
332016122,1,3,1.8812878,-5.718109,1.4549744
332016132,1,3,1.5112573,-7.0437527,1.7567468
332016142,1,3,1.3040881,-8.406519,1.8944604
332016152,1,3,0.88855225,-9.626781,1.653761
332016162,1,3,0.3185376,-10.3931875,1.9196081
332016172,1,3,-0.13172607,-10.882969,2.142345
332016181,1,3,-0.6047424,-10.676997,2.506388
332016191,1,3,-0.99872315,-10.009984,2.650089
332016201,1,3,-1.2621753,-9.126222,2.7470875
332016211,1,3,-1.5136523,-8.629255,2.7866051
332016221,1,3,-1.900448,-8.410111,2.77463
332016231,1,3,-2.191443,-8.352631,2.6021888
332016241,1,3,-2.5566833,-8.374186,2.6213489
332016251,1,3,-2.9027636,-8.462802,2.4716601
332016260,1,3,-3.1278956,-8.616083,2.271676
332016270,1,3,-3.1674132,-8.739427,2.039359
332016280,1,3,-3.0931678,-8.54064,1.7064514
332016290,1,3,-3.0883777,-8.177794,1.3388159
332016300,1,3,-2.8788135,-7.5251513,1.1244617
332016310,1,3,-2.8369007,-6.6773143,0.8634045
332016320,1,3,-2.6608667,-5.7612195,0.9340576
332016334,1,3,-2.6620643,-4.8642845,0.9807605
332016344,1,3,-2.525548,-4.0511756,0.9699829
332016354,1,3,-2.6249413,-3.5458264,0.9855505
332016363,1,3,-2.6848168,-3.2320788,1.104104
332016373,1,3,-2.7279272,-3.026107,1.1807446
332016383,1,3,-2.8668385,-3.1542406,0.94962525
332016393,1,3,-3.0368848,-3.3913476,0.7220984
332016403,1,3,-3.070415,-3.8164637,0.26345214
332016413,1,3,-3.1865735,-4.4655137,-0.04670288
332016423,1,3,-3.3817675,-5.393584,-0.23471192
332016433,1,3,-3.5625916,-6.653364,-0.04670288
332016442,1,3,-3.8452039,-8.064031,0.0011975098
332016452,1,3,-4.014053,-9.426797,-0.124541014
332016462,1,3,-4.3278003,-10.802735,-0.35087037
332016472,1,3,-4.8247666,-12.100836,-0.30296996
332016482,1,3,-5.5803957,-13.266013,0.25985962
332016492,1,3,-6.41985,-13.990506,1.0813513
332016502,1,3,-7.0509377,-14.307847,2.562671
332016512,1,3,-7.777826,-14.043197,4.324208
332016521,1,3,-8.20414,-13.643229,5.3708315
332016531,1,3,-8.337063,-13.397739,5.6809864
332016541,1,3,-8.199349,-13.555811,5.4821997
332016551,1,3,-8.073611,-14.447955,4.846322
332016561,1,3,-7.870034,-15.464642,4.528982
332016571,1,3,-7.1730833,-15.726895,4.008065
332016581,1,3,-6.165978,-15.014378,4.142186
332016591,1,3,-5.2235374,-14.13301,4.1469765
332016600,1,3,-4.61161,-13.391751,4.518204
332016610,1,3,-4.2978625,-12.667258,4.517007
332016620,1,3,-4.3122325,-11.909235,4.0272255
332016630,1,3,-4.463119,-11.044633,3.4715807
332016640,1,3,-4.6822634,-9.72378,3.0332923
332016650,1,3,-4.397256,-8.260423,2.3830445
332016660,1,3,-3.2129188,-7.1515284,1.5376025
332016669,1,3,-1.4370117,-6.8509536,0.35087037
332016679,1,3,0.5616321,-7.261699,-0.8238867
332016689,1,3,2.7997777,-7.6472974,-1.8729053
332016699,1,3,4.988826,-8.5717745,-2.7159522
332016709,1,3,6.285729,-10.075848,-3.2236962
332016719,1,3,6.7335973,-12.21939,-3.014132
332016729,1,3,5.987549,-14.238391,-1.5687377
332016739,1,3,4.2104445,-15.0994005,-0.55923706
332016748,1,3,2.450105,-14.736555,-0.86579955
332016758,1,3,1.035846,-14.00847,-1.3879138
332016768,1,3,0.11735596,-13.582156,-1.585503
332016778,1,3,-0.28620484,-13.448034,-1.5914905
332016788,1,3,-0.24548951,-13.141472,-1.7016613
332016798,1,3,-0.29219237,-12.679234,-1.7208215
332016808,1,3,-0.34248778,-12.222982,-2.210603
332016818,1,3,-0.6586304,-11.570339,-2.5758436
332016827,1,3,-1.096919,-10.782378,-2.8644433
332016837,1,3,-1.4238391,-10.072254,-3.1015503
332016847,1,3,-1.6477734,-9.329799,-3.239264
332016857,1,3,-1.7004639,-8.734636,-3.478766
332016867,1,3,-1.6178356,-8.254435,-3.2057335
332016877,1,3,-1.3831238,-7.8592567,-2.8716285
332016887,1,3,-1.0885364,-7.5443115,-2.76505
332016897,1,3,-0.70533323,-7.1203933,-2.6764343
332016906,1,3,-0.26704466,-6.4917006,-2.7913952
332016916,1,3,0.0011975098,-5.943241,-2.7482848
332016926,1,3,0.42391846,-5.447472,-2.654879
332016936,1,3,0.59635985,-4.86189,-2.630929
332016946,1,3,0.8202942,-4.502637,-2.6081762
332016961,1,3,0.85382444,-4.3864784,-2.5075855
332016971,1,3,0.9915381,-4.3421702,-2.2297633
332016981,1,3,0.9340576,-4.366121,-2.071692
332016991,1,3,0.7699988,-4.3637257,-1.7962646
332017001,1,3,0.7640112,-4.2822948,-1.6980689
332017011,1,3,0.84065187,-4.0439906,-1.8297949
332017021,1,3,0.9663904,-3.979325,-1.9196081
332017031,1,3,1.1376343,-3.9649549,-1.8848804
332017040,1,3,1.169967,-4.155359,-1.785487
332017050,1,3,1.047821,-4.6523256,-0.91849
332017060,1,3,1.101709,-5.0487013,-0.43110353
332017070,1,3,1.2430152,-5.6414685,-0.97716796
332017080,1,3,1.6202307,-6.894064,-1.0813513
332017090,1,3,1.9818786,-9.251961,-1.346001
332017100,1,3,1.3962964,-13.297149,-0.5604346
332017110,1,3,0.064665526,-17.341139,0.5891748
332017119,1,3,-1.6022681,-20.85104,0.36404297
332017129,1,3,-1.83698,-20.943249,3.1494508
332017139,1,3,-1.463357,-19.012863,3.246449
332017149,1,3,-1.3879138,-16.833395,4.628375
332017159,1,3,-1.4238391,-14.973662,5.811515
332017169,1,3,-1.7747095,-13.497132,6.3911095
332017179,1,3,-2.1998255,-12.554692,6.854546
332017189,1,3,-2.3686743,-11.981085,6.702462
332017198,1,3,-1.7651294,-11.6805105,6.1611876
332017208,1,3,-1.1316468,-11.794273,4.7612987
332017218,1,3,-0.41194335,-12.311598,4.5613146
332017228,1,3,0.43110353,-12.897181,4.061953
332017238,1,3,1.1508069,-13.458813,3.5506165
332017248,1,3,1.7914746,-13.759387,3.4057178
332017258,1,3,2.3411317,-13.733042,3.3087194
332017268,1,3,2.74589,-14.584472,3.08239
332017277,1,3,2.5375233,-12.83012,2.7590625
332017287,1,3,2.2369483,-11.247012,1.9794836
332017297,1,3,1.5699353,-9.716595,1.5579602
332017307,1,3,0.9627979,-8.493937,1.0202783
332017317,1,3,0.5376819,-7.3850427,0.7484436
332017327,1,3,0.33410522,-6.342012,0.33889526
332017337,1,3,0.062270507,-5.5612354,-0.19399658
332017346,1,3,-0.13172607,-4.768484,-1.0585986
332017356,1,3,-0.3820056,-4.233197,-1.8705102
332017366,1,3,-0.5604346,-3.8236487,-2.7925928
332017376,1,3,-0.77718383,-3.5386415,-3.307522
332017386,1,3,-1.1340418,-3.382965,-3.2955468
332017396,1,3,-1.7375866,-3.3566198,-2.5926087
332017406,1,3,-2.3411317,-3.5063086,-2.2465284
332017416,1,3,-3.0033545,-3.4631982,-1.2418176
332017425,1,3,-3.7146752,-3.5482213,-0.32452515
332017435,1,3,-4.3960586,-3.495531,0.554447
332017450,1,3,-5.1935997,-3.725453,1.4885046
332017459,1,3,-6.0737696,-3.866759,1.7076489
332017469,1,3,-6.6701293,-4.143384,2.1639001
332017479,1,3,-7.34792,-5.407954,2.6165588
332017489,1,3,-7.562274,-6.4246397,3.0596375
332017499,1,3,-7.436536,-7.4317455,3.942202
332017509,1,3,-6.9120264,-8.311915,4.684658
332017519,1,3,-6.4402075,-9.182505,5.1780324
332017528,1,3,-6.165978,-9.544153,5.6342835
332017538,1,3,-5.7516394,-9.43518,5.8510327
332017548,1,3,-5.271438,-9.467512,6.3539867
332017558,1,3,-5.1121693,-10.45905,6.866521
332017568,1,3,-4.9720607,-11.559562,7.1778736
332017578,1,3,-4.5708947,-12.27208,7.2245765
332017588,1,3,-4.6259804,-12.9115505,6.603069
332017598,1,3,-4.1852965,-13.291161,6.4246397
332017607,1,3,-4.1613464,-13.941409,5.5935683
332017617,1,3,-3.9242394,-14.98444,5.2163525
332017627,1,3,-3.6488123,-15.986755,4.8427296
332017637,1,3,-3.1841784,-16.765137,4.26074
332017647,1,3,-3.2404613,-16.892073,3.7565882
332017657,1,3,-2.7961853,-16.66694,3.5637891
332017667,1,3,-2.7961853,-16.452587,1.1172767
332017677,1,3,-2.7985804,-15.730488,0.857417
332017686,1,3,-1.9926562,-15.435901,-0.17124389
332017696,1,3,-1.9363732,-16.235838,-1.3903089
332017706,1,3,-1.83698,-17.742304,-2.5075855
332017716,1,3,-2.1255798,-19.442768,-2.823728
332017726,1,3,-2.9255164,-22.228176,-2.8165429
332017736,1,3,-4.4966493,-25.959618,-2.5207582
332017746,1,3,-5.7001467,-27.157127,-4.0272255
332017756,1,3,-5.8977356,-23.143074,-4.8594947
332017765,1,3,-4.9840355,-18.370996,-5.5923705
332017775,1,3,-3.4799633,-14.408438,-5.2163525
332017785,1,3,-1.5196398,-11.436218,-4.834347
332017795,1,3,0.3161426,-8.998089,-4.461921
332017805,1,3,1.7483642,-6.947952,-4.6690907
332017815,1,3,2.6105714,-5.4438796,-5.195995
332017825,1,3,2.9758117,-4.6271777,-5.021158
332017834,1,3,3.4045203,-4.5229945,-4.3026524
332017844,1,3,2.9937744,-4.628375,-4.2439747
332017854,1,3,3.1542406,-3.427273,-4.0583606
332017864,1,3,3.4380505,-1.9782861,-3.749403
332017874,1,3,3.4045203,-0.85382444,-2.2752686
332017884,1,3,3.798501,-0.2694397,-1.8872753
332017894,1,3,3.8978944,-0.1101709,-1.4142591
332017904,1,3,3.530259,0.14968872,-0.59156984
332017913,1,3,2.5806336,0.35087037,-0.15328126
332017923,1,3,1.5352075,0.6274951,0.083825685
332017933,1,3,0.92328,1.1843371,0.19399658
332017943,1,3,0.674198,1.6369958,0.027542725
332017953,1,3,0.7711963,1.8753003,-0.029937744
332017963,1,3,1.0466236,1.7327967,-0.022752685
332017973,1,3,1.23104,1.4501843,0.18082398
332017983,1,3,1.3100756,0.96519285,0.37122804
332017992,1,3,1.1172767,0.32452515,0.48499146
332018002,1,3,1.0310559,-0.41194335,0.6394702
332018012,1,3,1.0286609,-1.1328442,0.6538403
332018022,1,3,0.8981323,-2.020199,0.67898804
332018032,1,3,0.81191164,-3.046465,0.5891748
332018042,1,3,0.7723938,-4.472699,0.10538086
332018052,1,3,0.4035608,-6.803053,-0.5712122
332018062,1,3,-0.10059082,-9.402846,-0.76161623
332018071,1,3,-0.84424436,-11.63261,-0.38320312
332018081,1,3,-0.737666,-13.7534,-0.11376343
332018091,1,3,-0.7867639,-15.263459,0.6059399
332018101,1,3,-0.8418494,-16.18195,1.4908997
332018111,1,3,-1.1520044,-16.807049,1.7771045
332018121,1,3,-1.6908838,-17.213005,1.8429675
332018131,1,3,-2.4884253,-17.457298,2.0692968
332018141,1,3,-3.0416749,-17.190252,2.5387206
332018150,1,3,-3.2883618,-16.090939,2.8440857
332018160,1,3,-3.3326697,-14.068345,3.0847852
332018170,1,3,-3.0728102,-11.692486,3.3494349
332018180,1,3,-2.7901978,-9.856703,3.373385
332018190,1,3,-2.311194,-8.90109,3.378175
332018200,1,3,-2.166295,-8.948991,3.3673975
332018210,1,3,-2.0944445,-9.716595,3.2620165
332018220,1,3,-1.9411633,-10.80992,3.2368689
332018229,1,3,-1.8525476,-12.425362,3.424878
332018239,1,3,-1.8118323,-14.082715,3.018922
332018249,1,3,-2.1207898,-15.459851,2.6369164
332018259,1,3,-2.45729,-15.2263365,2.450105
332018276,1,3,-2.618954,-14.287489,2.198628
332018286,1,3,-3.2548316,-13.582156,1.9232007
332018296,1,3,-3.9877076,-13.438455,1.6094531
332018306,1,3,-4.28469,-13.663587,0.99992067
332018316,1,3,-4.319418,-14.047987,0.4071533
332018325,1,3,-3.9194496,-14.540164,-0.18202148
332018335,1,3,-3.2895594,-14.517411,-0.5987549
332018345,1,3,-2.5459058,-13.912668,-0.91489744
332018355,1,3,-2.0992346,-12.687616,-1.2298425
332018365,1,3,-1.8070422,-11.442205,-1.2777429
332018375,1,3,-1.5399976,-10.243499,-1.5603552
332018385,1,3,-1.3819263,-9.354946,-1.541195
332018395,1,3,-1.2034973,-8.681946,-1.5843054
332018404,1,3,-0.8490344,-8.137079,-1.4489868
332018414,1,3,-0.5292993,-7.5299416,-1.5723304
332018424,1,3,-0.32572266,-6.8952613,-1.726809
332018434,1,3,-0.124541014,-6.500083,-1.6896863
332018444,1,3,-0.11735596,-6.1815453,-1.7914746
332018454,1,3,0.12933105,-5.950426,-1.8537451
332018464,1,3,0.33650026,-5.898933,-1.8273998
332018474,1,3,0.5233118,-5.7348742,-1.7327967
332018483,1,3,0.9352551,-5.642666,-1.5052698
332018493,1,3,1.0633887,-5.5073476,-1.4058765
332018503,1,3,1.2478051,-5.466632,-1.4549744
332018513,1,3,1.3364209,-5.364844,-1.3627661
332018523,1,3,1.4681469,-5.3708315,-1.8621277
332018533,1,3,1.404679,-5.4630394,-1.6836988
332018543,1,3,1.1340418,-6.0330544,-1.890868
332018553,1,3,1.0597961,-6.547983,-1.7315991
332018562,1,3,1.0154883,-7.4784484,-1.9890637
332018572,1,3,0.8981323,-8.58854,-1.9447559
332018582,1,3,0.70772827,-10.15608,-2.1890478
332018592,1,3,0.432301,-11.248209,-2.5075855
332018602,1,3,0.1963916,-11.596684,-2.9291089
332018612,1,3,0.36164796,-11.640992,-3.5530114
332018622,1,3,0.013172608,-11.979888,-3.8464015
332018632,1,3,-0.3939807,-12.687616,-3.8847218
332018641,1,3,-0.87178713,-13.45043,-3.8847218
332018651,1,3,-1.2705579,-13.794115,-3.8248463
332018661,1,3,-1.4106665,-13.659994,-3.6536024
332018671,1,3,-1.6250207,-13.71987,-3.5075061
332018681,1,3,-2.2728736,-14.069542,-2.9446764
332018691,1,3,-3.1530433,-14.653927,-2.4081922
332018701,1,3,-4.198469,-15.158078,-1.9076331
332018711,1,3,-4.8187795,-15.365248,-1.8309925
332018720,1,3,-5.0235534,-15.119759,-2.0680993
332018730,1,3,-4.799619,-15.031142,-2.1267774
332018740,1,3,-4.5445495,-15.023957,-2.0932472
332018750,1,3,-4.237987,-14.882651,-1.9902612
332018760,1,3,-4.1864944,-14.45993,-1.8585352
332018770,1,3,-4.2667274,-13.8013,-1.6705261
332018780,1,3,-4.437971,-13.123509,-1.1472144
332018790,1,3,-4.5852647,-12.558285,-0.7699988
332018799,1,3,-4.63077,-11.94995,-0.50894165
332018809,1,3,-4.7038183,-11.524834,-0.13412109
332018819,1,3,-4.9277525,-11.626622,0.24189697
332018829,1,3,-5.0654664,-11.979888,0.93884766
332018839,1,3,-5.2654505,-12.547507,1.6753162
332018849,1,3,-5.5444703,-12.790602,2.6009912
332018859,1,3,-6.3156667,-13.109139,3.5110986
332018869,1,3,-7.3563023,-13.1438675,4.3349853
332018878,1,3,-8.903485,-12.952266,4.5936475
332018888,1,3,-10.285412,-12.437336,4.3026524
332018898,1,3,-11.717633,-12.072096,4.1529636
332018908,1,3,-12.458892,-11.914024,3.8428087
332018918,1,3,-12.176279,-11.941567,4.1002736
332018928,1,3,-10.995535,-11.867322,4.31822
332018938,1,3,-9.577683,-11.4625635,4.437971
332018948,1,3,-8.29515,-10.892549,4.1373963
332018957,1,3,-7.608977,-9.946516,3.6547997
332018967,1,3,-7.6556797,-9.029223,3.1063404
332018977,1,3,-7.853269,-7.8951817,2.3998096
332018987,1,3,-7.629335,-6.4497876,1.8202149
332018997,1,3,-7.084468,-4.9217653,1.9315833
332019007,1,3,-6.2881236,-3.4751732,2.3052063
332019017,1,3,-5.2247353,-1.9627185,2.8668385
332019027,1,3,-4.0583606,-0.34608033,2.7770252
332019036,1,3,-2.7758276,1.0286609,2.1076171
332019046,1,3,-1.6022681,1.8920654,0.7688013
332019056,1,3,-0.5640271,2.2800586,-0.7807764
332019066,1,3,-0.12693603,1.9842737,-2.015409
332019076,1,3,-0.25027955,1.4418018,-2.5207582
332019086,1,3,-0.49097902,1.1208692,-2.7351122
332019096,1,3,-0.76640624,0.7867639,-2.997367
332019105,1,3,-1.0514135,0.5556445,-2.9985645
332019115,1,3,-0.65264285,0.5005591,-3.4500256
332019125,1,3,-0.2694397,0.8825647,-2.5590785
332019135,1,3,0.3568579,0.8801697,-3.014132
332019145,1,3,0.9472302,0.9807605,-3.2236962
332019155,1,3,1.22146,0.9627979,-3.422483
332019165,1,3,1.2633728,0.42751098,-3.7266505
332019175,1,3,1.0957215,-0.6394702,-3.9913
332019184,1,3,0.97597045,-1.9555335,-4.0260277
332019194,1,3,0.95321774,-2.8129504,-4.022435
332019204,1,3,1.1843371,-3.373385,-4.235592
332019214,1,3,1.1843371,-3.859574,-4.740941
332019224,1,3,0.9316626,-4.7349534,-5.034331
332019234,1,3,0.35326537,-6.3132715,-5.0558863
332019244,1,3,-0.19279908,-8.260423,-5.269043
332019254,1,3,-0.9520203,-10.451865,-5.0918117
332019263,1,3,-1.6322058,-12.626543,-4.5780797
332019273,1,3,-2.2165906,-14.592854,-3.737428
332019283,1,3,-2.77463,-15.89335,-3.4823585
332019293,1,3,-3.6045043,-16.65257,-2.8967762
332019303,1,3,-4.8008165,-17.598604,-2.327959
332019313,1,3,-5.974376,-19.075132,-1.5914905
332019323,1,3,-6.974297,-20.207977,-1.0178833
332019333,1,3,-7.33355,-20.344494,-0.8969348
332019342,1,3,-7.3000197,-19.963686,-1.4789245
332019352,1,3,-6.74198,-19.391275,-2.203418
332019362,1,3,-6.3048887,-18.962566,-3.4919386
332019372,1,3,-6.194718,-18.802101,-4.485872
332019382,1,3,-6.8138304,-19.017653,-4.87626
332019392,1,3,-7.408993,-18.483562,-4.9085927
332019402,1,3,-7.667655,-16.943565,-3.8535864
332019412,1,3,-7.296427,-14.661112,-2.525548
332019421,1,3,-6.595884,-12.624148,-1.5184424
332019442,1,3,-5.51573,-11.200309,-2.46208
332019452,1,3,-4.390071,-10.940449,-3.9170544
332019461,1,3,-3.4512231,-12.112811,-5.0822315
332019471,1,3,-2.9231215,-13.712685,-5.9276733
332019481,1,3,-2.572251,-14.328204,-5.533693
332019491,1,3,-1.5148499,-13.620476,-5.48699
332019501,1,3,-0.3568579,-13.270803,-5.5827904
332019511,1,3,-0.10178833,-13.958174,-5.154082
332019521,1,3,-0.26584718,-14.892231,-4.6008325
332019531,1,3,-0.6119275,-15.405963,-3.4440382
332019540,1,3,-1.2094848,-15.469431,-2.753075
332019550,1,3,-2.0764818,-14.689853,-2.7315197
332019560,1,3,-2.8512707,-13.790523,-2.2728736
332019570,1,3,-3.5446289,-13.294753,-1.3244458
332019580,1,3,-4.3122325,-12.820539,-0.2694397
332019590,1,3,-5.357659,-11.654165,0.8454419
332019600,1,3,-6.227051,-10.183623,1.7938696
332019610,1,3,-7.0976405,-8.744216,2.7410998
332019619,1,3,-7.9670324,-8.678353,3.1841784
332019629,1,3,-9.319021,-9.674682,4.372108
332019639,1,3,-10.655442,-10.280622,4.980443
332019649,1,3,-11.311677,-10.176438,4.8020144
332019659,1,3,-11.692486,-10.338101,4.4176135
332019669,1,3,-11.640992,-10.764416,4.0415955
332019679,1,3,-11.1883335,-11.299702,3.67875
332019689,1,3,-10.293794,-11.121273,2.943479
332019698,1,3,-8.923842,-10.672207,2.3135889
332019708,1,3,-7.3778577,-10.201586,2.095642
332019718,1,3,-6.1623855,-9.651929,2.088457
332019728,1,3,-5.046306,-8.182584,1.9603235
332019738,1,3,-3.5362463,-6.268964,1.5232325
332019748,1,3,-2.2201831,-4.2248144,0.69575316
332019758,1,3,-0.9963281,-2.3195765,-0.33650026
332019767,1,3,0.20716919,-0.7137158,-1.2322376
332019777,1,3,1.526825,1.2011023,-2.3171813
332019787,1,3,2.7997777,3.1362782,-3.551814
332019797,1,3,3.5194812,4.846322,-4.7864466
332019807,1,3,3.810476,5.867798,-5.7073317
332019817,1,3,3.8954992,6.255791,-6.192323
332019827,1,3,3.8260436,6.10251,-6.3923073
332019837,1,3,3.6823425,5.278623,-6.342012
332019846,1,3,3.2045362,4.4882665,-5.7707996
332019856,1,3,2.9147387,3.4021254,-5.315746
332019866,1,3,2.8812084,2.4141798,-4.9552956
332019876,1,3,2.887196,1.4609619,-4.5445495
332019886,1,3,2.8249254,0.735271,-4.390071
332019896,1,3,2.6979895,0.07544312,-4.2020617
332019906,1,3,2.3782544,-0.79394895,-4.1805067
332019916,1,3,2.102827,-1.6465759,-4.115841
332019925,1,3,1.5112573,-2.7770252,-4.0835085
332019935,1,3,0.9316626,-4.315825,-4.1050634
332019945,1,3,0.48738647,-6.3372216,-4.88584
332019955,1,3,-0.45026368,-8.200547,-4.435576
332019965,1,3,-1.3962964,-9.930948,-3.8978944
332019975,1,3,-2.1100123,-11.408675,-3.735033
332019985,1,3,-2.6165588,-12.292438,-3.37099
332019995,1,3,-3.0237122,-13.151052,-2.9243188
332020004,1,3,-3.4332604,-13.764177,-2.5483007
332020014,1,3,-3.9541771,-14.839541,-2.1710851
332020024,1,3,-4.7445335,-16.275354,-1.5807129
332020034,1,3,-5.53489,-17.377064,-1.0514135
332020044,1,3,-6.0665846,-18.01414,-0.9783655
332020054,1,3,-6.2354336,-17.836908,-0.90531737
332020064,1,3,-5.6330857,-17.1196,-1.0286609
332020074,1,3,-4.636758,-16.780704,-1.2693603
332020083,1,3,-3.5398388,-16.959133,-1.3400134
332020093,1,3,-3.002157,-17.324373,-1.4286292
332020103,1,3,-3.0165272,-17.492025,-1.4130615
332020113,1,3,-3.37099,-17.005836,-1.6262183
332020123,1,3,-4.1637416,-16.52803,-1.5639478
332020133,1,3,-4.731361,-15.98915,-0.93884766
332020143,1,3,-4.839137,-15.32094,0.2335144
332020159,1,3,-4.531377,-14.336587,1.2717553
332020169,1,3,-3.8212538,-13.159435,2.0405567
332020179,1,3,-3.3697925,-11.727213,2.2261705
332020188,1,3,-3.0177245,-10.535691,2.1962328
332020198,1,3,-3.126698,-9.44955,1.7543519
332020208,1,3,-3.5290613,-8.802895,0.9029224
332020218,1,3,-4.014053,-8.81008,0.34727782
332020228,1,3,-4.782854,-9.271121,-0.069455564
332020238,1,3,-5.6079383,-10.001601,-0.5269043
332020248,1,3,-6.3515916,-10.611134,-0.90531737
332020258,1,3,-7.084468,-11.514056,-1.2082874
332020267,1,3,-7.9993653,-12.771441,-1.4861096
332020277,1,3,-9.101074,-14.179713,-1.5795153
332020287,1,3,-10.130933,-15.22514,-1.3974938
332020297,1,3,-11.074571,-15.077846,-1.0466236
332020307,1,3,-11.4134655,-14.461128,-0.34488282
332020317,1,3,-11.393108,-13.723462,0.46104127
332020327,1,3,-11.037448,-13.201347,1.0765613
332020337,1,3,-10.662627,-12.991783,1.7447717
332020346,1,3,-10.019565,-12.959451,2.2441332
332020356,1,3,-9.614806,-13.164225,2.5494983
332020366,1,3,-9.196875,-13.046869,2.5614734
332020376,1,3,-8.705896,-12.458892,2.4932153
332020386,1,3,-8.164621,-11.662548,2.4393275
332020396,1,3,-7.477251,-10.450667,2.3159838
332020406,1,3,-6.7551527,-9.1130495,2.098037
332020415,1,3,-6.124065,-8.013736,1.971101
332020425,1,3,-5.670209,-7.047345,1.8645227
332020435,1,3,-5.053491,-5.9863515,1.6405884
332020445,1,3,-4.581672,-5.102589,1.3675561
332020455,1,3,-4.2319994,-4.211642,1.108894
332020465,1,3,-3.9625597,-3.629652,0.80233157
332020475,1,3,-3.8871167,-3.3302746,0.45026368
332020485,1,3,-4.0655456,-3.1422656,0.025147704
332020494,1,3,-4.3134303,-3.1482532,-0.38919067
332020504,1,3,-4.54934,-3.3985326,-0.42391846
332020514,1,3,-4.580475,-3.290757,-0.16884887
332020524,1,3,-4.2763076,-2.7351122,-0.05508545
332020534,1,3,-3.8811293,-1.726809,-0.5712122
332020544,1,3,-3.5386415,-0.64665526,-1.3040881
332020554,1,3,-3.3482373,-0.183219,-2.0872595
332020564,1,3,-3.9098694,-0.50774413,-2.577041
332020573,1,3,-4.6427455,-1.3915063,-3.3206947
332020583,1,3,-5.2259326,-2.630929,-3.317102
332020593,1,3,-5.5756054,-4.315825,-3.150648
332020603,1,3,-5.606741,-6.037844,-2.694397
332020613,1,3,-5.540878,-7.7347155,-2.6884093
332020623,1,3,-5.9061184,-9.13221,-2.4441175
332020633,1,3,-6.7826953,-9.897418,-2.5123756
332020643,1,3,-7.811356,-10.10339,-2.6536818
332020652,1,3,-8.297545,-9.72378,-2.6117687
332020662,1,3,-7.9035645,-8.908276,-2.5195606
332020672,1,3,-7.180269,-7.749086,-2.015409
332020682,1,3,-6.292914,-6.7683253,-1.2298425
332020692,1,3,-5.410349,-5.774392,-0.5484595
332020702,1,3,-4.946913,-5.3241286,0.35087037
332020712,1,3,-4.3840833,-4.716991,0.5137317
332020721,1,3,-4.2882824,-4.5457473,0.7197034
332020731,1,3,-4.311035,-4.709806,0.88974977
332020741,1,3,-4.6894484,-5.661826,1.23104
332020751,1,3,-4.9061975,-6.6964746,1.4238391
332020761,1,3,-5.26066,-7.955057,1.2561878
332020771,1,3,-5.605543,-9.432784,1.5172448
332020781,1,3,-5.9216857,-10.637479,1.5220349
332020791,1,3,-6.082152,-11.876902,1.5483801
332020806,1,3,-6.2078905,-13.069622,1.6405884
332020816,1,3,-6.060597,-13.84441,1.3268409
332020826,1,3,-5.5780005,-14.08511,0.5783972
332020836,1,3,-5.277426,-14.868281,1.111289
332020846,1,3,-4.9720607,-15.984361,2.2944288
332020856,1,3,-4.6666956,-16.844172,3.3254845
332020866,1,3,-4.2487645,-16.678917,4.079916
332020875,1,3,-3.791316,-16.033459,4.3565407
332020885,1,3,-3.8200562,-15.536491,3.920647
332020895,1,3,-3.8907092,-15.135326,3.446433
332020905,1,3,-4.0679407,-15.148499,2.7638526
332020915,1,3,-4.0487804,-14.976057,2.020199
332020925,1,3,-3.9314246,-14.608421,1.5603552
332020935,1,3,-3.5877392,-14.453943,1.1735595
332020944,1,3,-3.0201197,-14.209651,1.2250525
332020954,1,3,-2.0848646,-13.7629795,0.48259643
332020964,1,3,-1.7136365,-13.509108,0.040715333
332020974,1,3,-1.7100439,-13.871953,-1.0550061
332020984,1,3,-1.8118323,-14.461128,-2.6764343
332020994,1,3,-2.2333558,-15.008389,-4.30864
332021004,1,3,-2.5315356,-15.172449,-5.932463
332021014,1,3,-2.7410998,-14.68626,-7.1443434
332021023,1,3,-2.450105,-14.907799,-8.181387
332021033,1,3,-2.3447242,-17.804575,-8.638836
332021043,1,3,-2.7866051,-20.300186,-8.316706
332021053,1,3,-2.8560607,-19.89423,-8.825647
332021063,1,3,-2.4010072,-16.931591,-9.861493
332021073,1,3,-1.8190173,-14.058764,-10.899734
332021083,1,3,-1.3675561,-12.019405,-11.481724
332021093,1,3,-0.92807007,-10.805131,-11.498488
332021102,1,3,-0.3544629,-10.081835,-11.133248
332021112,1,3,0.0981958,-9.866283,-10.274633
332021122,1,3,0.671803,-10.336905,-9.311836
332021132,1,3,0.90411985,-10.909314,-7.93949
332021142,1,3,0.89334226,-10.863809,-6.524033
332021152,1,3,0.5676196,-10.541678,-5.597161
332021162,1,3,0.366438,-9.307046,-4.7229786
332021172,1,3,0.081430666,-7.96823,-3.7458105
332021181,1,3,-0.25387207,-6.781498,-2.7399023
332021191,1,3,-0.5233118,-5.7348742,-1.9064355
332021201,1,3,-0.864602,-4.6906457,-1.3040881
332021211,1,3,-1.1100916,-3.8775365,-0.72808594
332021221,1,3,-1.2729529,-3.0931678,-0.5664221
332021231,1,3,-1.1663746,-1.9878662,-0.57959473
332021241,1,3,-1.0645862,-1.0729687,-0.9412427
332021251,1,3,-0.9831555,-0.17962646,-1.0106982
332021260,1,3,-0.9136999,0.50774413,-0.91489744
332021270,1,3,-0.6885681,1.1759546,-1.0442286
332021280,1,3,-0.4921765,1.6106507,-1.2573853
332021290,1,3,-0.44547364,2.0501368,-1.3340259
332021300,1,3,-0.49936157,2.0920496,-1.3927039
332021310,1,3,-0.52091676,2.2094054,-1.4106665
332021320,1,3,-0.7244934,2.2070105,-1.4034815
332021330,1,3,-0.92328,2.086062,-1.284928
332021339,1,3,-1.1867322,1.9543359,-1.3208532
332021349,1,3,-1.3795313,2.032174,-1.5699353
332021359,1,3,-1.3376184,1.9902612,-1.8441651
332021369,1,3,-1.2741504,1.9088305,-1.8717078
332021379,1,3,-1.2154725,1.2154725,-1.7280066
332021389,1,3,-1.0550061,0.366438,-1.5208374
332021399,1,3,-1.0813513,-0.68377805,-0.97716796
332021409,1,3,-1.3016931,-1.8992505,-0.16286133
332021418,1,3,-1.719624,-3.1602283,0.46942383
332021428,1,3,-1.9926562,-5.1361194,0.6753955
332021438,1,3,-2.5471032,-7.36708,1.3723462
332021448,1,3,-3.1614258,-9.216035,2.0309765
332021458,1,3,-3.2105236,-10.526111,2.032174
332021468,1,3,-2.9518616,-10.844648,1.8034497
332021478,1,3,-2.46687,-10.722503,1.8154248
332021487,1,3,-1.8250049,-10.615924,1.5711328
332021497,1,3,-1.4849122,-11.027867,1.3495935
332021507,1,3,-2.0130138,-11.536809,1.3160633
332021517,1,3,-3.1111305,-12.913945,1.040636
332021527,1,3,-4.3768983,-15.337705,0.45744872
332021537,1,3,-5.0259485,-17.891993,0.6730005
332021547,1,3,-5.157675,-19.481089,0.92807007
332021557,1,3,-4.9229627,-19.84154,1.4250367
332021566,1,3,-4.3685155,-18.785336,1.9040406
332021576,1,3,-3.747008,-16.686102,2.1136048
332021586,1,3,-2.899171,-14.274317,2.15432
332021596,1,3,-2.0944445,-12.571458,2.066902
332021606,1,3,-1.541195,-11.663745,2.0130138
332021616,1,3,-0.9951306,-11.547586,1.6178356
332021626,1,3,-0.58079225,-11.91163,0.98674804
332021636,1,3,-0.37482056,-12.487632,-0.0011975098
332021645,1,3,-0.16525635,-13.060041,-1.2490027
332021663,1,3,-0.21315674,-13.656402,-2.44292
332021673,1,3,-0.2694397,-14.37371,-3.5386415
332021683,1,3,-0.46104127,-15.086228,-4.3589354
332021693,1,3,-0.96399534,-15.762821,-5.3037705
332021703,1,3,-1.5998731,-16.007113,-6.1911254
332021713,1,3,-2.2261705,-15.621515,-6.724017
332021722,1,3,-2.4788451,-14.720987,-7.2569094
332021732,1,3,-2.9470716,-13.789325,-7.65089
332021742,1,3,-3.131488,-13.335468,-7.8149486
332021752,1,3,-2.699187,-13.299543,-8.115523
332021762,1,3,-1.9722986,-13.746215,-8.096363
332021772,1,3,-1.3040881,-13.891113,-8.174202
332021782,1,3,-0.92328,-13.4648,-8.320298
332021792,1,3,-0.8562195,-12.678036,-8.358618
332021801,1,3,-0.80113405,-11.914024,-8.18977
332021811,1,3,-0.7879614,-10.917697,-7.904762
332021821,1,3,-0.8143066,-10.13213,-6.927594
332021831,1,3,-0.58558226,-9.187295,-5.8881555
332021841,1,3,-0.2802173,-8.329878,-4.8379393
332021851,1,3,-0.04670288,-7.6963954,-3.9829175
332021861,1,3,0.16405883,-7.1287756,-3.2847693
332021871,1,3,0.18800904,-6.861731,-2.6740394
332021880,1,3,0.11855347,-6.6282167,-2.4608827
332021890,1,3,-0.05628296,-6.7132397,-2.227368
332021900,1,3,-0.183219,-6.7407823,-2.2022204
332021910,1,3,-0.19998413,-6.582711,-2.1902454
332021920,1,3,-0.20716919,-6.4869103,-2.4081922
332021930,1,3,0.05987549,-6.508466,-2.7303224
332021940,1,3,0.1353186,-6.7335973,-3.051255
332021950,1,3,0.23950195,-6.998247,-2.9231215
332021959,1,3,0.24069947,-7.1120105,-2.950664
332021969,1,3,0.30776,-6.956334,-2.962639
332021979,1,3,0.39517823,-6.8808913,-3.248844
332021989,1,3,0.31015503,-6.6797094,-3.4188905
332021999,1,3,0.22992188,-6.7683253,-3.6919227
332022009,1,3,-0.0035925293,-7.1215906,-3.8404138
332022019,1,3,-0.25506958,-7.94907,-3.8607714
332022029,1,3,-0.7496411,-9.040001,-3.9014869
332022038,1,3,-1.0538086,-10.153686,-3.7410204
332022048,1,3,-1.3699511,-10.856624,-3.6488123
332022058,1,3,-1.6238233,-11.408675,-3.5446289
332022068,1,3,-1.6621436,-11.359577,-3.2320788
332022078,1,3,-1.595083,-10.976375,-3.2153137
332022088,1,3,-1.3268409,-10.671009,-3.0596375
332022098,1,3,-0.92687255,-10.708133,-2.6764343
332022108,1,3,-0.66701293,-10.803933,-2.3626869
332022117,1,3,-0.45744872,-10.848241,-2.2369483
332022127,1,3,-0.22632934,-10.917697,-2.2537134
332022137,1,3,-0.067060545,-10.746452,-2.2824535
332022147,1,3,0.16166382,-10.591974,-2.379452
332022157,1,3,0.34248778,-10.300979,-2.5315356
332022167,1,3,0.65623534,-10.027946,-2.579436
332022177,1,3,0.82867676,-9.708212,-2.5806336
332022187,1,3,0.9963281,-9.5214,-2.711162
332022196,1,3,0.98195803,-9.231603,-2.7638526
332022206,1,3,0.91130495,-9.16095,-2.8333082
332022216,1,3,0.79993653,-8.98731,-2.9638367
332022226,1,3,0.671803,-8.865165,-2.875221
332022236,1,3,0.554447,-8.668774,-2.8788135
332022246,1,3,0.61791503,-8.668774,-2.8728259
332022256,1,3,0.5053491,-8.946595,-2.689607
332022266,1,3,0.23830444,-9.044791,-2.494413
332022275,1,3,0.06346802,-9.040001,-2.3171813
332022285,1,3,-0.05149292,-8.931027,-2.269281
332022295,1,3,-0.12573853,-9.012459,-2.3734643
332022305,1,3,-0.44547364,-9.115444,-2.3698719
332022315,1,3,-0.7137158,-9.3872795,-2.2381458
332022325,1,3,-1.0274634,-9.687854,-2.0561242
332022335,1,3,-1.3795313,-9.72378,-2.2608984
332022345,1,3,-1.8729053,-9.855505,-2.591411
332022354,1,3,-2.347119,-9.80521,-3.0488598
332022364,1,3,-2.6788294,-9.879456,-3.39015
332022374,1,3,-3.0057495,-9.946516,-3.556604
332022384,1,3,-3.1997461,-10.057884,-3.3350646
332022394,1,3,-3.3206947,-10.365644,-2.9327013
332022404,1,3,-3.6751575,-10.612331,-2.266886
332022414,1,3,-3.9685473,-10.827884,-1.5843054
332022424,1,3,-4.435576,-10.929671,-1.0083032
332022433,1,3,-5.0798364,-10.712922,-0.803529
332022443,1,3,-5.6833816,-10.357262,-0.5269043
332022453,1,3,-6.085745,-10.002799,-0.5640271
332022463,1,3,-6.3611717,-9.626781,-0.5221143
332022473,1,3,-6.446195,-9.156159,-0.80113405
332022483,1,3,-6.564749,-8.792117,-0.86579955
332022493,1,3,-6.4964905,-8.455616,-0.64545774
332022503,1,3,-6.300099,-8.169412,-0.50774413
332022512,1,3,-5.982759,-8.086783,-0.18202148
332022522,1,3,-5.6270986,-7.909552,0.11735596
332022532,1,3,-5.0666637,-7.732321,0.23471192
332022542,1,3,-4.691843,-7.4904237,0.39637575
332022552,1,3,-4.414021,-7.2557116,0.38320312
332022562,1,3,-4.2080493,-7.1024303,0.5029541
332022572,1,3,-4.2032595,-7.094048,0.43469605
332022582,1,3,-4.0906935,-7.0078273,0.37242553
332022591,1,3,-3.969745,-6.9048414,0.12933105
332022601,1,3,-3.7901185,-6.805448,-0.029937744
332022611,1,3,-3.4943335,-6.622229,-0.1353186
332022621,1,3,-3.3290772,-6.284531,-0.34608033
332022631,1,3,-3.0955627,-6.0761647,-0.5269043
332022641,1,3,-2.8644433,-5.889353,-0.49576905
332022651,1,3,-2.6776319,-5.708529,-0.6143225
332022660,1,3,-2.6141639,-5.532495,-0.72808594
332022670,1,3,-2.6836195,-5.229525,-0.6430628
332022680,1,3,-2.577041,-4.9552956,-0.54366946
332022690,1,3,-2.6512866,-4.757706,-0.44427612
332022700,1,3,-2.5890162,-4.7133985,-0.028740235
332022710,1,3,-2.5997937,-4.5205994,0.25506958
332022720,1,3,-2.6345215,-4.3445654,0.6322852
332022730,1,3,-2.5650659,-4.1781116,0.90531737
332022739,1,3,-2.5638685,-4.0392003,1.1639795
332022749,1,3,-2.7363098,-4.00567,1.2082874
332022759,1,3,-2.9075537,-4.064348,1.6046631
332022769,1,3,-3.1183155,-4.2655296,2.1255798
332022779,1,3,-3.4260755,-4.637955,2.8512707
332022789,1,3,-3.735033,-5.1289344,2.821333
332022799,1,3,-3.9757323,-5.611531,2.4608827
332022809,1,3,-3.9386096,-6.2941113,1.3567786
332022818,1,3,-3.7829332,-7.4006104,0.21315674
332022828,1,3,-3.822451,-9.467512,-1.0178833
332022838,1,3,-4.070336,-11.626622,-2.3650818
332022848,1,3,-4.3768983,-13.461207,-2.4560926
332022858,1,3,-4.8032117,-15.087425,-2.1064196
332022868,1,3,-5.127737,-15.814314,-1.1999048
332022878,1,3,-5.779182,-16.021482,0.20836669
332022888,1,3,-7.132368,-16.613052,2.227368
332022897,1,3,-8.7334385,-17.703985,4.399651
332022907,1,3,-9.720187,-18.245258,5.7288866
332022917,1,3,-10.0770445,-18.604511,5.882168
332022927,1,3,-9.821975,-18.788929,5.4259167
332022937,1,3,-9.109457,-18.73025,4.30864
332022947,1,3,-7.9430823,-18.167421,3.3817675
332022957,1,3,-6.6916847,-17.78781,2.3171813
332022967,1,3,-5.7025414,-17.222586,1.5256275
332022976,1,3,-4.9505053,-16.486116,0.7388635
332022986,1,3,-4.2799,-15.492184,0.05149292
332022996,1,3,-3.6847374,-14.966477,-1.3591735
332023006,1,3,-3.2272887,-14.771283,-3.3913476
332023016,1,3,-2.7422974,-15.0012045,-5.5468655
332023026,1,3,-2.2848487,-15.059883,-6.652167
332023036,1,3,-1.2645704,-15.310163,-7.139553
332023046,1,3,-0.55923706,-15.862214,-6.925199
332023055,1,3,-0.32692015,-16.91243,-5.82349
332023065,1,3,-0.4287085,-17.820143,-4.773274
332023075,1,3,-0.857417,-18.285975,-4.2415795
332023085,1,3,-1.595083,-17.583036,-3.8727465
332023095,1,3,-1.5471826,-16.203505,-3.6212695
332023105,1,3,-0.94842774,-14.589261,-3.6428246
332023115,1,3,-0.26704466,-13.095966,-3.2153137
332023125,1,3,0.41074586,-11.742781,-3.2955468
332023134,1,3,0.92567503,-10.450667,-3.2883618
332023144,1,3,1.169967,-9.25675,-3.5230737
332023154,1,3,1.0071057,-8.534652,-4.1397915
332023164,1,3,0.9340576,-7.4161777,-4.1170387
332023174,1,3,0.7496411,-6.8772984,-4.176914
332023184,1,3,0.5783972,-6.0641894,-4.357738
332023194,1,3,0.8837622,-4.888235,-3.7314405
332023204,1,3,0.99872315,-3.803291,-3.615282
332023213,1,3,0.96399534,-2.4417224,-3.436853
332023223,1,3,1.3124707,-1.2178674,-3.5230737
332023233,1,3,1.2981006,-0.42152345,-4.2367897
332023243,1,3,1.3747412,-0.0371228,-4.6008325
332023253,1,3,1.411864,-0.2323169,-4.31822
332023263,1,3,1.3795313,-0.15567628,-3.6021094
332023273,1,3,1.2154725,0.062270507,-2.5962012
332023283,1,3,0.791554,0.082628176,-1.651366
332023292,1,3,0.5185217,0.1484912,-0.76161623
332023302,1,3,0.19998413,-0.026345216,0.37362304
332023312,1,3,0.3185376,-0.3927832,1.0154883
332023322,1,3,0.7472461,-0.49816406,0.7256909
332023332,1,3,0.5149292,-0.42751098,0.5281018
332023342,1,3,-0.10538086,-0.4263135,0.77718383
332023352,1,3,-0.8634045,-0.44427612,0.88974977
332023361,1,3,-1.4286292,-0.61911255,0.3676355
332023371,1,3,-1.9471508,-1.1567944,-0.26704466
332023381,1,3,-2.5207582,-1.8238074,-0.43828857
332023391,1,3,-2.626139,-2.6345215,-0.19998413
332023401,1,3,-2.809358,-3.6212695,0.33410522
332023411,1,3,-2.870431,-4.707411,0.7927515
332023421,1,3,-2.9159362,-5.86181,0.8849597
332023431,1,3,-3.258424,-6.9287915,0.60713744
332023440,1,3,-3.7050953,-7.7622585,-0.37122804
332023450,1,3,-3.9445972,-8.589738,-1.2502002
332023460,1,3,-4.184099,-9.123827,-2.2261705
332023470,1,3,-3.9410048,-9.283095,-3.1638207
332023480,1,3,-3.739823,-9.400452,-3.239264
332023490,1,3,-3.6727624,-9.399254,-2.6728418
332023500,1,3,-3.4679883,-9.268725,-1.5052698
332023510,1,3,-3.6799476,-8.861572,-1.2885205
332023519,1,3,-4.1709266,-9.309441,-1.1053015
332023529,1,3,-4.7672863,-10.665022,-1.101709
332023539,1,3,-5.344486,-12.087664,-0.6825806
332023549,1,3,-5.542075,-12.976215,-0.2215393
332023559,1,3,-5.088219,-12.929513,-0.15567628
332023569,1,3,-4.3493557,-12.727134,-0.368833
332023579,1,3,-3.8679566,-12.951068,-0.69096315
332023589,1,3,-3.810476,-13.19536,-0.85023195
332023598,1,3,-3.98651,-13.612094,-1.3807287
332023608,1,3,-4.2834926,-13.915064,-1.9112256
332023635,1,3,-4.519402,-14.0443945,-2.3638842
332023645,1,3,-4.3864784,-14.179713,-2.562671
332023655,1,3,-4.133804,-14.191689,-2.4920177
332023665,1,3,-3.7003052,-14.356945,-2.6213489
332023675,1,3,-3.0859826,-14.158158,-2.6536818
332023685,1,3,-2.9219239,-14.053974,-3.0692174
332023695,1,3,-2.7147546,-14.3749075,-3.3326697
332023704,1,3,-2.703977,-14.889836,-3.6045043
332023714,1,3,-2.8656409,-14.828763,-3.7134778
332023724,1,3,-2.938689,-14.283896,-3.9026842
332023734,1,3,-2.9422815,-13.427677,-4.5445495
332023744,1,3,-2.9698243,-13.153447,-5.2343154
332023754,1,3,-2.699187,-13.355826,-5.8019347
332023764,1,3,-2.193838,-14.303057,-6.2881236
332023774,1,3,-1.6417859,-15.7185135,-6.3791347
332023783,1,3,-0.6777905,-16.995058,-6.170768
332023793,1,3,0.15088624,-18.165026,-5.7372694
332023803,1,3,0.63468015,-18.606907,-4.4583287
332023813,1,3,1.3879138,-18.785336,-5.0594788
332023823,1,3,1.0011182,-17.714762,-4.1290135
332023833,1,3,0.7256909,-16.062199,-3.4967284
332023843,1,3,1.104104,-14.982044,-3.3638048
332023853,1,3,1.5603552,-14.095887,-2.8500733
332023862,1,3,1.7663269,-13.462405,-1.961521
332023872,1,3,2.269281,-12.654086,-1.472937
332023882,1,3,2.6153612,-11.338022,-1.5052698
332023892,1,3,2.8680358,-9.259146,-1.5184424
332023902,1,3,2.9853919,-7.8640466,-2.4022045
332023912,1,3,2.8919861,-7.077283,-3.297942
332023922,1,3,2.6153612,-6.667734,-3.7242553
332023932,1,3,1.9866687,-6.890471,-3.0931678
332023941,1,3,1.5376025,-6.5683413,-2.222578
332023951,1,3,1.1340418,-5.5456676,-1.4609619
332023961,1,3,1.1687695,-4.108656,-1.3687537
332023971,1,3,1.0083032,-2.4584875,-1.6836988
332023981,1,3,0.86220706,-1.1543994,-2.2309606
332023991,1,3,0.54606444,-0.2562671,-2.8536658
332024001,1,3,0.36164796,0.19878662,-3.7146752
332024011,1,3,0.0011975098,0.28620484,-4.2810974
332024020,1,3,-0.27303222,0.064665526,-4.509822
332024030,1,3,-0.7723938,-0.8262817,-3.6332445
332024040,1,3,-1.651366,-3.422483,-2.2189856
332024050,1,3,-2.2165906,-6.452183,-1.0466236
332024060,1,3,-1.3316308,-7.3491173,0.33889526
332024070,1,3,-0.033530273,-6.9874697,-1.228645
332024080,1,3,0.5149292,-6.1073,-2.9770093
332024089,1,3,0.22872436,-5.5193224,-4.8894324
332024099,1,3,-0.19758911,-5.576803,-5.364844
332024109,1,3,-0.8849597,-6.262976,-4.6415477
332024119,1,3,-1.3232483,-7.501201,-4.1314087
332024129,1,3,-1.22146,-8.538244,-3.6871326
332024139,1,3,-1.1352392,-9.188493,-2.941084
332024149,1,3,-1.3172607,-9.3453665,-2.802173
332024159,1,3,-1.6848962,-9.765692,-2.7961853
332024168,1,3,-2.1267774,-10.424322,-3.0081446
332024178,1,3,-2.8177404,-11.445798,-2.43813
332024188,1,3,-3.6895275,-12.722343,-1.5376025
332024198,1,3,-4.174519,-14.235996,-0.85023195
332024208,1,3,-4.340973,-14.565311,-0.32692015
332024218,1,3,-4.1302114,-13.412109,0.05987549
332024228,1,3,-3.3482373,-11.446996,-0.03592529
332024238,1,3,-2.4321423,-9.821975,-0.15088624
332024247,1,3,-1.663341,-9.1202345,-0.43828857
332024257,1,3,-1.111289,-8.960965,-0.2574646
332024267,1,3,-0.920885,-9.370514,0.42391846
332024277,1,3,-1.0502161,-10.399175,1.0226734
332024293,1,3,-1.2657678,-11.530822,1.6932788
332024303,1,3,-1.7579443,-12.424164,2.6716442
332024313,1,3,-2.3782544,-13.321098,3.3745825
332024323,1,3,-2.6009912,-13.636044,3.417693
332024332,1,3,-2.339934,-14.083912,3.6703675
332024342,1,3,-2.0680993,-14.784455,4.084706
332024352,1,3,-1.9543359,-15.140116,3.718268
332024362,1,3,-1.8010547,-14.849121,3.5937269
332024372,1,3,-1.6142431,-15.385606,3.6392322
332024382,1,3,-1.3819263,-15.756833,3.2859669
332024392,1,3,-1.2058923,-16.749569,3.4943335
332024402,1,3,-1.2370276,-18.452429,2.8596532
332024411,1,3,-0.92687255,-18.69193,2.6955945
332024421,1,3,-0.26345214,-18.108742,2.0800745
332024431,1,3,0.013172608,-16.94117,1.895658
332024441,1,3,0.05269043,-16.231047,1.7519568
332024451,1,3,0.0023950196,-15.57601,1.8513501
332024461,1,3,-0.0981958,-15.049106,1.8321899
332024471,1,3,-0.3221301,-14.794036,1.8753003
332024481,1,3,-0.45744872,-14.815591,2.3770568
332024490,1,3,-0.6861731,-14.790443,2.339934
332024500,1,3,-1.0214758,-14.309044,2.5471032
332024510,1,3,-1.4322217,-13.636044,2.9482691
332024520,1,3,-1.6549585,-12.870835,3.0285022
332024530,1,3,-2.1806653,-11.820619,2.9590466
332024540,1,3,-2.8716285,-10.922486,2.8476782
332024550,1,3,-3.0308971,-10.37762,3.1255004
332024559,1,3,-3.624862,-9.954899,2.718347
332024569,1,3,-4.2930727,-9.73815,2.5973988
332024579,1,3,-5.400769,-10.129735,3.1159203
332024589,1,3,-6.4725404,-10.987152,4.362528
332024599,1,3,-7.491621,-11.880494,6.610254
332024609,1,3,-8.534652,-12.537928,8.759784
332024619,1,3,-9.499845,-12.333153,8.786129
332024629,1,3,-9.59325,-11.540401,8.7334385
332024638,1,3,-9.286688,-11.072175,9.080716
332024648,1,3,-8.749006,-10.75723,9.639954
332024658,1,3,-6.995852,-9.968071,10.483001
332024668,1,3,-6.0689793,-8.568182,9.668694
332024678,1,3,-5.2498827,-6.3923073,9.48308
332024688,1,3,-4.93374,-4.501439,8.566985
332024698,1,3,-5.071454,-2.5734484,7.5862246
332024708,1,3,-5.16486,-0.979563,6.3527894
332024717,1,3,-5.372029,0.6885681,4.848717
332024727,1,3,-4.9648757,2.254911,2.7255323
332024737,1,3,-4.269122,3.7386255,0.54366946
332024747,1,3,-3.6116896,4.655918,-0.46343628
332024757,1,3,-3.2296839,4.291875,-0.81310916
332024767,1,3,-2.8165429,3.9901025,-0.2574646
332024777,1,3,-2.2381458,3.6991076,-0.4047583
332024787,1,3,-1.2825329,3.718268,-1.0945239
332024796,1,3,-0.7819739,4.3278003,-1.3400134
332024806,1,3,-0.5005591,4.4020457,-2.2285657
332024816,1,3,-0.70533323,4.077521,-3.5769618
332024826,1,3,-0.51971924,3.9194496,-3.7829332
332024836,1,3,-0.54606444,3.0201197,-3.9038818
332024846,1,3,-0.3293152,1.971101,-3.446433
332024856,1,3,-0.023950195,1.1064991,-2.9183314
332024865,1,3,0.44427612,0.3305127,-2.4884253
332024875,1,3,0.8945398,-0.15088624,-2.1639001
332024885,1,3,1.0741663,-0.57480466,-1.7507592
332024895,1,3,1.2118798,-1.0729687,-1.2406201
332024905,1,3,1.1915222,-1.5759228,-0.68018556
332024915,1,3,0.9699829,-2.198628,-0.36404297
332024925,1,3,0.69575316,-3.08239,-0.3544629
332024935,1,3,0.41074586,-4.0811133,0.13891113
332024944,1,3,-0.15208374,-5.0977993,1.0047107
332024954,1,3,-0.6215076,-6.5671434,1.1615845
332024964,1,3,-0.9244775,-7.6317296,1.1400293
332024974,1,3,-1.1579919,-8.279583,0.96519285
332024984,1,3,-1.3783337,-9.103469,0.4394861
332024994,1,3,-1.4908997,-10.199191,-0.21076173
332025004,1,3,-1.4513818,-11.573932,-0.41912842
332025014,1,3,-1.2681628,-12.7079735,-0.7149133
332025023,1,3,-1.0322534,-13.384566,-0.45864624
332025033,1,3,-0.7640112,-13.880336,-0.041912843
332025043,1,3,-0.8310718,-14.493461,-0.14130615
332025053,1,3,-1.0693762,-15.259867,-0.47660887
332025063,1,3,-1.5495776,-15.725698,-0.6658154
332025073,1,3,-2.090852,-16.01789,-0.71730834
332025083,1,3,-2.6464965,-16.257393,-0.53049684
332025093,1,3,-2.806963,-16.347206,-0.368833
332025102,1,3,-2.7662475,-16.16758,-0.31374756
332025112,1,3,-2.5243506,-16.17716,-0.4670288
332025122,1,3,-2.6009912,-16.645386,-0.7544311
332025139,1,3,-2.7566674,-17.203424,-1.219065
332025149,1,3,-3.1015503,-17.54232,-1.6082556
332025159,1,3,-3.6476147,-18.021324,-1.9830762
332025169,1,3,-3.8416114,-18.12431,-2.3004162
332025179,1,3,-3.9960902,-17.909956,-2.13037
332025189,1,3,-4.0320153,-17.472864,-2.1159997
332025199,1,3,-3.8440063,-16.708855,-1.8022522
332025209,1,3,-3.6607873,-15.928078,-1.3088782
332025218,1,3,-3.4284704,-15.415544,-0.96399534
332025228,1,3,-3.5230737,-14.550941,-0.55324954
332025238,1,3,-3.6500099,-13.961766,-0.13412109
332025248,1,3,-3.9398072,-13.900693,0.061072998
332025258,1,3,-4.198469,-14.045592,0.47660887
332025268,1,3,-4.388873,-14.63357,0.2802173
332025278,1,3,-4.4104285,-15.93167,0.26584718
332025288,1,3,-4.4894643,-17.319584,0.8454419
332025297,1,3,-4.536167,-18.269209,1.6214283
332025307,1,3,-4.90021,-18.808088,2.7267296
332025317,1,3,-5.2486854,-19.046392,3.98172
332025327,1,3,-5.7636147,-18.914667,4.907395
332025337,1,3,-6.446195,-19.006874,5.740862
332025347,1,3,-7.1096153,-19.428398,6.605464
332025357,1,3,-7.7981834,-19.697838,7.213799
332025367,1,3,-8.539442,-19.443966,7.7862086
332025376,1,3,-8.88193,-18.633251,8.23767
332025386,1,3,-9.321416,-16.981886,7.9837976
332025396,1,3,-9.747729,-13.906681,7.1455407
332025406,1,3,-9.539363,-9.716595,5.53968
332025416,1,3,-8.919053,-5.0103807,3.4823585
332025426,1,3,-7.8987746,-1.0418335,1.6226257
332025436,1,3,-6.6485744,1.9363732,0.18920654
332025445,1,3,-4.9864306,3.4919386,-0.22752686
332025455,1,3,-3.0500574,3.424878,-0.1101709
332025465,1,3,-1.108894,2.4920177,-0.26704466
332025475,1,3,0.14130615,1.9986438,0.062270507
332025485,1,3,1.3112732,2.0429516,0.36164796
332025495,1,3,2.2632935,2.8788135,-0.90531737
332025505,1,3,2.6836195,3.9386096,-2.7027795
332025515,1,3,3.1243029,4.701423,-4.2391844
332025524,1,3,2.5686584,4.6654983,-5.034331
332025534,1,3,1.7914746,4.176914,-6.0079064
332025544,1,3,1.169967,3.9050794,-6.2821364
332025554,1,3,1.1328442,3.2404613,-6.5108604
332025564,1,3,1.4202466,2.259701,-6.171965
332025574,1,3,1.5938855,1.3280383,-5.4390893
332025584,1,3,1.7100439,0.12693603,-4.1613464
332025594,1,3,1.4310242,-1.2597803,-2.6800268
332025603,1,3,1.0705737,-2.2465284,-1.6202307
332025613,1,3,0.52570677,-3.214116,-0.25027955
332025623,1,3,0.09580078,-4.3385777,0.8214917
332025633,1,3,-0.37601808,-5.2283278,1.8250049
332025643,1,3,-1.0885364,-5.676196,2.4201672
332025653,1,3,-1.5998731,-5.9073157,2.7949877
332025663,1,3,-1.7555493,-5.863008,2.870431
332025673,1,3,-1.956731,-5.3756213,3.002157
332025682,1,3,-1.8788928,-4.9085927,3.3350646
332025692,1,3,-1.6777111,-5.380411,3.730243
332025702,1,3,-1.8884729,-6.744375,4.655918
332025712,1,3,-2.506388,-8.608898,5.494175
332025722,1,3,-3.2009437,-10.172846,6.0546093
332025732,1,3,-3.735033,-11.053015,6.502478
332025742,1,3,-4.301455,-11.577524,6.421047
332025752,1,3,-4.939728,-12.264895,5.8977356
332025761,1,3,-5.670209,-13.250445,5.583988
332025771,1,3,-6.324049,-14.386883,5.7636147
332025781,1,3,-6.8258057,-15.052698,6.3048887
332025791,1,3,-7.3072047,-15.205979,6.5048733
332025801,1,3,-7.564669,-15.052698,6.5623536
332025811,1,3,-7.932305,-14.639557,6.4234424
332025821,1,3,-8.238867,-14.385685,6.270161
332025831,1,3,-8.503517,-14.44077,6.0641894
332025840,1,3,-8.493937,-14.138998,5.886958
332025857,1,3,-8.216114,-14.105468,5.410349
332025867,1,3,-7.7275305,-14.273119,5.4486694
332025877,1,3,-7.253317,-14.653927,5.8270826
332025886,1,3,-6.707252,-15.165264,6.3444066
332025896,1,3,-6.0474243,-15.644268,7.0689
332025906,1,3,-5.925278,-15.910114,7.6975927
332025916,1,3,-5.9516234,-16.064594,8.134684
332025926,1,3,-6.0330544,-15.505357,8.321495
332025936,1,3,-6.1252623,-14.715,8.053253
332025946,1,3,-5.81391,-13.511502,7.818541
332025955,1,3,-5.4881873,-12.085269,7.442523
332025965,1,3,-5.215155,-10.827884,6.9994445
332025975,1,3,-4.9229627,-9.650731,6.643784
332025985,1,3,-4.7445335,-8.93941,6.156398
332025995,1,3,-4.4834766,-8.296348,5.830675
332026005,1,3,-4.2727146,-7.919132,5.4738173
332026015,1,3,-4.1170387,-7.33834,4.942123
332026025,1,3,-3.9002893,-6.563551,4.214037
332026034,1,3,-3.9158568,-5.5995555,3.4200878
332026044,1,3,-3.9074743,-4.8475194,2.1902454
332026054,1,3,-3.8272412,-4.1852965,1.3184582
332026064,1,3,-3.9805224,-3.5087037,0.5724097
332026074,1,3,-4.1098537,-3.1470556,0.031135254
332026084,1,3,-4.077521,-2.6848168,-0.3544629
332026094,1,3,-3.9853125,-2.283651,-0.48499146
332026104,1,3,-3.7170703,-1.8561401,-0.6586304
332026113,1,3,-3.3638048,-1.663341,-0.70293826
332026123,1,3,-3.0979578,-1.4154565,-0.6586304
332026133,1,3,-2.9602442,-1.1747571,-0.6730005
332026143,1,3,-2.842888,-0.9927356,-0.74604857
332026153,1,3,-2.9698243,-1.0909314,-0.81191164
332026163,1,3,-3.0332923,-0.94962525,-0.77718383
332026173,1,3,-3.1985486,-0.9424402,-0.7101233
332026183,1,3,-3.2380664,-0.984353,-0.85142946
332026192,1,3,-3.3135095,-1.5747254,-0.6394702
332026202,1,3,-3.6009119,-2.3507116,-0.44427612
332026212,1,3,-3.7721558,-3.5637891,-0.016765136
332026222,1,3,-3.925437,-4.6475353,0.6706055
332026232,1,3,-4.254752,-5.8666005,1.3867164
332026242,1,3,-4.5792775,-6.8401756,1.7112415
332026252,1,3,-4.9229627,-7.4856334,1.8573376
332026262,1,3,-5.029541,-7.521559,1.7375866
332026271,1,3,-4.973258,-7.4006104,1.2406201
332026281,1,3,-4.8008165,-7.0245924,0.9831555
332026291,1,3,-4.484674,-6.5743284,0.9352551
332026301,1,3,-4.0882983,-6.5300207,1.3998889
332026311,1,3,-3.9122643,-6.991062,1.9351758
332026321,1,3,-3.9445972,-7.4030056,2.8081603
332026331,1,3,-4.103866,-7.8879967,3.7829332
332026340,1,3,-4.2260118,-8.52148,4.5625124
332026350,1,3,-4.6894484,-9.226812,5.6259007
332026360,1,3,-5.18881,-10.15608,6.495293
332026370,1,3,-5.812712,-11.547586,7.101233
332026380,1,3,-6.5527735,-12.401411,7.38145
332026390,1,3,-6.949149,-12.53673,7.1048255
332026400,1,3,-7.4293504,-12.336745,6.6186366
332026410,1,3,-7.795789,-12.087664,6.3839245
332026419,1,3,-8.0999565,-12.030183,6.1767554
332026429,1,3,-8.267608,-12.365486,6.170768
332026439,1,3,-8.49274,-12.94029,6.375542
332026449,1,3,-8.697514,-13.390554,6.6473765
332026459,1,3,-8.449629,-13.703104,7.0389624
332026469,1,3,-8.111931,-13.837225,7.5766444
332026479,1,3,-7.8005786,-13.553415,7.9131446
332026489,1,3,-7.2640944,-13.188175,8.235274
332026498,1,3,-6.955137,-12.655283,7.9107494
332026508,1,3,-6.7623377,-12.258907,7.225774
332026518,1,3,-6.6569567,-11.914024,6.4234424
332026528,1,3,-6.697672,-11.684103,5.4750147
332026538,1,3,-6.6282167,-11.262579,4.3421702
332026548,1,3,-6.2078905,-10.966794,3.4835558
332026558,1,3,-5.692961,-10.957214,2.9734168
332026568,1,3,-4.9612827,-11.177556,2.6213489
332026577,1,3,-4.429589,-11.965518,2.2094054
332026587,1,3,-3.9290295,-12.836107,1.8238074
332026597,1,3,-3.735033,-13.974939,1.233435
332026607,1,3,-3.3793726,-15.422729,0.6646179
332026617,1,3,-3.1111305,-16.981886,-0.16286133
332026627,1,3,-2.757865,-17.977016,-0.7089258
332026637,1,3,-2.2141955,-18.199753,-1.5052698
332026647,1,3,-1.7423767,-18.015337,-2.3830445
332026656,1,3,-1.2418176,-17.323175,-3.3470397
332026666,1,3,-1.0885364,-16.524437,-4.28469
332026676,1,3,-1.1987072,-15.779586,-4.821174
332026686,1,3,-1.1915222,-15.413148,-5.266648
332026696,1,3,-0.91609496,-15.513739,-5.50136
332026706,1,3,-0.38320312,-15.443086,-5.4271145
332026716,1,3,0.25506958,-15.410753,-5.2894006
332026726,1,3,0.98195803,-14.770085,-4.581672
332026735,1,3,1.6813037,-14.216836,-3.473976
332026745,1,3,2.0525317,-13.183385,-2.5243506
332026755,1,3,2.2525158,-12.18586,-1.3280383
332026765,1,3,2.2453308,-10.914104,-0.6251001
332026775,1,3,1.7974621,-9.414822,0.085023195
332026785,1,3,1.1100916,-7.9131446,0.49696654
332026795,1,3,0.36404297,-6.300099,0.6622229
332026805,1,3,-0.043110352,-4.804409,0.7723938
332026814,1,3,-0.5448669,-3.4212854,0.91489744
332026824,1,3,-0.85023195,-2.271676,0.48499146
332026834,1,3,-1.033451,-1.2525952,-0.041912843
332026844,1,3,-1.0202783,-0.549657,-0.49816406
332026854,1,3,-0.99872315,0.10178833,-0.75083864
332026864,1,3,-0.859812,0.85142946,-1.1160791
332026874,1,3,-0.5879773,1.3962964,-1.8585352
332026884,1,3,-0.39877075,1.783092,-1.3879138
332026893,1,3,-0.2706372,1.9519409,-1.7651294
332026903,1,3,-0.24429199,1.8022522,-1.8178198
332026913,1,3,-0.49576905,1.5771203,-1.5807129
332026923,1,3,-1.0226734,1.4178516,-1.2825329
332026933,1,3,-1.341211,1.7064514,-0.6753955
332026943,1,3,-1.4106665,2.0848646,-0.30057496
332026953,1,3,-1.465752,2.814148,-0.3197351
332026962,1,3,-1.6190332,3.6871326,-0.5652246
332026972,1,3,-1.8633252,4.428391,-0.3412903
332026982,1,3,-1.893263,4.8355446,-0.11496094
332026992,1,3,-1.9363732,4.59245,0.009580079
332027002,1,3,-2.0405567,3.6416273,0.48379394
332027012,1,3,-2.318379,1.5759228,1.6765137
332027022,1,3,-2.906356,-1.4130615,3.3314722
332027032,1,3,-4.340973,-5.1935997,5.6714063
332027041,1,3,-5.853428,-9.1130495,6.5048733
332027051,1,3,-6.375542,-11.597882,6.4473925
332027061,1,3,-6.540798,-12.424164,7.252119
332027071,1,3,-6.5551686,-12.454102,7.570657
332027081,1,3,-6.6354017,-13.3689995,7.6484947
332027091,1,3,-6.6641417,-13.859978,8.220904
332027101,1,3,-6.2737536,-14.36413,8.014933
332027111,1,3,-6.194718,-13.895904,7.6496925
332027120,1,3,-5.965994,-13.357024,7.0964427
332027130,1,3,-6.023474,-12.937896,6.803053
332027140,1,3,-5.9468336,-12.800182,6.7288074
332027150,1,3,-5.884563,-13.033696,7.514374
332027160,1,3,-5.9001307,-13.456417,8.510702
332027170,1,3,-5.830675,-13.7534,9.2256155
332027180,1,3,-5.909711,-13.7066965,9.268725
332027190,1,3,-5.9635987,-13.691129,9.313033
332027199,1,3,-5.8270826,-13.403727,9.217233
332027209,1,3,-5.5193224,-13.086387,8.893905
332027219,1,3,-5.027146,-12.663666,8.762179
332027229,1,3,-4.648733,-12.146341,8.431666
332027239,1,3,-4.4487486,-11.766731,7.97302
332027249,1,3,-4.30864,-11.202703,7.32397
332027259,1,3,-4.397256,-10.644665,6.4557753
332027269,1,3,-4.446354,-9.891431,5.374424
332027278,1,3,-4.4080334,-9.071136,4.4810815
332027301,1,3,-4.1517663,-8.095166,3.7697608
332027311,1,3,-3.8284388,-7.467671,3.2045362
332027321,1,3,-3.4667907,-7.3419323,2.7973828
332027331,1,3,-2.884801,-7.7766285,2.6213489
332027341,1,3,-2.4117846,-8.866363,2.618954
332027350,1,3,-1.971101,-9.972861,2.5926087
332027360,1,3,-1.343606,-11.200309,2.3447242
332027370,1,3,-0.82747924,-12.046948,2.1183949
332027380,1,3,-0.09340576,-12.450509,1.1567944
332027390,1,3,0.6993457,-12.996573,-0.29219237
332027400,1,3,1.7423767,-13.725857,-1.0873389
332027410,1,3,2.0417542,-16.028667,-1.4130615
332027420,1,3,1.2142749,-18.785336,-1.1412268
332027429,1,3,-0.008382568,-20.319345,-0.7424561
332027439,1,3,-0.45984375,-19.79843,-1.6190332
332027449,1,3,-0.58198977,-17.054934,-2.5962012
332027459,1,3,-0.34847534,-14.196478,-3.6260595
332027469,1,3,-0.18561402,-11.948752,-3.4021254
332027479,1,3,-0.21794678,-10.948832,-2.7985804
332027489,1,3,-0.38320312,-10.4494705,-2.1758752
332027498,1,3,-0.3903882,-9.784852,-1.0298584
332027508,1,3,-0.09460327,-8.634046,0.12933105
332027518,1,3,0.22752686,-7.122788,0.43709105
332027528,1,3,0.08981323,-5.812712,0.28979737
332027538,1,3,0.08861572,-4.6990285,0.029937744
332027548,1,3,-0.14130615,-3.5506165,0.56881714
332027558,1,3,-0.183219,-2.8488758,0.7927515
332027568,1,3,0.04670288,-2.1902454,0.5724097
332027577,1,3,0.09939331,-1.3974938,0.852627
332027587,1,3,0.27303222,-0.7747888,1.2430152
332027597,1,3,0.35087037,-0.2562671,1.2573853
332027607,1,3,0.5005591,0.19878662,1.2466077
332027617,1,3,0.4263135,0.6730005,1.3699511
332027627,1,3,0.20716919,1.096919,1.470542
332027637,1,3,0.14609618,1.2621753,1.592688
332027647,1,3,-0.05987549,1.2933105,1.9255958
332027656,1,3,-0.09340576,1.2525952,2.083667
332027666,1,3,-0.15088624,0.66701293,2.5315356
332027676,1,3,-0.14010864,-0.0742456,2.4189696
332027686,1,3,0.0490979,-0.81310916,2.2680836
332027696,1,3,0.14370117,-1.9076331,2.3950195
332027706,1,3,0.24788453,-3.7601807,2.6417065
332027716,1,3,0.2838098,-6.0905347,2.77463
332027726,1,3,0.4682263,-8.346643,3.7482057
332027735,1,3,0.8214917,-10.120155,4.797224
332027745,1,3,1.1256592,-11.323652,5.464237
332027755,1,3,1.299298,-12.293635,5.2115626
332027765,1,3,1.2154725,-13.086387,4.2882824
332027775,1,3,1.0526111,-13.418097,4.0200405
332027785,1,3,0.6478528,-12.970228,4.1074586
332027795,1,3,-0.09460327,-12.462484,4.531377
332027804,1,3,-0.5712122,-12.353511,4.9014072
332027814,1,3,-0.8945398,-11.898457,5.1924024
332027824,1,3,-0.8310718,-11.151211,5.442682
332027834,1,3,-0.9687854,-10.613529,5.877378
332027844,1,3,-1.2621753,-10.342892,6.218668
332027854,1,3,-1.8872753,-10.541678,6.358777
332027864,1,3,-2.6848168,-11.0757675,6.3539867
332027874,1,3,-3.2129188,-11.054213,6.1252623
332027883,1,3,-3.5110986,-11.043435,5.821095
332027893,1,3,-3.3530273,-10.905722,6.028264
332027903,1,3,-2.8656409,-10.656639,6.283334
332027913,1,3,-2.2405407,-10.401569,6.8006577
332027923,1,3,-1.8022522,-10.833871,7.509584
332027933,1,3,-1.6046631,-11.44939,7.531139
332027943,1,3,-1.3208532,-11.44939,7.7227407
332027952,1,3,-0.8478369,-10.936856,7.7886033
332027962,1,3,-0.3903882,-10.097403,7.8005786
332027972,1,3,-0.21555176,-9.620793,8.259225
332027982,1,3,-0.48259643,-9.49745,8.469987
332027992,1,3,-0.9951306,-9.554931,8.190967
332028002,1,3,-1.2454102,-9.402846,7.563472
332028012,1,3,-1.1879296,-9.171727,7.0389624
332028022,1,3,-0.8310718,-8.960965,6.849756
332028031,1,3,-0.4754114,-9.011261,7.067703
332028041,1,3,-0.043110352,-8.899893,7.662865
332028051,1,3,0.068258055,-8.739427,8.18977
332028061,1,3,0.20716919,-8.434061,8.390951
332028071,1,3,0.41433838,-7.8161464,8.436457
332028081,1,3,0.53648436,-7.1024303,8.301138
332028091,1,3,0.69575316,-6.476133,8.195757
332028101,1,3,0.68497556,-5.854625,7.9179344
332028110,1,3,0.48379394,-5.5827904,7.7466908
332028120,1,3,0.3065625,-5.2570677,7.4544983
332028130,1,3,0.2335144,-4.8163843,7.0485425
332028140,1,3,0.26225463,-4.176914,6.610254
332028150,1,3,0.305365,-3.6320472,6.2414207
332028160,1,3,-0.016765136,-3.434458,6.218668
332028170,1,3,-0.3161426,-3.302732,5.9492283
332028180,1,3,-0.7819739,-3.3530273,5.981561
332028189,1,3,-1.165177,-3.263214,6.0055113
332028199,1,3,-1.1376343,-3.8260436,5.82828
332028209,1,3,-1.1256592,-4.1098537,5.8737855
332028219,1,3,-0.5712122,-4.0571632,5.964796
332028229,1,3,-0.05508545,-4.035608,6.15041
332028239,1,3,0.085023195,-3.735033,6.421047
332028249,1,3,0.068258055,-3.4596057,6.3839245
332028258,1,3,-0.0981958,-3.0787976,6.4485903
332028268,1,3,-0.4538562,-2.9698243,6.373147
332028278,1,3,-0.674198,-2.5387206,6.0641894
332028288,1,3,-0.6394702,-3.014132,5.6809864
332028298,1,3,-0.81670165,-3.6512072,5.955216
332028308,1,3,-0.63108766,-4.2882824,6.3539867
332028318,1,3,-0.183219,-4.364923,6.791078
332028328,1,3,-0.13412109,-4.3421702,7.1682935
332028337,1,3,-0.42391846,-4.4499464,7.5694594
332028347,1,3,-0.90411985,-4.550537,8.049661
332028357,1,3,-1.2645704,-4.926555,8.357421
332028367,1,3,-1.3663586,-5.101392,8.801697
332028377,1,3,-1.2729529,-5.0798364,8.980125
332028387,1,3,-1.3136683,-5.0427136,8.89151
332028397,1,3,-1.4394068,-4.691843,8.735834
332028407,1,3,-1.5100598,-4.404441,8.435259
332028416,1,3,-1.3771362,-4.190087,8.113129
332028426,1,3,-1.096919,-3.8811293,7.884404
332028436,1,3,-0.82747924,-3.5757642,7.765851
332028446,1,3,-0.62390256,-3.6991076,7.6568775
332028456,1,3,-0.732876,-3.7901185,7.739506
332028466,1,3,-0.8190967,-3.8164637,7.7682457
332028476,1,3,-0.9915381,-3.7697608,8.031698
332028486,1,3,-0.95321774,-3.812871,8.098759
332028495,1,3,-0.8322693,-3.7218604,8.138276
332028505,1,3,-0.7113208,-3.7314405,8.193362
332028515,1,3,-0.5712122,-3.7673657,8.244855
332028525,1,3,-0.5221143,-3.6045043,8.090376
332028535,1,3,-0.5065466,-3.5003211,7.811356
332028545,1,3,-0.5388794,-3.3805702,7.66526
332028555,1,3,-0.6981482,-3.5350487,7.5934095
332028564,1,3,-0.8095166,-3.6847374,7.709568
332028574,1,3,-0.88974977,-3.8188586,7.826924
332028584,1,3,-0.9400452,-3.9613624,8.019723
332028594,1,3,-1.0490185,-3.9625597,8.357421
332028604,1,3,-1.7902771,-3.6428246,7.8879967
332028614,1,3,0.50774413,-5.0067883,8.946595
332028624,1,3,-0.51013917,-4.315825,8.828042
332028634,1,3,-0.7879614,-4.5229945,8.538244
332028643,1,3,-1.0981164,-4.863087,9.083112
332028653,1,3,-0.4778064,-4.982838,9.461525
332028663,1,3,-0.46104127,-4.8283596,9.605226
332028673,1,3,-3.2620165,-4.763694,8.446036
332028683,1,3,-1.8142273,-3.6200721,8.194559
332028693,1,3,-0.1592688,-4.140989,8.647218
332028703,1,3,1.3016931,-3.8583765,8.946595
332028713,1,3,1.0178833,-3.8188586,8.783734
332028722,1,3,0.09699829,-3.742218,8.396938
332028732,1,3,-0.5029541,-3.37099,8.236472
332028742,1,3,-0.796344,-2.8333082,7.965835
