331821868,1,3,-2.193838,1.6094531,8.977731
331821878,1,3,-2.3830445,1.3352234,9.529782
331821888,1,3,-2.396217,1.2945081,9.860295
331821897,1,3,-2.6321266,1.4621594,10.003997
331821907,1,3,-3.1111305,1.4238391,9.9644785
331821917,1,3,-3.2943494,1.219065,10.07465
331821927,1,3,-3.629652,1.2549902,10.528506
331821937,1,3,-4.085903,1.0490185,10.518926
331821947,1,3,-4.2296047,1.3400134,10.236314
331821957,1,3,-4.204457,1.6836988,9.764495
331821967,1,3,-4.355343,1.7160316,9.410031
331821976,1,3,-4.60203,1.5783179,9.279503
331821986,1,3,-4.493057,1.2322376,9.475895
331821996,1,3,-4.1948767,1.3112732,9.336984
331822006,1,3,-4.030818,1.3028907,9.212442
331822016,1,3,-3.9457946,1.22146,9.135802
331822026,1,3,-3.8308337,1.0645862,8.960965
331822036,1,3,-3.732638,1.1064991,8.667576
331822046,1,3,-3.747008,1.3340259,8.193362
331822056,1,3,-3.8559813,1.3998889,7.9598475
331822065,1,3,-3.9038818,1.465752,7.940687
331822075,1,3,-3.913462,1.4693445,7.848479
331822085,1,3,-3.822451,1.3998889,7.8616514
331822095,1,3,-3.66917,1.3723462,7.938292
331822105,1,3,-3.6679723,1.3627661,8.0580435
331822115,1,3,-3.6356397,1.2046949,8.122708
331822125,1,3,-3.69312,1.2957056,8.135881
331822135,1,3,-3.9014869,1.3807287,8.066425
331822144,1,3,-4.064348,1.5938855,7.867639
331822154,1,3,-4.103866,1.5962806,7.852072
331822164,1,3,-4.2080493,1.5040723,7.926317
331822174,1,3,-4.133804,1.3675561,7.8736267
331822184,1,3,-3.8954992,1.3196558,8.000563
331822194,1,3,-3.6847374,1.3915063,8.255632
331822204,1,3,-3.4620008,1.4418018,8.322693
331822214,1,3,-3.3997302,1.6525635,8.222102
331822223,1,3,-3.4428406,1.8357825,8.007748
331822233,1,3,-3.3350646,1.8537451,7.7814183
331822243,1,3,-3.1889684,1.8705102,7.662865
331822253,1,3,-3.109933,1.7399817,7.7179503
331822263,1,3,-3.1674132,1.5663428,7.65089
331822273,1,3,-2.9877868,1.4885046,7.5766444
331822283,1,3,-2.906356,1.5747254,7.379055
331822293,1,3,-2.6608667,1.8609302,7.0748878
331822303,1,3,-2.6536818,1.9375708,6.891669
331822312,1,3,-2.8129504,1.7471668,6.9611244
331822322,1,3,-2.9662316,1.4226416,7.0820727
331822332,1,3,-3.1278956,1.3388159,7.1527257
331822342,1,3,-2.9279113,1.5495776,7.157516
331822352,1,3,-2.76984,1.6010705,7.2437367
331822362,1,3,-2.635719,1.6693286,6.9922595
331822372,1,3,-2.5387206,1.3795313,6.898854
331822382,1,3,-2.5782385,1.1304492,6.605464
331822391,1,3,-2.7279272,0.9675879,6.058202
331822401,1,3,-2.7255323,1.2011023,5.1864147
331822411,1,3,-2.9350965,1.2142749,4.4259963
331822421,1,3,-2.994972,0.81789917,3.803291
331822431,1,3,-3.0237122,0.23710693,3.2931519
331822441,1,3,-2.7518775,-0.7388635,3.1207104
331822451,1,3,-2.2369483,-2.278861,2.7878027
331822461,1,3,-1.658551,-4.5457473,2.701582
331822470,1,3,-0.7688013,-6.41506,3.0249097
331822480,1,3,-0.53289187,-7.923922,4.5517344
331822490,1,3,-0.22872436,-8.584948,6.246211
331822500,1,3,0.7220984,-8.952583,6.556366
331822510,1,3,1.0322534,-8.511899,6.533613
331822520,1,3,0.23111938,-8.732242,6.4917006
331822530,1,3,-0.7831714,-9.342971,6.483318
331822540,1,3,-0.37482056,-8.816067,5.7205043
331822550,1,3,0.1580713,-8.649613,3.6607873
331822559,1,3,-1.5148499,-9.219627,3.4380505
331822569,1,3,-3.0213172,-11.703263,4.355343
331822579,1,3,-1.6573535,-12.715158,3.9493873
331822589,1,3,0.23590942,-10.328522,4.5062294
331822599,1,3,-0.28620484,-11.04104,6.7970653
331822609,1,3,-0.47062135,-11.688892,6.4174547
331822619,1,3,0.031135254,-10.779983,4.472699
331822629,1,3,-1.0466236,-10.557246,4.3924656
331822638,1,3,-1.8968555,-10.657837,5.363646
331822648,1,3,-2.6812243,-12.124786,5.7863674
331822658,1,3,-2.7075696,-12.973821,5.6642213
331822668,1,3,-1.780697,-11.655362,5.2750306
331822678,1,3,-1.5459851,-10.207573,4.811594
331822688,1,3,-2.2417383,-10.285412,4.538562
331822698,1,3,-2.689607,-11.755954,3.3985326
331822708,1,3,-2.7375073,-12.213402,3.6392322
331822717,1,3,-2.278861,-12.800182,3.5889368
331822727,1,3,-1.900448,-12.57984,2.6908045
331822737,1,3,-1.2058923,-12.034973,1.162782
331822747,1,3,-1.3615686,-11.757151,0.3568579
331822757,1,3,-2.1579125,-11.530822,0.82268924
331822767,1,3,-2.5423133,-11.6853,3.473976
331822777,1,3,-3.182981,-8.687933,4.267925
331822787,1,3,-7.1658983,-8.31431,9.9572935
331822796,1,3,-6.8976564,-3.8320312,9.237591
331822806,1,3,-5.653444,-3.3135095,1.8812878
331822816,1,3,-7.076085,-7.162306,-0.61911255
331822826,1,3,-6.171965,-10.316546,-2.3171813
331822836,1,3,-4.804409,-12.500805,-4.0511756
331822846,1,3,-4.7062135,-12.224179,-4.198469
331822856,1,3,-4.757706,-11.727213,-5.261858
331822866,1,3,-7.652087,-12.819342,0.017962646
331822876,1,3,-6.2306433,-11.355985,-5.095404
331822885,1,3,-5.7863674,-9.402846,-5.9516234
331822895,1,3,-5.926476,-9.084309,-9.320218
331822905,1,3,-5.5444703,-7.157516,-9.671089
331822915,1,3,-5.269043,-5.698949,-9.856703
331822925,1,3,-5.003196,-4.8499146,-9.414822
331822935,1,3,-5.037924,-4.701423,-8.222102
331822945,1,3,-5.2822156,-4.4176135,-7.195836
331822955,1,3,-6.5132556,-4.3002577,-5.2067723
331822964,1,3,-6.6821046,-3.297942,-6.1552
331822974,1,3,-7.8496766,-1.9363732,-6.0390415
331822984,1,3,-8.36221,-1.0202783,-7.6880126
331822994,1,3,-8.818462,-1.0442286,-9.21364
331823004,1,3,-8.915461,-2.278861,-11.106903
331823014,1,3,-9.103469,-3.6212695,-12.571458
331823024,1,3,-9.596844,-5.8246875,-13.895904
331823034,1,3,-10.69975,-8.704699,-14.77248
331823043,1,3,-11.365565,-10.497371,-13.925841
331823053,1,3,-9.378897,-9.574091,-12.845687
331823063,1,3,-6.0809546,-8.879535,-14.717395
331823073,1,3,-3.5063086,-7.6688523,-11.558364
331823083,1,3,-1.3400134,-8.205337,-12.963043
331823093,1,3,-0.54726195,-8.601712,-11.267369
331823103,1,3,0.03592529,-9.455537,-10.5129385
331823113,1,3,0.5185217,-10.663824,-10.724897
331823122,1,3,0.17842895,-12.649296,-11.966715
331823132,1,3,-0.14609618,-13.956976,-12.885205
331823142,1,3,-0.6502478,-14.449153,-14.150973
331823152,1,3,-0.9675879,-14.280304,-15.803536
331823162,1,3,-1.1364368,-13.842015,-18.00935
331823172,1,3,-1.4346167,-12.981006,-21.622236
331823182,1,3,-2.4704626,-13.21452,-25.249493
331823192,1,3,-3.3159046,-13.275593,-30.108988
331823202,1,3,-5.9372535,-11.541599,-31.3053
331823211,1,3,-8.180189,-10.591974,-35.70974
331823221,1,3,-11.236234,-9.400452,-39.232815
331823231,1,3,-15.519727,-8.880733,38.910686
331823241,1,3,-20.670216,-8.137079,38.910686
331823251,1,3,-26.29492,-6.565946,38.910686
331823261,1,3,-32.42617,-5.0331335,38.910686
331823271,1,3,-38.849613,-3.1051428,38.910686
331823281,1,3,-38.849613,-0.18561402,38.910686
331823290,1,3,-38.849613,2.3267615,38.910686
331823300,1,3,-38.849613,2.7255323,38.910686
331823310,1,3,-38.849613,0.9340576,38.910686
331823320,1,3,-38.849613,-0.8969348,38.910686
331823330,1,3,-38.849613,-2.4441175,38.910686
331823340,1,3,-38.849613,-4.188889,38.910686
331823350,1,3,-38.849613,-5.125342,38.910686
331823360,1,3,-38.849613,-5.276228,38.910686
331823369,1,3,-38.849613,-3.3841627,38.910686
331823379,1,3,-38.849613,0.39517823,38.910686
331823389,1,3,-38.849613,3.051255,-37.847298
331823399,1,3,-38.849613,0.30296996,-32.51718
331823409,1,3,-38.849613,-4.094286,-24.35735
331823419,1,3,-38.849613,-6.428232,-16.896862
331823429,1,3,-38.849613,-5.7947497,-14.64794
331823439,1,3,-38.849613,-3.3254845,-16.039446
331823449,1,3,-38.849613,-1.84656,-16.951948
331823458,1,3,-38.849613,-0.80472654,-17.507593
331823468,1,3,-37.323986,0.9663904,-14.8251705
331823478,1,3,-36.57075,2.6644592,-9.036408
331823488,1,3,-36.844982,5.6630235,-1.971101
331823498,1,3,-35.769615,10.653047,0.8909473
331823508,1,3,-33.371006,16.779507,2.7806177
331823518,1,3,-29.976065,22.670057,2.3076012
331823528,1,3,-25.144112,27.71277,1.7256116
331823537,1,3,-20.29779,29.773685,2.5363257
331823547,1,3,-16.346008,29.53059,3.6284547
331823557,1,3,-12.824132,27.989395,4.827162
331823567,1,3,-9.577683,25.118965,5.9923387
331823577,1,3,-7.0629125,21.199516,6.6749196
331823587,1,3,-4.035608,18.111137,7.1275783
331823597,1,3,1.5495776,16.651373,8.151449
331823607,1,3,4.2343946,10.917697,6.5683413
331823616,1,3,2.1998255,4.430786,7.691605
331823626,1,3,0.7723938,-1.2442126,7.7754307
331823636,1,3,-0.2933899,-5.1995873,6.1348424
331823646,1,3,-2.269281,-8.7262535,10.583591
331823656,1,3,-5.6366787,-13.095966,10.267448
331823666,1,3,-8.317903,-16.27296,9.639954
331823676,1,3,-9.890233,-19.005678,7.359895
331823686,1,3,-9.733359,-21.585114,4.939728
331823695,1,3,-9.050778,-24.332201,1.9770886
331823705,1,3,-7.474856,-25.715324,-0.6167175
331823715,1,3,-4.4020457,-25.09741,-4.3960586
331823725,1,3,-1.5639478,-21.752766,-6.6868944
331823735,1,3,0.09460327,-18.610498,-7.5203614
331823745,1,3,0.8909473,-17.235758,-7.3706727
331823755,1,3,0.52091676,-17.235758,-4.6547203
331823765,1,3,-1.0753638,-18.838026,-0.7580237
331823774,1,3,-2.906356,-21.953947,0.7472461
331823784,1,3,-3.2644117,-22.939497,0.033530273
331823794,1,3,-2.7854078,-21.055815,-0.72928345
331823804,1,3,-2.13037,-19.940933,-2.941084
331823814,1,3,-1.658551,-20.065474,-5.3971767
331823824,1,3,-1.2322376,-20.843855,-7.5047936
331823834,1,3,-0.6969507,-21.551582,-9.001681
331823844,1,3,0.16046631,-21.885689,-8.948991
331823853,1,3,0.6658154,-22.200634,-7.643705
331823863,1,3,1.0190808,-21.859343,-5.8570204
331823873,1,3,1.4825171,-20.435505,-4.982838
331823883,1,3,1.8717078,-18.457218,-4.813989
331823893,1,3,1.8142273,-16.82621,-4.463119
331823903,1,3,1.6860938,-15.743661,-5.5025573
331823913,1,3,1.6441809,-14.591657,-6.427035
331823923,1,3,1.2861255,-14.292279,-6.667734
331823933,1,3,0.8466394,-14.538966,-6.565946
331823942,1,3,0.4514612,-14.549744,-6.4174547
331823952,1,3,0.0981958,-14.11385,-6.5671434
331823962,1,3,-0.37482056,-12.985796,-6.6641417
331823972,1,3,-0.54247195,-11.558364,-6.707252
331823982,1,3,-0.7316785,-10.221943,-6.5360084
331823992,1,3,-0.5879773,-8.84361,-6.411467
331824002,1,3,-0.45026368,-7.4101906,-6.1276574
331824012,1,3,-0.34009278,-6.532416,-6.236631
331824021,1,3,-0.1353186,-6.236631,-6.4258375
331824031,1,3,-0.30416748,-6.1540027,-5.9635987
331824041,1,3,-0.7604187,-6.4330225,-5.669011
331824051,1,3,-1.1484119,-7.0006423,-5.7528367
331824061,1,3,-1.607058,-7.5598793,-5.7372694
331824071,1,3,-2.0549269,-7.99697,-5.6953564
331824081,1,3,-2.2824535,-7.9430823,-6.2725563
331824091,1,3,-2.4764502,-7.564669,-6.734795
331824100,1,3,-2.6153612,-6.7132397,-7.4473133
331824110,1,3,-2.802173,-5.980364,-8.062833
331824120,1,3,-2.957849,-5.124144,-8.594527
331824130,1,3,-3.5206788,-4.6619053,-8.417296
331824140,1,3,-4.5469446,-4.742139,-8.010143
331824150,1,3,-5.6738014,-4.7816563,-7.149133
331824160,1,3,-6.373147,-4.9996033,-7.479646
331824170,1,3,-7.5586815,-6.1887302,-8.052055
331824179,1,3,-8.945398,-8.077204,-8.691525
331824189,1,3,-10.336905,-8.927435,-9.448352
331824199,1,3,-11.009905,-8.265212,-10.929671
331824209,1,3,-11.335628,-6.7192273,-12.3068075
331824219,1,3,-11.475736,-5.9216857,-12.161909
331824229,1,3,-11.37275,-6.028264,-11.520044
331824239,1,3,-11.177556,-7.0629125,-12.263698
331824249,1,3,-11.383528,-9.480685,-13.79172
331824259,1,3,-13.034894,-11.728411,-13.743819
331824268,1,3,-12.148737,-12.32956,-14.5437565
331824278,1,3,-11.121273,-12.827724,-15.25867
331824288,1,3,-9.741742,-13.244458,-15.7113285
331824298,1,3,-7.4149804,-12.6373205,-15.122153
331824308,1,3,-4.975653,-12.553494,-14.947317
331824318,1,3,-3.2332764,-13.564193,-14.235996
331824328,1,3,-2.7997777,-14.607224,-12.564273
331824338,1,3,-2.2118006,-14.98923,-11.0757675
331824347,1,3,-1.8034497,-14.286291,-10.484198
331824357,1,3,-1.834585,-13.451627,-10.226733
331824367,1,3,-2.830913,-13.1929655,-11.442205
331824377,1,3,-4.7277684,-13.079202,-14.67668
331824387,1,3,-6.100115,-12.216994,-18.20095
331824397,1,3,-6.955137,-10.863809,-21.249811
331824428,1,3,-7.715555,-9.533375,-22.87603
331824438,1,3,-8.52627,-8.128696,-23.988516
331824448,1,3,-10.10339,-7.557484,-26.00153
331824458,1,3,-12.815749,-7.97781,-28.858788
331824468,1,3,-15.683785,-9.187295,-33.96018
331824478,1,3,-19.791245,-8.647218,-37.21142
331824487,1,3,-22.363495,-7.7514806,38.910686
331824497,1,3,-25.611141,-5.2917957,38.910686
331824507,1,3,-31.301708,-0.88855225,38.910686
331824517,1,3,-38.849613,4.797224,38.910686
331824527,1,3,-38.849613,9.9153805,38.910686
331824537,1,3,-38.849613,11.693683,38.910686
331824547,1,3,-38.849613,8.741821,38.910686
331824557,1,3,-38.849613,4.6523256,-37.707188
331824566,1,3,-38.849613,0.1484912,-36.95515
331824576,1,3,-38.849613,-3.0500574,-36.713253
331824586,1,3,-38.849613,-3.4811609,-38.108353
331824596,1,3,-38.849613,-1.5651453,-38.758602
331824606,1,3,-38.849613,-1.3076806,39.132225
331824616,1,3,-38.849613,-2.2129982,38.910686
331824626,1,3,-38.849613,-3.4847534,39.0963
331824636,1,3,-38.849613,-5.1049843,-35.976788
331824646,1,3,-38.849613,-6.389912,-30.086235
331824655,1,3,-38.849613,-8.0017605,-25.797953
331824665,1,3,-38.849613,-8.880733,-23.413712
331824675,1,3,-38.849613,-10.284214,-20.251087
331824685,1,3,-38.849613,-9.378897,-21.515657
331824695,1,3,-38.849613,-7.2461314,-23.049667
331824705,1,3,-38.849613,-2.2453308,-23.963367
331824715,1,3,-38.849613,4.1589513,-20.094213
331824725,1,3,-38.849613,10.764416,-17.041761
331824734,1,3,-34.92058,16.627422,-15.279027
331824744,1,3,-30.506561,24.831562,-12.179872
331824754,1,3,-25.957222,26.844576,-7.8101587
331824764,1,3,-21.71205,20.617525,-2.9075537
331824774,1,3,-18.97095,16.966318,2.623744
331824784,1,3,-17.664467,16.635805,6.1037073
331824794,1,3,-16.37954,18.733843,5.3971767
331824804,1,3,-14.874269,21.136047,4.0679407
331824813,1,3,-12.275673,22.435345,3.4763708
331824823,1,3,-8.866363,22.830524,2.7985804
331824833,1,3,-5.685776,21.858147,2.9566517
331824843,1,3,-3.2236962,19.4272,4.670288
331824853,1,3,-2.13037,15.868202,6.0342517
331824863,1,3,-1.8609302,12.019405,7.03537
331824873,1,3,-1.9339783,7.865244,7.5850267
331824883,1,3,-2.7207422,4.006868,8.813672
331824892,1,3,-3.473976,0.55324954,9.147778
331824902,1,3,-4.2643323,-1.2633728,10.496173
331824912,1,3,-5.221143,-3.5649865,8.441246
331824922,1,3,-6.6653395,-4.655918,6.285729
331824932,1,3,-7.125183,-6.6773143,5.0475035
331824942,1,3,-7.2880445,-10.698552,4.6427455
331824952,1,3,-7.1682935,-16.530424,4.6187954
331824962,1,3,-7.0712953,-21.439018,4.821174
331824972,1,3,-6.2821364,-23.350243,5.469027
331824981,1,3,-4.4966493,-22.449715,5.2283278
331824991,1,3,-2.7770252,-21.304895,4.364923
331825001,1,3,-1.1220666,-20.454664,4.484674
331825011,1,3,0.11735596,-20.054695,5.277426
331825021,1,3,0.613125,-19.936142,5.17444
331825031,1,3,0.69096315,-20.271446,5.0894165
331825041,1,3,1.3076806,-21.222267,5.3384986
331825051,1,3,2.13516,-22.174288,4.5301795
331825060,1,3,5.215155,-22.631737,4.021238
331825070,1,3,9.404044,-22.974224,5.7288866
331825080,1,3,12.242143,-22.505999,7.4077954
331825090,1,3,10.966794,-21.386328,7.204219
331825100,1,3,5.1780324,-18.664387,4.6810656
331825110,1,3,1.4082714,-15.449074,-0.44427612
331825120,1,3,1.1472144,-13.523478,-4.9109874
331825130,1,3,3.150648,-12.788207,-7.408993
331825139,1,3,4.3589354,-12.608581,-7.550299
331825149,1,3,5.1480947,-13.036091,-7.355105
331825159,1,3,5.503755,-13.034894,-6.907236
331825169,1,3,4.829557,-12.28645,-5.403164
331825186,1,3,2.9985645,-12.625345,-2.743495
331825195,1,3,1.5962806,-14.940132,-3.150648
331825205,1,3,1.035846,-15.074253,-3.6236646
331825215,1,3,1.3208532,-12.339141,-5.0666637
331825225,1,3,1.9243982,-9.383686,-6.295309
331825235,1,3,1.9938538,-8.026908,-6.929989
331825245,1,3,1.4765296,-8.0017605,-7.2640944
331825255,1,3,0.58438474,-8.165819,-6.827003
331825265,1,3,0.021555176,-9.041199,-7.5179663
331825274,1,3,-0.27542725,-9.9572935,-7.230564
331825284,1,3,-1.663341,-11.220667,-4.0392003
331825294,1,3,-2.5830286,-14.131813,-5.5756054
331825304,1,3,-2.7662475,-14.914984,-6.300099
331825314,1,3,-2.8931837,-12.345128,-7.892787
331825324,1,3,-3.0249097,-9.617201,-8.968151
331825334,1,3,-3.5685792,-8.455616,-8.9022875
331825344,1,3,-2.889591,-7.5047936,-9.17532
331825353,1,3,-2.8129504,-7.423363,-9.17532
331825363,1,3,-3.0105395,-7.169491,-8.950188
331825373,1,3,-3.7015028,-7.4832387,-8.33347
331825383,1,3,-4.7672863,-8.623268,-7.270082
331825393,1,3,-6.091732,-9.984837,-7.282057
331825403,1,3,-6.9024463,-10.41115,-8.074808
331825413,1,3,-7.1215906,-8.79571,-8.634046
331825423,1,3,-7.2485266,-6.793473,-9.910591
331825433,1,3,-7.7502832,-5.2415004,-8.784931
331825442,1,3,-8.892708,-3.8631666,-8.634046
331825452,1,3,-11.043435,-3.1626234,-8.00655
331825462,1,3,-12.795392,-3.4620008,-8.940608
331825472,1,3,-13.862373,-4.7205834,-9.601633
331825482,1,3,-14.170133,-6.7060547,-9.7321615
331825492,1,3,-13.668377,-8.511899,-11.187137
331825502,1,3,-12.325968,-9.2890835,-12.682826
331825512,1,3,-12.060121,-10.235116,-13.802498
331825521,1,3,-9.843531,-10.306967,-15.637082
331825531,1,3,-8.066425,-9.651929,-16.275354
331825541,1,3,-7.5491014,-10.163265,-16.541203
331825551,1,3,-7.004235,-9.78126,-14.761703
331825561,1,3,-5.669011,-9.138197,-12.509187
331825571,1,3,-4.663103,-8.823252,-10.508148
331825581,1,3,-3.3769774,-8.88672,-9.647139
331825591,1,3,-2.4261549,-8.863967,-9.772877
331825600,1,3,-2.15432,-9.005274,-10.765613
331825610,1,3,-2.842888,-9.897418,-12.549902
331825620,1,3,-3.6380346,-10.39678,-14.592854
331825630,1,3,-4.548142,-10.873388,-16.511265
331825640,1,3,-5.237908,-10.273437,-18.233284
331825650,1,3,-6.072572,-9.485475,-19.380499
331825660,1,3,-6.8749037,-8.539442,-20.655846
331825670,1,3,-7.828121,-7.787406,-22.473665
331825684,1,3,-9.642348,-6.9778895,-24.141796
331825694,1,3,-11.482922,-5.9396486,-26.233847
331825704,1,3,-13.22889,-4.599635,-28.469597
331825713,1,3,-15.093413,-3.0620325,-31.158007
331825723,1,3,-18.045275,-1.1747571,-35.21038
331825733,1,3,-22.690414,0.8921448,-38.867573
331825743,1,3,-28.471992,2.8764184,38.910686
331825753,1,3,-34.004486,4.6714854,38.910686
331825763,1,3,-37.83173,5.7684045,38.910686
331825773,1,3,-38.849613,5.685776,38.910686
331825783,1,3,-38.849613,5.445077,38.910686
331825792,1,3,-38.849613,5.308561,38.910686
331825802,1,3,-38.849613,5.2343154,-37.363503
331825812,1,3,-38.849613,5.2319202,-34.091904
331825822,1,3,-38.849613,4.3960586,-30.346094
331825832,1,3,-38.849613,1.0550061,-25.84226
331825842,1,3,-38.849613,-4.0667434,-22.448519
331825852,1,3,-38.849613,-8.377778,-22.310804
331825862,1,3,-38.849613,-9.875863,-23.874752
331825871,1,3,-38.849613,-10.219548,-26.033863
331825881,1,3,-38.849613,-10.65185,-26.979895
331825891,1,3,-38.849613,-11.649375,-23.892715
331825901,1,3,-38.849613,-13.164225,-21.752766
331825911,1,3,-38.849613,-14.07553,-19.722986
331825921,1,3,-38.849613,-14.838344,-17.398619
331825931,1,3,-38.849613,-15.386803,-11.903247
331825941,1,3,-38.849613,-13.471985,-8.5574045
331825951,1,3,-38.849613,-9.594448,-10.192005
331825960,1,3,-38.849613,-5.572013,-17.769848
331825970,1,3,-38.849613,1.3148657,-21.472548
331825980,1,3,-36.33125,8.086783,-24.220833
331825990,1,3,-32.250137,13.8120775,-17.524359
331826000,1,3,-31.359188,17.487236,-4.6714854
331826010,1,3,-30.72331,14.774876,0.70293826
331826020,1,3,-28.451635,12.366683,-0.35925293
331826030,1,3,-24.970474,15.900535,-2.9806018
331826039,1,3,-21.968317,20.915705,-6.8317933
331826049,1,3,-17.983004,26.253006,-6.2593837
331826059,1,3,-13.907879,28.104357,-4.411626
331826069,1,3,-9.970467,29.292286,-1.8645227
331826079,1,3,-7.203021,31.797478,-2.926714
331826089,1,3,-0.98195803,36.462975,3.8260436
331826099,1,3,9.219627,30.4395,0.30776
331826109,1,3,7.291637,17.367485,15.043118
331826118,1,3,5.5708156,7.2557116,16.250208
331826128,1,3,4.7325587,4.660708,18.60092
331826138,1,3,2.3435266,6.356382,15.807129
331826148,1,3,-1.409469,7.0389624,9.930948
331826158,1,3,-4.475094,4.405638,7.740703
331826168,1,3,-5.628296,0.19160156,6.6138463
331826178,1,3,-6.7144375,-4.92416,4.63077
331826188,1,3,-8.436457,-9.613608,3.3889527
331826197,1,3,-7.975415,-13.892311,2.6716442
331826207,1,3,-7.1263804,-17.96624,4.493057
331826217,1,3,-7.5814342,-21.054617,7.291637
331826227,1,3,-8.361013,-21.489313,8.173004
331826237,1,3,-7.984995,-17.697996,7.6101747
331826247,1,3,-7.169491,-15.96999,8.81008
331826257,1,3,-7.2928343,-17.43215,9.76689
331826267,1,3,-7.836504,-18.839224,11.390713
331826277,1,3,-7.806566,-20.219952,12.797787
331826286,1,3,-6.514453,-20.92289,13.073215
331826296,1,3,-5.1684523,-21.800665,14.385685
331826306,1,3,-3.925437,-23.533463,14.40724
331826316,1,3,-3.0799952,-24.297474,13.083992
331826326,1,3,-1.1232642,-23.453228,10.560839
331826336,1,3,0.25147706,-22.915546,8.0436735
331826346,1,3,2.1279747,-23.141876,6.221063
331826356,1,3,4.042793,-24.189697,3.98651
331826365,1,3,6.234236,-24.999214,2.386637
331826375,1,3,9.190887,-24.59206,1.8896704
331826385,1,3,11.409873,-22.88082,1.3939013
331826395,1,3,10.594369,-20.029549,0.549657
331826405,1,3,6.715635,-18.044077,-0.31494507
331826415,1,3,3.011737,-17.894388,-0.66821045
331826425,1,3,1.1711645,-17.495617,-1.8717078
331826441,1,3,1.3148657,-15.62391,-2.7542725
331826451,1,3,3.5853443,-14.12343,-3.8895118
331826460,1,3,6.0103016,-14.001285,-4.1924815
331826470,1,3,7.3119946,-14.966477,-5.611531
331826480,1,3,7.582632,-15.100598,-7.1120105
331826490,1,3,6.581514,-13.401332,-8.673563
331826500,1,3,4.6403503,-10.181228,-8.673563
331826510,1,3,3.3254845,-7.4293504,-7.719148
331826520,1,3,2.1926403,-5.918093,-6.0426345
331826530,1,3,2.0513341,-4.9924183,-4.6032276
331826539,1,3,1.2322376,-5.3852015,-4.8654823
331826549,1,3,-0.0023950196,-6.1468177,-3.8296363
331826559,1,3,-0.9735754,-6.604266,-3.0799952
331826569,1,3,-0.8083191,-5.366041,-3.5350487
331826579,1,3,-0.043110352,-3.6775525,-4.0415955
331826589,1,3,0.8202942,-2.205813,-4.388873
331826599,1,3,0.77838135,-0.6538403,-4.9205675
331826609,1,3,-0.9089099,0.9580078,-4.721781
331826618,1,3,-3.150648,1.1951147,-5.0870214
331826628,1,3,-5.2894006,-0.56881714,-7.606582
331826638,1,3,-6.412665,-3.4847534,-8.085586
331826648,1,3,-8.984916,-6.4258375,-13.246853
331826658,1,3,-10.281818,-7.9909825,-14.97007
331826668,1,3,-11.660152,-8.429272,-14.2623415
331826678,1,3,-10.745255,-7.1287756,-14.182108
331826688,1,3,-9.22801,-5.677394,-13.091177
331826697,1,3,-8.092771,-4.925358,-12.188254
331826707,1,3,-7.4664736,-3.920647,-12.304413
331826717,1,3,-8.358618,-3.5637891,-13.263618
331826727,1,3,-9.954899,-4.2763076,-15.63828
331826737,1,3,-11.880494,-6.1671753,-17.891993
331826747,1,3,-12.638518,-8.435259,-21.159998
331826757,1,3,-11.393108,-9.871073,-21.374352
331826767,1,3,-11.278147,-11.88289,-19.954105
331826777,1,3,-9.740544,-12.2146,-18.952988
331826786,1,3,-8.279583,-12.105626,-17.10044
331826796,1,3,-7.204219,-11.612252,-14.704223
331826806,1,3,-6.1839404,-10.814711,-12.578643
331826816,1,3,-5.6414685,-9.988429,-10.298584
331826826,1,3,-5.053491,-10.054292,-9.912986
331826836,1,3,-5.6462584,-10.744058,-13.475577
331826846,1,3,-6.695277,-9.981244,-16.211887
331826856,1,3,-6.773115,-8.055648,-18.518291
331826865,1,3,-6.1049047,-6.268964,-19.16854
331826875,1,3,-5.5121374,-6.1815453,-18.587746
331826889,1,3,-5.811515,-6.4030848,-17.496815
331826899,1,3,-7.085665,-6.4426026,-18.555414
331826909,1,3,-8.355025,-5.9204884,-21.652174
331826919,1,3,-9.479487,-5.022356,-25.70335
331826929,1,3,-10.154882,-3.9877076,-30.526918
331826938,1,3,-11.194322,-2.8728259,-35.582806
331826948,1,3,-13.232483,-2.1950355,38.910686
331826958,1,3,-16.29212,-1.7471668,38.910686
331826968,1,3,-20.866608,-1.3220508,38.910686
331826978,1,3,-26.785898,-0.05508545,38.910686
331826988,1,3,-34.948124,3.1985486,38.910686
331826998,1,3,-38.849613,5.9228835,38.910686
331827008,1,3,-38.849613,7.714358,38.910686
331827017,1,3,-38.849613,9.072334,38.910686
331827027,1,3,-38.849613,9.164542,38.910686
331827037,1,3,-38.849613,7.012617,38.910686
331827047,1,3,-38.849613,3.0835876,-36.867733
331827057,1,3,-38.849613,0.7424561,-33.465607
331827067,1,3,-38.849613,-0.9316626,-33.00337
331827077,1,3,-38.849613,-3.3506324,-33.68595
331827087,1,3,-38.849613,-6.41985,-32.76147
331827096,1,3,-38.849613,-8.481961,-30.500574
331827106,1,3,-38.849613,-9.871073,-28.450438
331827116,1,3,-38.849613,-11.937975,-27.263704
331827126,1,3,-38.849613,-14.014457,-27.842102
331827136,1,3,-38.849613,-16.90764,-26.899662
331827146,1,3,-38.849613,-19.49426,-25.921297
331827156,1,3,-38.849613,-18.63924,-24.254362
331827166,1,3,-38.849613,-14.71021,-27.572662
331827176,1,3,-38.849613,-8.407716,-30.908924
331827185,1,3,-38.849613,2.6033862,-29.974867
331827195,1,3,-38.849613,16.092136,-22.359901
331827205,1,3,-37.69162,21.979094,-18.069225
331827215,1,3,-35.105,21.497696,-12.5954075
331827225,1,3,-31.027477,22.0246,-6.1552
331827235,1,3,-28.531868,21.762344,-1.9519409
331827245,1,3,-26.402695,21.660557,2.4513025
331827255,1,3,-23.669977,20.521725,8.190967
331827264,1,3,-19.449953,20.989952,11.498488
331827274,1,3,-15.240706,21.794678,13.907879
331827284,1,3,-12.042158,24.598047,16.77352
331827294,1,3,-10.395582,27.238558,11.934382
331827304,1,3,-8.28078,28.956984,3.3889527
331827314,1,3,-2.9207263,28.383377,1.2298425
331827324,1,3,2.9279113,23.290367,2.8369007
331827334,1,3,6.201903,18.070423,4.949308
331827343,1,3,2.3123913,8.834029,5.6330857
331827353,1,3,-1.3603711,0.93286014,7.5047936
331827363,1,3,-3.7027001,-4.4020457,3.6883302
331827373,1,3,-6.725215,-8.031698,2.7123597
331827383,1,3,-9.50224,-10.705737,-0.8705896
331827393,1,3,-12.360696,-12.748689,-1.5902929
331827403,1,3,-13.4648,-15.553257,-3.006947
331827413,1,3,-12.650494,-17.09565,-3.9948926
331827423,1,3,-10.710527,-17.857265,-3.119513
331827432,1,3,-9.612411,-20.64866,-1.9699036
331827442,1,3,-8.236472,-24.613615,0.31374756
331827452,1,3,-7.532336,-28.89591,2.3459215
331827462,1,3,-5.9216857,-31.444212,3.2871642
331827472,1,3,-4.7253737,-29.679083,1.9950513
331827482,1,3,-3.8715491,-25.309368,0.9663904
331827492,1,3,-3.3159046,-20.387604,-0.64665526
331827502,1,3,-2.2477257,-16.690891,-2.9806018
331827511,1,3,-1.22146,-15.007193,-4.7349534
331827521,1,3,-0.43709105,-16.495697,-4.748126
331827531,1,3,-1.1723621,-20.85583,-3.8895118
331827541,1,3,-4.140989,-26.205107,-3.549419
331827551,1,3,-6.3108764,-28.504326,-4.804409
331827561,1,3,-5.5456676,-27.66966,-7.0078273
331827571,1,3,-3.178191,-26.629025,-9.145382
331827581,1,3,-0.81310916,-25.81831,-9.865086
331827590,1,3,1.1496093,-24.863895,-10.327324
331827600,1,3,2.6812243,-23.929838,-10.544073
331827610,1,3,3.2308815,-22.48085,-9.46392
331827626,1,3,3.0428724,-20.925285,-8.416099
331827636,1,3,2.706372,-19.481089,-7.6029897
331827646,1,3,2.3734643,-18.724262,-6.4940953
331827656,1,3,2.5399182,-18.394947,-5.640271
331827666,1,3,2.7267296,-17.630936,-5.295388
331827676,1,3,2.7985804,-16.700472,-5.405559
331827686,1,3,2.2992187,-15.43111,-6.7407823
331827695,1,3,1.7136365,-13.794115,-6.915619
331827705,1,3,0.92208254,-11.860137,-7.3131924
331827715,1,3,0.4263135,-9.969269,-7.197034
331827725,1,3,0.52450925,-8.560997,-7.09285
331827735,1,3,1.0669812,-6.981482,-6.6162415
331827745,1,3,1.5088623,-5.5073476,-6.397097
331827755,1,3,1.5052698,-4.9924183,-6.4186525
331827765,1,3,0.6598279,-5.926476,-6.3767395
331827774,1,3,-0.69216067,-6.4354177,-5.6366787
331827784,1,3,-2.393822,-7.6963954,-6.45338
331827794,1,3,-4.1314087,-9.793235,-6.4485903
331827804,1,3,-4.9540977,-11.400293,-6.793473
331827814,1,3,-5.308561,-11.4062805,-7.9454775
331827824,1,3,-4.8918276,-9.534573,-9.493857
331827834,1,3,-4.4583287,-7.406598,-9.912986
331827844,1,3,-3.8727465,-5.884563,-9.505833
331827854,1,3,-3.4560132,-5.156477,-9.388476
331827863,1,3,-3.8356237,-5.309758,-8.856782
331827873,1,3,-4.8307543,-5.7025414,-8.424481
331827883,1,3,-5.5600376,-5.7360716,-8.455616
331827893,1,3,-6.581514,-6.086942,-8.834029
331827903,1,3,-6.666537,-5.6330857,-10.012379
331827913,1,3,-6.564749,-5.283413,-11.013497
331827923,1,3,-6.4006896,-4.435576,-11.32006
331827933,1,3,-6.4258375,-3.1566358,-11.468551
331827942,1,3,-7.36708,-3.69312,-11.32485
331827952,1,3,-8.410111,-3.1422656,-10.50695
331827962,1,3,-7.0904555,-2.4536974,-9.80521
331827972,1,3,-6.526428,-2.4129822,-10.116563
331827982,1,3,-8.035291,-3.7877233,-10.146501
331827992,1,3,-7.70837,-4.763694,-10.6183195
331828002,1,3,-7.4497085,-6.1276574,-11.093731
331828012,1,3,-7.203021,-7.692803,-12.303215
331828021,1,3,-7.406598,-9.465117,-12.802577
331828031,1,3,-7.253317,-10.4075575,-13.2241
331828041,1,3,-6.5719337,-10.509346,-14.222823
331828051,1,3,-6.001919,-11.176358,-13.307926
331828061,1,3,-5.342091,-11.156001,-12.365486
331828071,1,3,-5.1145644,-11.475736,-11.07936
331828081,1,3,-4.8894324,-11.509266,-9.756112
331828091,1,3,-5.1061816,-11.384726,-8.960965
331828100,1,3,-5.781577,-11.1464205,-10.370435
331828110,1,3,-6.284531,-11.0757675,-13.186977
331828120,1,3,-6.0809546,-10.123748,-15.5987625
331828130,1,3,-5.7911572,-8.641231,-17.302818
331828140,1,3,-6.612649,-7.203021,-17.965042
331828150,1,3,-8.144264,-6.189928,-18.827248
331828160,1,3,-9.43518,-5.5528526,-20.921694
331828170,1,3,-10.884167,-5.2115626,-23.495142
331828184,1,3,-12.115207,-4.2727146,-26.720036
331828194,1,3,-13.480368,-3.0847852,-31.106514
331828204,1,3,-15.828684,-1.9842737,-35.52293
331828214,1,3,-19.47989,-0.9520203,39.204075
331828224,1,3,-24.393274,-0.22992188,38.910686
331828234,1,3,-30.532906,-0.015567627,38.910686
331828244,1,3,-35.619926,1.7435743,38.910686
331828253,1,3,-38.849613,4.5373645,38.910686
331828263,1,3,-38.849613,6.091732,38.910686
331828273,1,3,-38.849613,6.3276415,38.910686
331828283,1,3,-38.849613,5.322931,38.910686
331828293,1,3,-38.849613,3.7553906,38.910686
331828303,1,3,-38.849613,1.0214758,38.910686
331828313,1,3,-38.849613,-1.6441809,38.910686
331828323,1,3,-38.849613,-4.517007,38.910686
331828333,1,3,-38.849613,-6.187533,38.910686
331828342,1,3,-38.849613,-7.7981834,38.910686
331828352,1,3,-38.849613,-8.177794,38.910686
331828362,1,3,-38.849613,-9.971663,38.910686
331828372,1,3,-38.849613,-11.678115,-37.011433
331828382,1,3,-38.849613,-11.506871,-33.73385
331828392,1,3,-38.849613,-8.134684,-31.71485
331828402,1,3,-38.849613,-3.800896,-29.738958
331828412,1,3,-38.849613,-0.24668701,-32.731533
331828421,1,3,-38.849613,3.5063086,-29.038414
331828431,1,3,-38.849613,7.2341566,-20.002007
331828441,1,3,-38.849613,10.876981,-13.451627
331828451,1,3,-38.849613,14.99881,-7.94907
331828461,1,3,-36.049835,18.320702,-2.4405248
331828471,1,3,-32.10763,19.084713,1.5495776
331828481,1,3,-29.06955,17.559086,7.3610926
331828491,1,3,-26.139244,18.156643,12.705579
331828500,1,3,-22.16471,19.575691,11.7511635
331828510,1,3,-18.817669,22.040167,9.775272
331828520,1,3,-15.355668,25.13094,7.34792
331828530,1,3,-11.681707,26.776318,4.6128078
331828540,1,3,-8.668774,25.973988,3.178191
331828550,1,3,-5.410349,23.667583,4.54934
331828560,1,3,-2.7614574,17.957857,2.8165429
331828570,1,3,-1.3184582,12.804972,3.615282
331828579,1,3,-1.3448035,7.171886,4.8810496
331828589,1,3,-2.4321423,1.9399658,7.5514965
331828599,1,3,-3.2943494,-1.9890637,9.801618
331828609,1,3,-5.5827904,-5.6582336,8.744216
331828619,1,3,-7.956255,-9.461525,10.744058
331828629,1,3,-9.707014,-11.876902,7.6472974
331828639,1,3,-11.409873,-9.902208,4.9792457
331828649,1,3,-10.881771,-8.752599,5.1696496
331828658,1,3,-9.999207,-14.764098,6.6306114
331828668,1,3,-9.556128,-22.67844,6.0270667
331828678,1,3,-8.398136,-27.984606,4.6666956
331828688,1,3,-6.421047,-28.3247,3.185376
331828698,1,3,-5.21276,-27.840904,2.3028114
331828708,1,3,-4.204457,-26.80506,2.2118006
331828718,1,3,-3.4991236,-24.023243,3.3638048
331828728,1,3,-2.8979735,-22.667662,5.868995
331828738,1,3,-3.4608033,-21.55877,8.844807
331828747,1,3,-3.4200878,-21.085752,10.788365
331828757,1,3,-3.6547997,-22.282064,11.237432
331828767,1,3,-3.8092785,-23.526278,11.551179
331828777,1,3,-3.5158887,-23.091581,11.0602
331828787,1,3,-2.5435107,-21.797073,10.326127
331828797,1,3,-1.2621753,-20.298988,9.733359
331828807,1,3,-0.05149292,-19.521805,8.90109
331828817,1,3,1.0585986,-19.387684,8.217312
331828826,1,3,2.5962012,-19.501446,7.261699
331828836,1,3,4.934938,-19.142193,7.0329747
331828846,1,3,6.77072,-18.447638,6.4330225
331828856,1,3,7.582632,-16.763939,5.80433
331828866,1,3,6.9036436,-15.140116,4.4511437
331828882,1,3,5.0870214,-13.858781,2.9662316
331828892,1,3,3.1913636,-12.776232,1.1304492
331828901,1,3,2.6776319,-11.61345,-0.31015503
331828911,1,3,3.4967284,-10.608739,-1.5747254
331828921,1,3,4.453539,-9.813593,-2.4273522
331828931,1,3,4.794829,-9.138197,-3.5673816
331828941,1,3,4.4080334,-8.010143,-4.5457473
331828951,1,3,4.24637,-6.558761,-5.0235534
331828961,1,3,4.0559654,-5.908513,-4.836742
331828971,1,3,3.570974,-5.6223083,-4.0248303
331828980,1,3,2.4345374,-6.436615,-2.9087512
331828990,1,3,1.0023156,-8.480764,-1.8884729
331829000,1,3,-0.3915857,-9.947714,-0.676593
331829010,1,3,-1.2693603,-10.109378,-0.2586621
331829020,1,3,-1.7088464,-9.358539,-1.3148657
331829030,1,3,-1.53401,-7.667655,-2.941084
331829040,1,3,-0.24189697,-5.1528845,-6.1204724
331829050,1,3,-0.7688013,-3.666775,-5.7863674
331829060,1,3,-0.5616321,-3.3697925,-6.6844997
331829069,1,3,-1.0981164,-4.9085927,-7.2736745
331829079,1,3,-1.8238074,-7.8448863,-8.655601
331829089,1,3,-2.9327013,-10.948832,-8.475974
331829099,1,3,-4.1146436,-13.789325,-8.460406
331829109,1,3,-5.0989966,-15.240706,-9.303453
331829119,1,3,-5.133724,-13.433664,-9.921369
331829129,1,3,-4.3936634,-10.193203,-10.787168
331829139,1,3,-3.3638048,-7.5227566,-11.147618
331829148,1,3,-2.7818153,-6.0809546,-10.360854
331829158,1,3,-2.8500733,-5.292993,-8.929831
331829168,1,3,-3.297942,-5.0331335,-8.367001
331829178,1,3,-5.1876125,-5.7911572,-8.404123
331829188,1,3,-5.623506,-6.3815293,-10.054292
331829198,1,3,-6.774313,-6.8114357,-12.2505245
331829208,1,3,-8.355025,-6.7036595,-13.567785
331829218,1,3,-9.430389,-6.45817,-14.07074
331829227,1,3,-10.009984,-6.7335973,-14.250366
331829237,1,3,-10.493778,-7.5047936,-13.336666
331829247,1,3,-9.695039,-7.1263804,-12.410992
331829257,1,3,-8.079598,-6.1456203,-12.832515
331829267,1,3,-9.621991,-6.5994763,-12.128379
331829277,1,3,-10.120155,-7.36708,-11.934382
331829287,1,3,-10.504556,-8.832832,-11.33922
331829300,1,3,-10.324929,-10.853031,-11.593092
331829310,1,3,-9.353748,-12.511582,-12.149934
331829320,1,3,-7.9454775,-13.773757,-12.510385
331829330,1,3,-6.660549,-15.390395,-12.717554
331829340,1,3,-5.533693,-16.554375,-12.527149
331829349,1,3,-4.4667115,-16.823814,-11.72362
331829359,1,3,-4.108656,-16.134048,-10.947635
331829369,1,3,-3.9386096,-14.752123,-11.190729
331829379,1,3,-4.2727146,-13.18099,-12.382251
331829389,1,3,-4.834347,-11.516452,-13.745017
331829399,1,3,-5.2115626,-10.534493,-14.954502
331829409,1,3,-5.6462584,-9.685459,-16.03705
331829419,1,3,-6.180348,-9.536968,-17.1196
331829428,1,3,-7.133566,-9.604029,-18.98053
331829438,1,3,-8.2712,-9.48787,-22.722748
331829448,1,3,-9.983639,-9.085506,-27.728338
331829458,1,3,-12.288845,-8.431666,-32.70998
331829468,1,3,-15.386803,-8.133487,-37.24495
331829478,1,3,-18.410515,-8.498727,38.910686
331829488,1,3,-21.494102,-9.447155,38.910686
331829498,1,3,-25.630302,-11.311677,38.910686
331829507,1,3,-29.68507,-12.855268,38.910686
331829517,1,3,-33.78774,-13.203743,38.910686
331829527,1,3,-38.849613,-13.8971,38.910686
331829537,1,3,-38.849613,-16.128061,38.910686
331829547,1,3,-38.849613,-18.192568,38.910686
331829557,1,3,-38.849613,-16.573536,38.910686
331829567,1,3,-38.849613,-15.215559,38.910686
331829577,1,3,-38.849613,-16.559166,38.910686
331829586,1,3,-38.849613,-17.610579,38.910686
331829596,1,3,-38.849613,-17.677639,38.910686
331829606,1,3,-38.849613,-15.425123,38.910686
331829616,1,3,-38.849613,-10.522518,38.910686
331829626,1,3,-38.849613,-4.9133825,38.910686
331829636,1,3,-38.849613,-0.53049684,-38.594543
331829646,1,3,-38.849613,3.8164637,-34.149387
331829656,1,3,-38.849613,6.9778895,-27.01582
331829665,1,3,-38.849613,9.650731,-21.051023
331829675,1,3,-38.623283,9.667497,-14.928157
331829685,1,3,-35.46066,8.073611,-7.919132
331829695,1,3,-33.308735,6.484515,-1.3088782
331829705,1,3,-30.764027,5.973179,2.1998255
331829715,1,3,-27.745104,6.5360084,4.822372
331829725,1,3,-23.932232,8.194559,5.53968
331829735,1,3,-19.791245,10.196795,5.863008
331829744,1,3,-16.468155,11.326047,5.750442
331829754,1,3,-13.358221,12.511582,5.388794
331829764,1,3,-10.570418,13.816868,4.0008802
331829774,1,3,-8.471184,14.683865,2.7758276
331829784,1,3,-6.7216225,14.602434,2.039359
331829794,1,3,-5.308561,13.680351,1.7447717
331829804,1,3,-4.3385777,11.842175,1.7244141
331829814,1,3,-3.781736,9.359736,1.9746937
331829823,1,3,-3.2308815,6.9611244,1.9220031
331829833,1,3,-2.2333558,4.731361,1.8309925
331829843,1,3,-1.23104,2.6057813,2.039359
331829853,1,3,-0.9831555,0.40116578,3.0356872
331829863,1,3,-0.2586621,-1.4920971,3.627257
331829873,1,3,0.5185217,-3.5314562,4.2858872
331829883,1,3,2.071692,-4.348158,3.6452198
331829893,1,3,3.3446448,-4.770879,3.4129028
331829902,1,3,3.7649708,-6.11688,3.3123121
331829912,1,3,3.9026842,-6.9539394,2.6345215
331829922,1,3,4.7181883,-8.085586,1.3232483
331829932,1,3,5.6079383,-8.608898,0.81670165
331829942,1,3,8.231682,-10.303374,-0.4897815
331829952,1,3,12.51757,-13.066029,-0.33171022
331829962,1,3,17.457298,-15.669415,0.32093263
331829972,1,3,21.322859,-17.820143,-2.5471032
331829982,1,3,19.811602,-17.79739,-3.578159
331829991,1,3,13.789325,-15.180831,-4.040398
331830001,1,3,10.948832,-12.355906,-3.3159046
331830011,1,3,10.593171,-12.5319395,-3.0883777
331830021,1,3,11.504477,-13.843213,-2.957849
331830031,1,3,11.510464,-15.734081,-2.7806177
331830041,1,3,9.976454,-16.827408,-1.7962646
331830051,1,3,8.090376,-17.125587,-1.0226734
331830061,1,3,6.937174,-16.650175,1.162782
331830070,1,3,6.964717,-15.372433,1.6669335
331830080,1,3,6.0055113,-14.582076,4.0368056
331830090,1,3,4.409231,-15.920893,2.858456
331830100,1,3,3.5039136,-17.442926,3.2692018
331830110,1,3,3.197351,-18.753002,2.5423133
331830120,1,3,3.5290613,-18.969751,1.3519886
331830130,1,3,3.561394,-18.992504,-0.7149133
331830147,1,3,3.0213172,-18.636845,-1.8429675
331830157,1,3,2.5590785,-17.690811,-3.1925611
331830167,1,3,1.6405884,-16.593893,-3.735033
331830176,1,3,1.1160791,-15.532899,-4.093088
331830186,1,3,0.4406836,-14.843134,-4.0667434
331830196,1,3,-0.22992188,-14.492263,-3.9541771
331830206,1,3,-0.8346643,-13.958174,-3.36141
331830216,1,3,-1.0789562,-12.915143,-2.990182
331830226,1,3,-1.4274316,-11.516452,-2.8105555
331830236,1,3,-1.780697,-10.354867,-2.8572583
331830246,1,3,-2.1998255,-9.582473,-2.4740553
331830255,1,3,-2.379452,-9.140592,-2.1291723
331830265,1,3,-2.393822,-8.474776,-2.3770568
331830275,1,3,-2.3531067,-7.8616514,-2.6836195
331830285,1,3,-2.2632935,-7.580237,-2.7267296
331830295,1,3,-2.2884412,-7.420968,-2.7051744
331830305,1,3,-2.2441332,-7.1682935,-2.6955945
331830315,1,3,-2.1100123,-6.873706,-2.950664
331830325,1,3,-1.9375708,-6.6186366,-3.0081446
331830335,1,3,-1.6836988,-6.2821364,-2.990182
331830344,1,3,-1.5399976,-6.055807,-2.9171338
331830354,1,3,-1.404679,-5.9204884,-3.0476623
331830364,1,3,-1.6980689,-6.4497876,-3.05365
331830374,1,3,-1.9136206,-6.898854,-2.630929
331830384,1,3,-2.1148024,-7.571854,-2.5327332
331830394,1,3,-2.6321266,-8.320298,-2.4656725
331830404,1,3,-2.7482848,-8.308323,-1.895658
331830414,1,3,-2.4752526,-8.272397,-1.1472144
331830423,1,3,-2.3950195,-8.657995,-0.48139894
331830433,1,3,-2.572251,-9.168135,0.24189697
331830443,1,3,-2.9195287,-9.793235,0.124541014
331830453,1,3,-3.239264,-9.778865,-0.19399658
331830463,1,3,-3.9074743,-9.47829,-0.031135254
331830473,1,3,-4.785249,-9.1765175,0.36524048
331830483,1,3,-5.5827904,-8.460406,1.2813355
331830493,1,3,-5.788762,-8.231682,1.1208692
331830502,1,3,-5.773195,-8.398136,0.7711963
331830512,1,3,-6.301296,-9.211246,1.9902612
331830522,1,3,-6.8114357,-10.490186,3.317102
331830532,1,3,-6.0570045,-10.0698595,4.0164475
331830542,1,3,-4.2906775,-8.854387,3.305127
331830552,1,3,-3.7781434,-7.9083543,3.5122962
331830562,1,3,-4.1685314,-6.659352,2.957849
331830572,1,3,-3.8044884,-4.2595425,3.7122803
331830581,1,3,-3.4919386,-2.802173,3.9158568
331830591,1,3,-3.923042,-2.5207582,4.1589513
331830601,1,3,-5.0966015,-3.2811768,4.7457314
331830611,1,3,-6.8581386,-4.054768,6.1815453
331830621,1,3,-8.165819,-3.4428406,7.5443115
331830631,1,3,-8.626861,-2.1818628,7.04974
331830641,1,3,-8.970546,-0.59755737,5.5947657
331830651,1,3,-10.02675,0.53528684,5.061874
331830660,1,3,-11.303295,0.6550378,4.9744554
331830670,1,3,-12.519964,0.554447,5.322931
331830680,1,3,-13.295951,1.0202783,5.0235534
331830690,1,3,-13.651611,1.9267932,4.2511597
331830700,1,3,-14.192885,2.567461,3.3506324
331830710,1,3,-14.9940195,2.77463,2.645299
331830720,1,3,-16.031063,2.0082238,1.9243982
331830730,1,3,-17.293238,0.99752563,1.4441968
331830740,1,3,-18.853594,-0.025147704,1.6082556
331830749,1,3,-20.319345,-0.49097902,0.8107141
331830759,1,3,-22.116808,-0.61791503,-0.4071533
331830769,1,3,-24.285498,-1.1029065,-0.17483643
331830779,1,3,-25.37164,-1.9279907,-0.47181883
331830789,1,3,-24.866291,-3.3482373,-1.23104
331830799,1,3,-23.211332,-5.2750306,-1.5399976
331830809,1,3,-21.624632,-7.1048255,-1.0957215
331830819,1,3,-20.871397,-8.448431,-0.2215393
331830828,1,3,-20.642673,-9.416019,0.30895752
331830838,1,3,-20.84625,-10.575209,0.8634045
331830848,1,3,-21.204306,-12.547507,0.2586621
331830858,1,3,-22.09166,-14.797628,0.6873706
331830868,1,3,-22.630539,-15.377223,0.7005432
331830878,1,3,-21.301304,-12.9822035,1.3064831
331830888,1,3,-19.102676,-9.9153805,1.9016455
331830898,1,3,-18.61529,-8.405321,2.2776635
331830907,1,3,-20.666624,-9.344169,1.7519568
331830917,1,3,-23.378983,-11.61345,1.045426
331830927,1,3,-24.273523,-13.669574,0.17483643
331830937,1,3,-24.109465,-13.958174,-1.0609937
331830947,1,3,-23.35144,-12.7918,-2.5650659
331830957,1,3,-23.576572,-11.236234,-4.0368056
331830967,1,3,-24.465124,-9.586065,-5.254673
331830984,1,3,-25.056694,-8.122708,-6.321654
331830994,1,3,-25.584797,-7.1144056,-7.1096153
331831004,1,3,-25.89136,-6.1180773,-7.545509
331831014,1,3,-26.100924,-5.4115467,-8.434061
331831023,1,3,-25.994345,-5.012776,-9.001681
331831033,1,3,-25.55845,-4.9301476,-9.431587
331831043,1,3,-24.77528,-4.639153,-9.541758
331831053,1,3,-23.950195,-4.2834926,-9.364527
331831063,1,3,-23.46161,-3.9410048,-9.251961
331831073,1,3,-23.90948,-4.0176454,-9.959689
331831083,1,3,-23.434069,-5.095404,-10.843451
331831093,1,3,-22.232965,-7.37187,-11.95474
331831102,1,3,-20.007994,-9.689052,-11.5751295
331831112,1,3,-17.941092,-10.606344,-9.245973
331831122,1,3,-16.4945,-10.577603,-6.6916847
331831132,1,3,-15.4933815,-9.480685,-4.4966493
331831142,1,3,-14.736555,-8.351433,-3.7027001
331831152,1,3,-13.885126,-7.7586656,-3.6188745
331831162,1,3,-13.008549,-7.7766285,-3.424878
331831172,1,3,-12.052936,-7.757468,-3.2260914
331831181,1,3,-11.242222,-6.6701293,-3.8919067
331831191,1,3,-10.209969,-5.9300685,-4.454736
331831201,1,3,-9.042397,-6.8317933,-4.155359
331831211,1,3,-8.54064,-9.138197,-2.254911
331831221,1,3,-8.734636,-11.185939,0.11735596
331831231,1,3,-9.299861,-11.193124,1.4034815
331831241,1,3,-9.041199,-10.4075575,1.0262659
331831251,1,3,-9.372909,-8.523874,1.1280541
331831261,1,3,-9.818382,-7.728728,0.94962525
331831270,1,3,-10.52132,-8.772957,-0.91010743
331831280,1,3,-11.068583,-11.624228,-3.3087194
331831290,1,3,-11.57992,-16.714842,-5.039121
331831300,1,3,-11.639795,-22.710773,-5.0942063
331831310,1,3,-10.484198,-25.091423,-5.478607
331831320,1,3,-9.241183,-21.526436,-5.555248
331831330,1,3,-8.27599,-17.036972,-5.3205357
331831340,1,3,-7.4173756,-14.645544,-4.7157936
331831349,1,3,-6.570736,-13.069622,-4.6343627
331831359,1,3,-5.466632,-11.270962,-5.357659
331831369,1,3,-4.0835085,-9.552535,-7.437733
331831379,1,3,-3.1542406,-8.576565,-9.053174
331831389,1,3,-2.1531227,-8.253238,-10.364447
331831399,1,3,-1.167572,-7.865244,-11.0123
331831409,1,3,-0.062270507,-6.964717,-10.909314
331831419,1,3,0.81310916,-5.8570204,-10.334509
331831428,1,3,1.475332,-4.6187954,-9.655521
331831438,1,3,2.1183949,-3.0955627,-8.835227
331831448,1,3,2.5494983,-1.7627344,-7.479646
331831458,1,3,3.4895434,-0.5017566,-6.577921
331831468,1,3,4.0906935,-0.19040406,-6.5288234
331831478,1,3,4.5205994,-0.2215393,-6.949149
331831488,1,3,4.435576,-0.28979737,-6.9754944
331831498,1,3,4.2296047,-0.3436853,-6.835386
331831508,1,3,4.0439906,-0.20237915,-6.7335973
331831517,1,3,3.9433997,0.028740235,-6.725215
331831527,1,3,3.9960902,0.34967285,-6.3863196
331831537,1,3,4.2810974,0.93286014,-5.749244
331831547,1,3,4.446354,1.3998889,-4.5936475
331831557,1,3,4.8379393,1.7244141,-3.9505847
331831567,1,3,5.716912,1.8178198,-4.778064
331831577,1,3,6.582711,2.3734643,-4.931345
331831587,1,3,7.658075,3.5793567,-4.252357
331831596,1,3,8.289163,4.540957,-3.446433
331831606,1,3,8.6699705,4.9792457,-1.2633728
331831616,1,3,8.28078,4.684658,3.9996827
331831626,1,3,7.0078273,3.7529955,9.935739
331831636,1,3,6.5623536,3.8272412,8.228089
331831646,1,3,8.23767,3.7925134,7.884404
331831656,1,3,10.387199,4.240382,5.7049365
331831666,1,3,11.545192,4.8475194,3.7146752
331831675,1,3,12.037368,4.3122325,3.2811768
331831685,1,3,11.906839,2.4333398,2.066902
331831695,1,3,12.553494,1.2621753,2.6764343
331831705,1,3,13.438455,-0.13891113,4.89542
331831715,1,3,12.670851,-3.6021094,6.5910935
331831725,1,3,10.030342,-6.702462,9.350156
331831735,1,3,7.8400965,-9.136999,12.650494
331831745,1,3,8.098759,-10.5764065,13.904285
331831754,1,3,9.016051,-9.780063,13.419294
331831764,1,3,9.123827,-8.523874,11.870914
331831774,1,3,8.372989,-7.9287124,10.808723
331831784,1,3,7.6233473,-8.096363,9.847123
331831794,1,3,6.588699,-8.327483,11.093731
331831804,1,3,5.542075,-7.68442,11.706856
331831814,1,3,4.2200246,-5.7827744,11.815829
331831824,1,3,3.5194812,-3.1638207,10.978769
331831834,1,3,3.2524366,-0.55923706,9.841135
331831843,1,3,3.1326857,1.0238708,8.339458
331831853,1,3,2.8153455,2.0166063,6.9120264
331831863,1,3,2.4716601,2.6441016,5.8151073
331831873,1,3,1.7112415,2.9111462,5.3456836
331831883,1,3,0.92328,3.119513,5.1780324
331831893,1,3,0.44427612,3.6919227,5.421127
331831903,1,3,0.24429199,4.0954833,6.2713585
331831913,1,3,0.09939331,4.069138,6.9623218
331831922,1,3,-0.18800904,3.6751575,7.4197707
331831932,1,3,-0.5149292,3.2045362,7.619755
331831942,1,3,-0.7161108,2.6285338,7.514374
331831952,1,3,-1.2945081,2.1243823,7.5838294
331831962,1,3,-1.5052698,1.775907,7.2808595
331831972,1,3,-1.4310242,2.3159838,6.1348424
331831982,1,3,-1.5795153,3.4356556,4.968468
331831992,1,3,-2.2285657,4.150569,3.4919386
331832001,1,3,-3.4631982,4.437971,2.3315516
331832011,1,3,-5.19839,4.204457,1.411864
331832021,1,3,-7.067703,3.6955152,0.8681946
331832031,1,3,-8.992101,3.2105236,0.39996827
331832041,1,3,-9.994416,3.0033545,0.13052857
331832051,1,3,-10.503358,2.6884093,-0.37362304
331832061,1,3,-10.915301,1.8788928,-0.32332763
331832071,1,3,-11.591894,1.3256433,0.11256592
331832081,1,3,-12.456496,1.1268567,1.651366
331832090,1,3,-12.518767,1.0609937,1.6944764
331832100,1,3,-12.405004,0.82867676,1.4082714
331832110,1,3,-12.5319395,0.43349853,0.7867639
331832120,1,3,-13.091177,-0.22513184,0.9592053
331832130,1,3,-13.432467,-0.62031007,1.0957215
331832140,1,3,-13.773757,-0.4514612,2.694397
331832150,1,3,-13.6575985,0.18561402,3.4596057
331832160,1,3,-13.225298,1.1292517,2.6979895
331832169,1,3,-13.101954,2.2309606,2.147135
331832179,1,3,-13.213323,3.102748,1.7531543
331832189,1,3,-13.415702,3.935017,1.4501843
331832199,1,3,-13.553415,4.2954674,1.5124549
331832209,1,3,-13.795313,4.770879,2.0692968
331832219,1,3,-13.74861,5.2630553,2.6033862
331832229,1,3,-13.612094,5.410349,2.8177404
331832239,1,3,-13.715079,5.1037865,3.7517982
331832248,1,3,-14.310242,4.406836,5.4810023
331832258,1,3,-14.644347,3.8799317,6.4473925
331832268,1,3,-14.796431,3.666775,6.71803
331832278,1,3,-15.501764,3.5039136,7.0066295
331832288,1,3,-15.906522,4.115841,5.542075
331832298,1,3,-15.833474,4.094286,4.2930727
331832308,1,3,-16.08615,3.4152977,4.7086086
331832318,1,3,-15.888559,2.1998255,5.9228835
331832328,1,3,-15.123351,1.1292517,6.9096313
331832337,1,3,-14.031222,0.25387207,7.515571
331832347,1,3,-13.597723,-0.8107141,8.697514
331832357,1,3,-13.510305,-1.8190173,9.987231
331832367,1,3,-13.850398,-3.0787976,10.486593
331832377,1,3,-14.271921,-4.416416,10.162067
331832387,1,3,-14.70542,-5.965994,9.730965
331832397,1,3,-15.185621,-6.74198,9.720187
331832407,1,3,-15.407161,-7.3658824,10.529703
331832416,1,3,-15.529306,-6.4869103,12.414584
331832426,1,3,-14.809604,-4.1122484,13.226496
331832436,1,3,-13.638439,-2.6740394,12.4265585
331832446,1,3,-13.295951,-2.8955786,11.880494
331832456,1,3,-13.6013155,-3.7733533,12.208612
331832466,1,3,-13.418097,-4.1936793,12.759466
331832476,1,3,-13.279186,-4.135001,14.7688875
331832486,1,3,-13.774955,-3.5158887,17.373472
331832495,1,3,-14.268329,-2.6740394,18.695522
331832505,1,3,-14.529386,-2.3806493,18.40812
331832515,1,3,-14.942527,-2.4644752,16.172369
331832525,1,3,-14.750925,-3.3111145,13.673166
331832535,1,3,-13.928236,-4.870272,11.445798
331832545,1,3,-12.667258,-6.309679,10.178833
331832555,1,3,-11.296109,-7.047345,10.0207615
331832565,1,3,-9.685459,-7.5275464,9.740544
331832574,1,3,-8.444839,-8.23288,9.327404
331832584,1,3,-7.95865,-9.19927,8.728649
331832594,1,3,-8.125104,-10.551258,7.6472974
331832604,1,3,-8.26162,-11.609858,6.4030848
331832614,1,3,-8.038883,-12.011023,5.957611
331832624,1,3,-7.7347155,-12.176279,5.997129
331832634,1,3,-7.133566,-12.069701,6.3156667
331832644,1,3,-6.4485903,-11.230247,6.055807
331832654,1,3,-5.8582177,-10.181228,5.101392
331832663,1,3,-5.9935365,-10.066267,3.730243
331832673,1,3,-6.894064,-10.630294,1.966311
331832683,1,3,-7.7371106,-11.733201,0.25027955
331832693,1,3,-7.7131605,-12.486434,-1.5100598
331832703,1,3,-7.4101906,-12.416979,-2.4237597
331832713,1,3,-7.0461473,-12.462484,-3.126698
331832723,1,3,-6.795868,-12.53673,-3.5410364
331832733,1,3,-6.4378123,-12.220587,-2.6632617
331832742,1,3,-5.886958,-11.24342,-1.9507434
331832752,1,3,-5.2067723,-9.763297,-1.5567627
331832762,1,3,-4.3685155,-7.8233314,-0.9136999
331832772,1,3,-3.485951,-5.955216,-1.4262341
331832782,1,3,-2.962639,-4.5840673,-2.2417383
331832792,1,3,-2.6273365,-3.551814,-3.0931678
331832802,1,3,-3.060835,-2.811753,-3.4188905
331832827,1,3,-3.598517,-2.0704944,-3.6356397
331832837,1,3,-3.7721558,-1.2861255,-4.0116577
331832847,1,3,-3.6847374,-0.44906616,-4.975653
331832856,1,3,-3.6679723,0.61791503,-5.308561
331832866,1,3,-3.2213013,1.653761,-6.0474243
331832876,1,3,-2.5938063,2.393822,-6.842571
331832886,1,3,-1.6118481,3.0105395,-7.2018237
331832896,1,3,-0.79993653,3.8883142,-6.861731
331832906,1,3,0.7484436,4.677473,-6.8413734
331832916,1,3,1.4346167,4.7816563,-7.829319
331832926,1,3,2.0477417,4.7672863,-8.981323
331832935,1,3,2.5459058,4.721781,-9.780063
331832945,1,3,3.202141,4.975653,-9.921369
331832955,1,3,3.9493873,5.5145326,-9.607621
331832965,1,3,4.3122325,5.628296,-9.3453665
331832975,1,3,4.839137,5.597161,-8.648416
331832985,1,3,5.659431,6.3923073,-6.7132397
331832995,1,3,6.0474243,7.841294,-3.6991076
331833005,1,3,6.2426186,8.596923,-2.4489074
331833014,1,3,5.779182,8.938213,-2.4848328
331833024,1,3,5.9923387,9.250763,-1.895658
331833034,1,3,6.2893214,9.002878,-1.5112573
331833044,1,3,6.854546,8.214917,-1.7363892
331833054,1,3,8.707093,7.4054003,-3.5889368
331833064,1,3,10.933264,6.534811,-4.7529163
331833074,1,3,12.266092,3.803291,-5.5995555
331833084,1,3,12.561877,-1.729204,-5.374424
331833093,1,3,9.880653,-8.652008,-2.8165429
331833103,1,3,7.643705,-14.40245,0.31734008
331833113,1,3,8.381371,-17.659676,-0.2802173
331833123,1,3,8.772957,-17.238153,4.436774
331833133,1,3,10.104588,-25.114174,1.9160156
331833143,1,3,6.7192273,-28.384575,2.4848328
331833153,1,3,3.8320312,-27.175089,10.659035
331833163,1,3,7.2712793,-18.245258,7.897577
331833173,1,3,7.3539076,-9.841135,4.0882983
331833182,1,3,5.457052,-7.702383,1.6789087
331833192,1,3,3.9948926,-7.9059596,-0.5867798
331833202,1,3,2.1315675,-8.7825365,1.4585669
331833212,1,3,0.47062135,-11.203901,4.3134303
331833222,1,3,-0.08981323,-13.304334,7.611372
331833232,1,3,0.5376819,-14.38808,10.306967
331833242,1,3,1.1891272,-14.372512,11.317665
331833252,1,3,1.5819104,-13.25763,10.815908
331833261,1,3,1.583108,-11.64219,9.49745
331833271,1,3,1.2573853,-10.193203,8.907078
331833281,1,3,0.7232959,-9.104667,8.519085
331833291,1,3,0.32692015,-7.6568775,7.883207
331833301,1,3,0.5736072,-5.469027,7.550299
331833311,1,3,0.8861572,-2.9602442,7.9275146
331833321,1,3,1.0011182,-0.87298465,8.332273
331833331,1,3,0.68976563,0.5724097,8.387359
331833345,1,3,-0.24548951,0.96399534,8.493937
331833355,1,3,-1.7627344,0.6478528,8.635242
331833365,1,3,-2.7842102,0.27662477,8.851993
331833375,1,3,-3.2428565,-0.17363891,8.472382
331833384,1,3,-3.5578015,-0.55803955,8.25204
331833394,1,3,-3.8523889,-0.58438474,7.2832546
331833404,1,3,-4.2810974,-0.5233118,6.0342517
331833414,1,3,-4.6355605,-0.37721556,4.932543
331833424,1,3,-5.437892,-0.3927832,4.0104604
331833434,1,3,-6.070177,-0.28979737,3.6476147
331833444,1,3,-6.998247,-0.30057496,3.2859669
331833454,1,3,-7.9119473,-0.43349853,3.4152977
331833463,1,3,-9.134604,-0.65623534,4.1242237
331833473,1,3,-10.193203,-0.91489744,4.3050475
331833483,1,3,-11.189531,-1.2885205,4.242777
331833493,1,3,-11.886482,-1.8154248,4.0188427
331833503,1,3,-12.789404,-2.5375233,3.5601966
331833513,1,3,-13.335468,-2.955454,2.7410998
331833523,1,3,-13.687536,-2.9350965,2.1267774
331833533,1,3,-13.985717,-2.3219714,1.900448
331833542,1,3,-14.160553,-1.9375708,2.2129982
331833552,1,3,-14.0899,-1.7387842,1.9495459
331833562,1,3,-13.837225,-1.3352234,1.7771045
331833572,1,3,-13.929434,-1.2777429,1.4334192
331833582,1,3,-14.3186245,-1.6238233,1.7627344
331833592,1,3,-15.09461,-2.029779,2.147135
331833602,1,3,-16.08615,-2.2465284,2.6021888
331833612,1,3,-16.987873,-1.9734961,2.957849
331833621,1,3,-17.43215,-1.3268409,2.7339149
331833631,1,3,-17.43694,-0.69096315,2.2980213
331833641,1,3,-16.836987,-0.305365,1.5627502
331833651,1,3,-16.044235,0.27782226,0.48858398
331833661,1,3,-15.480208,1.0322534,-0.32332763
331833671,1,3,-15.166461,1.717229,-1.047821
331833681,1,3,-15.353272,1.6202307,-0.22752686
331833691,1,3,-16.336428,1.5064673,1.0130932
331833700,1,3,-17.435741,1.4178516,1.9818786
331833710,1,3,-18.798508,1.3843213,2.9590466
331833720,1,3,-19.88944,0.83346677,3.7218604
331833730,1,3,-20.90852,-0.20477417,4.096681
331833740,1,3,-21.62583,-0.37721556,3.9218445
331833750,1,3,-22.026995,0.31135255,3.7278478
331833760,1,3,-21.815035,1.2094848,3.4703834
331833773,1,3,-21.162392,1.3052857,3.2009437
331833783,1,3,-20.048708,0.69096315,3.182981
331833793,1,3,-18.501526,0.11496094,3.2680042
331833803,1,3,-17.13876,-0.59156984,3.2680042
331833813,1,3,-16.093334,-1.4849122,3.3566198
331833823,1,3,-15.481406,-2.3555017,3.7841308
331833833,1,3,-15.136523,-3.4356556,5.20797
331833843,1,3,-15.146104,-3.8440063,7.125183
331833853,1,3,-14.796431,-3.8188586,7.4269557
331833862,1,3,-14.0372095,-3.9637573,6.558761
331833872,1,3,-13.19536,-4.047583,6.229446
331833882,1,3,-12.549902,-4.390071,5.7145166
331833892,1,3,-11.8074465,-5.0798364,5.190007
331833902,1,3,-11.044633,-5.5935683,5.4534593
331833912,1,3,-10.402767,-5.8198977,6.173163
331833922,1,3,-9.557325,-5.8019347,6.939569
331833932,1,3,-8.606503,-5.715714,7.298822
331833941,1,3,-7.458091,-5.769602,7.2952294
331833951,1,3,-6.702462,-6.085745,6.988667
331833961,1,3,-6.1156826,-6.631809,6.605464
331833971,1,3,-5.948031,-7.115603,5.957611
331833981,1,3,-5.7588243,-7.1922436,5.4582496
331833991,1,3,-5.294191,-6.803053,5.0427136
331834001,1,3,-4.694238,-6.2785435,4.3002577
331834011,1,3,-3.993695,-5.8390574,3.2847693
331834020,1,3,-3.2272887,-5.868995,1.8776953
331834030,1,3,-2.7195446,-6.4066772,0.84424436
331834040,1,3,-2.515968,-7.203021,0.62031007
331834050,1,3,-2.4776478,-8.065228,1.1124866
331834060,1,3,-2.4417224,-8.600515,1.5555652
331834070,1,3,-2.3435266,-8.673563,2.3267615
331834080,1,3,-2.15432,-8.53585,2.4010072
331834090,1,3,-1.834585,-8.133487,2.2189856
331834099,1,3,-1.4310242,-7.691605,1.9375708
331834109,1,3,-1.2142749,-7.628137,2.2704785
331834119,1,3,-1.1029065,-7.8820095,2.4165747
331834129,1,3,-1.1903247,-8.083191,3.3530273
331834139,1,3,-1.3172607,-8.393346,3.8871167
331834149,1,3,-1.1891272,-8.608898,4.604425
331834159,1,3,-0.80233157,-8.352631,5.3384986
331834169,1,3,-0.50894165,-7.9011693,6.1180773
331834178,1,3,-0.41912842,-7.691605,6.787485
331834188,1,3,-0.47421387,-7.7981834,7.4161777
331834198,1,3,-0.9196875,-7.989785,8.080796
331834208,1,3,-1.4178516,-8.334668,8.116721
331834218,1,3,-1.8681152,-8.102351,8.220904
331834228,1,3,-1.8441651,-7.379055,8.056846
331834238,1,3,-1.6777111,-6.5767236,7.914342
331834248,1,3,-1.6262183,-5.7025414,7.1826634
331834258,1,3,-1.6729212,-5.1361194,7.1635036
331834271,1,3,-1.8657203,-5.466632,6.295309
331834281,1,3,-2.1615052,-5.8474402,5.910908
331834291,1,3,-2.2680836,-6.394702,5.7684045
331834301,1,3,-2.0896544,-6.8246083,5.264253
331834311,1,3,-1.7435743,-6.4797254,5.3923864
331834321,1,3,-1.2118798,-5.762417,5.9695864
331834331,1,3,-0.613125,-4.5960426,6.533613
331834341,1,3,-0.39517823,-3.7434156,6.9946547
331834350,1,3,-0.31015503,-3.4356556,7.0389624
331834360,1,3,-0.68497556,-3.8332288,7.4832387
331834370,1,3,-0.9352551,-4.5708947,7.579039
331834380,1,3,-0.8262817,-4.9289503,7.812554
331834390,1,3,-0.49936157,-4.9014072,8.486752
331834400,1,3,-0.2574646,-4.452341,8.558602
331834410,1,3,-0.13052857,-3.4691858,8.477172
331834420,1,3,-0.2706372,-2.6632617,8.378976
331834429,1,3,-0.5676196,-1.8537451,8.024513
331834439,1,3,-0.68018556,-1.0178833,7.4904237
331834449,1,3,-0.803529,-0.37482056,7.5754466
331834459,1,3,-1.0322534,-0.14370117,7.1946387
331834469,1,3,-1.0023156,0.2562671,7.2736745
331834479,1,3,-0.73048097,0.6059399,7.2401443
331834489,1,3,-0.5292993,0.9891431,7.677235
331834499,1,3,-0.57959473,1.3651612,7.8053684
331834508,1,3,-0.83945435,1.6010705,8.359816
331834518,1,3,-1.3340259,1.4394068,8.582553
331834528,1,3,-1.7866845,1.5256275,8.868757
331834538,1,3,-2.078877,1.7483642,8.929831
331834548,1,3,-2.2980213,2.1435425,8.716674
331834558,1,3,-2.3363416,2.7087672,8.390951
331834568,1,3,-2.5710535,3.1518457,8.490344
331834578,1,3,-2.7279272,3.7613783,8.207732
331834588,1,3,-3.0105395,4.26074,8.079598
331834597,1,3,-3.4727783,4.8451247,8.110734
331834607,1,3,-3.9685473,5.1768346,7.9358974
331834617,1,3,-4.5421543,5.710924,7.2832546
331834627,1,3,-4.9948134,6.101312,7.4293504
331834637,1,3,-4.8259645,6.5443907,7.047345
331834647,1,3,-4.148174,6.774313,7.5275464
331834657,1,3,-3.4356556,6.2941113,7.732321
331834667,1,3,-3.1542406,5.9612036,8.236472
331834676,1,3,-3.0009594,5.619913,8.335865
331834686,1,3,-3.145858,5.7217016,8.255632
331834696,1,3,-3.3662,5.860613,8.147857
331834706,1,3,-3.7769458,6.0007215,7.819739
331834716,1,3,-4.174519,6.12167,7.618557
331834726,1,3,-4.4343786,6.1276574,7.33355
331834736,1,3,-4.436774,5.981561,7.205416
331834746,1,3,-4.743336,5.7444544,6.980284
331834755,1,3,-4.9612827,5.591173,6.9539394
331834765,1,3,-5.134922,5.2977834,6.77072
331834775,1,3,-5.0570836,5.342091,6.7898803
331834785,1,3,-4.797224,5.4893847,6.4641576
331834795,1,3,-4.8175817,5.2570677,6.2641735
331834805,1,3,-4.91937,4.918173,6.0905347
331834815,1,3,-4.867877,4.7612987,5.7995396
331834825,1,3,-4.7601013,4.61161,5.357659
331834834,1,3,-4.8582973,4.811594,4.806804
331834844,1,3,-4.980443,5.140909,4.263135
331834854,1,3,-5.078639,5.237908,3.737428
331834864,1,3,-5.1504893,4.8978148,3.2847693
331834874,1,3,-5.5193224,4.5960426,3.197351
331834884,1,3,-5.661826,3.9218445,3.0404773
331834894,1,3,-5.863008,3.307522,3.009342
331834904,1,3,-6.006709,2.6524842,2.943479
331834913,1,3,-6.1372375,2.2213807,2.7051744
331834923,1,3,-6.1252623,1.9351758,2.3519092
331834933,1,3,-6.1049047,1.8214123,2.0381615
331834943,1,3,-6.5851064,2.142345,2.083667
331834953,1,3,-6.779103,2.2477257,2.1818628
331834963,1,3,-7.0245924,1.7627344,2.266886
331834973,1,3,-7.423363,0.98195803,3.06802
331834983,1,3,-7.732321,-0.7688013,4.6187954
331834993,1,3,-8.392148,-2.9590466,5.5528526
331835002,1,3,-9.237591,-4.1146436,7.0653076
331835012,1,3,-9.778865,-3.9338195,7.232959
331835022,1,3,-9.562116,-2.074087,7.0796776
331835032,1,3,-9.142987,0.31015503,6.8090405
331835042,1,3,-8.875942,1.4992822,6.828201
331835052,1,3,-9.299861,1.4765296,7.04495
331835062,1,3,-9.770482,0.737666,7.4556956
331835072,1,3,-10.194401,-0.22752686,7.9921803
331835081,1,3,-10.661429,-1.113684,8.258027
331835091,1,3,-11.061398,-2.523153,9.669891
331835101,1,3,-11.63261,-3.737428,10.002799
331835111,1,3,-12.240945,-3.6021094,10.31535
331835121,1,3,-11.99306,-2.1483326,9.841135
331835131,1,3,-11.499686,-0.74006104,9.26154
331835141,1,3,-10.748848,-0.5939648,9.053174
331835151,1,3,-10.326127,-1.0190808,8.874744
331835160,1,3,-9.854308,-1.5519726,8.389753
331835170,1,3,-9.407637,-1.9208057,8.014933
331835180,1,3,-8.874744,-2.0237916,7.521559
331835190,1,3,-8.386161,-2.0597167,7.03537
331835200,1,3,-7.93949,-2.5171654,6.9048414
331835210,1,3,-7.620952,-3.314707,7.05453
331835220,1,3,-7.316785,-3.8835242,7.230564
331835230,1,3,-7.2245765,-4.439169,8.265212
331835240,1,3,-7.2006264,-5.5444703,10.150093
331835249,1,3,-7.0018396,-7.0006423,11.663745
331835259,1,3,-6.7335973,-7.8796144,12.278068
331835269,1,3,-6.15041,-7.8867993,12.218192
331835279,1,3,-5.612728,-7.380253,12.753479
331835289,1,3,-5.2091675,-6.006709,13.342654
331835299,1,3,-5.0558863,-4.5002418,13.949791
331835309,1,3,-5.2139573,-3.2548316,14.524596
331835319,1,3,-5.740862,-2.3626869,14.4874735
331835328,1,3,-6.3743443,-2.1459374,14.110257
331835338,1,3,-6.6413894,-3.473976,13.554613
331835348,1,3,-7.0964427,-5.464237,13.624068
331835358,1,3,-7.588619,-7.1587133,13.245655
331835368,1,3,-7.4568934,-7.8257265,12.063713
331835378,1,3,-7.005432,-7.7059755,10.214758
331835388,1,3,-6.4641576,-7.5119786,8.5154915
331835398,1,3,-6.1671753,-7.4329433,7.3910303
331835407,1,3,-6.1671753,-7.538324,6.236631
331835417,1,3,-6.1156826,-7.6951976,5.5588403
331835427,1,3,-6.205496,-7.994575,5.0822315
331835437,1,3,-6.3444066,-8.213719,4.884642
331835447,1,3,-6.3683567,-8.127499,4.811594
331835457,1,3,-6.1851377,-7.6341248,4.7397437
331835467,1,3,-5.979166,-7.274872,4.815187
331835477,1,3,-5.6642213,-6.993457,5.043911
331835487,1,3,-5.2403026,-6.803053,5.173242
331835496,1,3,-4.839137,-6.779103,4.9672704
331835506,1,3,-4.436774,-7.028185,4.678671
331835516,1,3,-4.0535707,-7.1263804,4.350553
331835526,1,3,-3.69312,-7.0090246,4.0906935
331835536,1,3,-3.265609,-6.9060388,3.8895118
331835546,1,3,-2.8045678,-6.781498,3.754193
331835556,1,3,-2.3590941,-6.6653395,3.9996827
331835566,1,3,-2.1830604,-6.636599,4.162544
331835575,1,3,-1.8621277,-6.652167,4.3026524
331835585,1,3,-1.8573376,-6.6473765,4.191284
331835595,1,3,-2.095642,-6.6557593,3.9709425
331835605,1,3,-2.5123756,-6.6330066,3.578159
331835615,1,3,-2.941084,-6.8042507,3.1554382
331835625,1,3,-3.197351,-6.854546,2.999762
331835635,1,3,-3.2751892,-6.8880763,2.8500733
331835656,1,3,-3.3494349,-6.9515443,3.0344896
331835666,1,3,-3.3530273,-7.453301,3.791316
331835676,1,3,-3.5254688,-8.02571,3.9122643
331835686,1,3,-3.793711,-7.477251,3.8320312
331835696,1,3,-3.9290295,-7.3072047,2.926714
331835706,1,3,-4.0499783,-7.1682935,1.9842737
331835716,1,3,-4.331393,-7.2221813,1.8764977
331835725,1,3,-4.518204,-7.3838453,2.1076171
331835735,1,3,-4.3780956,-7.0233946,2.518363
331835745,1,3,-3.930227,-6.7479677,2.806963
331835755,1,3,-3.5039136,-6.6186366,3.1087353
331835765,1,3,-3.2332764,-6.77072,3.4188905
331835775,1,3,-3.2308815,-6.749165,3.6476147
331835785,1,3,-3.239264,-6.73719,3.7015028
331835795,1,3,-3.3003368,-6.6330066,3.7290454
331835804,1,3,-3.317102,-6.316864,3.7973034
331835814,1,3,-2.8907886,-5.8725877,3.923042
331835824,1,3,-2.3782544,-5.4810023,3.9589672
331835834,1,3,-1.6214283,-5.498965,4.2272096
331835844,1,3,-1.1891272,-5.6510487,4.4427614
331835854,1,3,-0.6490503,-5.82349,4.8475194
331835864,1,3,-0.14370117,-6.109695,5.3037705
331835874,1,3,0.2969824,-6.227051,5.943241
331835883,1,3,0.9568103,-6.3036914,6.7335973
331835893,1,3,1.353186,-6.15041,7.2437367
331835903,1,3,1.9639161,-6.072572,7.39582
331835913,1,3,2.3602917,-6.037844,7.7682457
331835923,1,3,2.6201513,-6.1683726,7.7993813
331835933,1,3,2.9566517,-6.2797413,8.028106
331835943,1,3,3.1159203,-6.267766,8.181387
331835953,1,3,3.2919543,-6.165978,8.213719
331835963,1,3,3.432063,-5.9444385,8.109536
331835972,1,3,3.4512231,-5.5899754,8.048463
331835982,1,3,3.4188905,-5.195995,7.919132
331835992,1,3,3.3470397,-4.8547044,8.129894
331836002,1,3,3.1087353,-4.572092,8.389753
331836012,1,3,2.8680358,-4.3026524,8.335865
331836022,1,3,2.5842261,-4.1242237,8.31431
331836032,1,3,2.2010229,-4.2834926,8.28557
331836042,1,3,1.9267932,-4.2739124,8.538244
331836051,1,3,1.348396,-4.301455,8.9442005
331836061,1,3,0.92687255,-4.325405,9.22322
331836071,1,3,0.432301,-4.435576,9.377699
331836081,1,3,-0.0981958,-4.454736,9.50224
331836091,1,3,-0.4287085,-4.2787023,9.243578
331836101,1,3,-0.7688013,-4.4200087,8.850795
331836111,1,3,-1.1328442,-4.2906775,8.59812
331836121,1,3,-1.3998889,-4.26074,8.326285
331836130,1,3,-1.729204,-4.191284,8.119116
331836140,1,3,-2.259701,-3.920647,8.250842
331836150,1,3,-2.687212,-3.6464171,8.079598
331836160,1,3,-3.3793726,-3.3242872,7.780221
331836170,1,3,-3.98172,-3.1135254,7.397018
331836180,1,3,-4.622388,-2.6524842,7.115603
331836190,1,3,-5.1229467,-2.151925,6.9587293
331836200,1,3,-5.407954,-1.4956897,6.908434
331836209,1,3,-5.7205043,-0.984353,6.8090405
331836219,1,3,-5.8414526,-0.8454419,6.9611244
331836229,1,3,-5.863008,-0.6490503,6.4162574
331836239,1,3,-5.874983,-0.53049684,6.6258216
331836249,1,3,-5.925278,-0.067060545,6.724017
331836259,1,3,-5.909711,0.6873706,6.6821046
331836269,1,3,-5.8007374,1.4106665,6.6485744
331836279,1,3,-6.074967,1.9950513,6.5922914
331836288,1,3,-6.4917006,2.0728893,6.532416
331836298,1,3,-7.146738,1.9782861,6.5599585
331836308,1,3,-7.701185,1.6298108,6.356382
331836318,1,3,-8.434061,1.4861096,6.072572
331836328,1,3,-8.986114,1.5040723,5.4486694
331836338,1,3,-9.665101,1.0538086,4.9576902
331836348,1,3,-10.42073,0.23590942,4.176914
331836358,1,3,-11.552377,-0.79035646,4.212839
331836367,1,3,-12.809762,-2.1806653,4.6415477
331836377,1,3,-13.936619,-3.849994,5.4558544
331836387,1,3,-15.740068,-4.9648757,6.0318565
331836397,1,3,-17.896784,-5.854625,6.8749037
331836407,1,3,-19.61042,-6.8976564,7.521559
331836417,1,3,-20.60555,-8.448431,8.029303
331836427,1,3,-20.243902,-9.932146,9.023236
331836437,1,3,-18.18299,-10.47821,9.269923
331836446,1,3,-16.171171,-9.594448,9.010063
331836456,1,3,-14.597644,-8.222102,8.638836
331836466,1,3,-13.154645,-7.01142,7.819739
331836476,1,3,-11.837384,-6.382727,7.155121
331836486,1,3,-10.697354,-6.1061025,7.0509377
331836496,1,3,-9.459129,-6.1156826,7.389833
331836506,1,3,-8.401729,-6.001919,7.8808117
331836516,1,3,-7.1922436,-5.8498354,7.6868153
331836525,1,3,-6.192323,-5.7205043,7.5371265
331836535,1,3,-5.363646,-6.079757,7.4269557
331836545,1,3,-4.721781,-6.72282,7.852072
331836555,1,3,-4.24637,-7.019802,8.101153
331836565,1,3,-3.9589672,-6.7335973,9.384884
331836575,1,3,-3.7086878,-6.3923073,10.499765
331836585,1,3,-3.3841627,-5.9935365,10.80992
331836595,1,3,-2.8452833,-5.5780005,10.42073
331836605,1,3,-2.242936,-5.2043777,10.386003
331836614,1,3,-1.7938696,-5.373226,10.199191
331836624,1,3,-1.3112732,-5.5660253,9.76689
331836634,1,3,-0.7819739,-5.798342,9.244776
331836644,1,3,-0.27662477,-5.7636147,9.074729
331836654,1,3,0.30416748,-5.3780165,8.474776
331836664,1,3,0.7532337,-4.982838,7.899972
331836674,1,3,0.86100954,-4.934938,7.3838453
331836684,1,3,0.5903723,-5.0822315,7.08327
331836693,1,3,0.1592688,-5.621111,6.971902
331836703,1,3,-0.2323169,-6.0079064,6.3204565
331836713,1,3,-0.4430786,-6.373147,5.557643
331836723,1,3,-0.6490503,-6.9946547,4.91937
331836733,1,3,-0.8801697,-7.7610607,4.87626
331836743,1,3,-1.047821,-8.666378,4.8750625
331836753,1,3,-1.3244458,-8.943003,4.8822474
331836763,1,3,-1.53401,-8.990903,4.9696655
331836772,1,3,-1.4980847,-8.9442005,5.351671
331836782,1,3,-1.3627661,-8.772957,5.9635987
331836792,1,3,-1.2226574,-8.481961,5.7755895
331836802,1,3,-0.9831555,-8.102351,5.5588403
331836812,1,3,-0.9412427,-8.267608,5.269043
331836822,1,3,-1.0118958,-8.625663,5.125342
331836832,1,3,-0.9951306,-9.051976,5.1456995
331836842,1,3,-1.1184741,-9.128617,5.476212
331836851,1,3,-0.97118044,-8.776549,5.9528213
331836861,1,3,-0.7113208,-8.462802,6.2318406
331836871,1,3,-0.4670288,-7.865244,6.582711
331836881,1,3,-0.30416748,-7.523954,6.9024463
331836891,1,3,-0.16765137,-7.1994286,6.932384
331836901,1,3,-0.27662477,-6.842571,6.907236
331836911,1,3,-0.34248778,-6.5360084,6.2869263
331836921,1,3,-0.2969824,-6.0031166,5.9516234
331836930,1,3,-0.11855347,-5.50136,5.4331017
331836940,1,3,-0.07903565,-5.325326,5.210365
331836950,1,3,0.20357665,-5.3133507,4.867877
331836971,1,3,0.25147706,-5.684579,4.8594947
331836981,1,3,0.07185058,-6.0953245,4.4595265
331836991,1,3,0.08741821,-6.0785594,3.998485
331837001,1,3,0.13651611,-5.962401,3.3398547
331837011,1,3,0.67898804,-5.811515,2.6776319
331837021,1,3,1.1975098,-5.733677,2.45729
331837031,1,3,1.53401,-5.926476,2.4285498
331837041,1,3,1.9196081,-6.4881077,2.389032
331837050,1,3,2.1770728,-7.0245924,2.6728418
331837060,1,3,2.098037,-7.5814342,3.7601807
331837070,1,3,1.9914588,-8.371791,4.230802
331837080,1,3,2.0561242,-8.904682,4.8175817
331837090,1,3,2.4764502,-9.148974,5.2115626
331837100,1,3,3.1039453,-8.856782,5.4810023
331837110,1,3,3.7925134,-8.178991,5.4091516
331837120,1,3,4.4738965,-7.428153,4.7541137
331837130,1,3,4.855902,-6.5994763,3.9158568
331837139,1,3,4.6571155,-5.795947,3.5326538
331837149,1,3,4.093088,-6.3348265,3.6380346
331837159,1,3,3.9038818,-6.589896,3.065625
331837169,1,3,4.2272096,-6.5743284,2.9806018
331837179,1,3,4.90979,-6.6425867,2.630929
331837189,1,3,6.1935205,-6.2474084,2.4848328
331837199,1,3,7.667655,-6.4917006,2.4848328
331837209,1,3,9.030421,-8.037685,3.2320788
331837218,1,3,9.078321,-9.583671,4.7936316
331837228,1,3,7.7107654,-10.748848,5.8103175
331837238,1,3,6.377937,-10.442286,5.830675
331837248,1,3,5.8510327,-8.786129,5.325326
331837258,1,3,6.2821364,-7.2856493,4.0739284
331837268,1,3,6.450985,-6.006709,3.1841784
331837278,1,3,6.2881236,-5.22713,2.191443
331837288,1,3,5.8965383,-4.076323,1.0202783
331837297,1,3,5.2510805,-3.2368689,0.34967285
331837307,1,3,4.198469,-2.906356,0.26824218
331837317,1,3,2.9841943,-2.6369164,0.6119275
331837327,1,3,2.1710851,-1.7064514,0.90531737
331837337,1,3,1.5304174,-0.46942383,1.0909314
331837347,1,3,1.1460168,0.79035646,1.096919
331837357,1,3,0.61911255,1.6549585,1.2298425
331837367,1,3,-0.2203418,1.9938538,1.4956897
331837376,1,3,-1.3124707,2.0357666,2.210603
331837386,1,3,-2.7949877,0.9699829,3.935017
331837396,1,3,-2.7159522,2.1243823,4.6187954
331837406,1,3,-2.8979735,4.623585,5.628296
331837416,1,3,-2.567461,3.171006,5.6881714
331837426,1,3,-3.8044884,-0.58558226,6.2078905
331837436,1,3,-6.534811,-6.2414207,7.919132
331837446,1,3,-7.9622426,-8.699908,7.838899
331837455,1,3,-6.6964746,-8.638836,9.566906
331837465,1,3,-5.1385145,-8.778944,11.524834
331837475,1,3,-5.1780324,-8.143066,13.946198
331837485,1,3,-5.7911572,-6.507268,15.06587
331837495,1,3,-6.2354336,-3.4643958,15.0574875
331837505,1,3,-6.791078,-0.17004639,13.998889
331837515,1,3,-6.1671753,2.1064196,12.169094
331837525,1,3,-4.9133825,2.933899,10.710527
331837534,1,3,-3.458408,2.6979895,10.111773
331837544,1,3,-2.215393,2.2393432,10.194401
331837554,1,3,-1.6154407,2.0142114,10.835069
331837564,1,3,-1.6860938,1.6980689,11.553575
331837574,1,3,-2.5339308,1.228645,12.148737
331837584,1,3,-3.7649708,0.8358618,12.660073
331837594,1,3,-4.6152024,0.6251001,12.502002
331837604,1,3,-4.8654823,0.6873706,12.293635
331837613,1,3,-4.528982,0.7484436,11.926
331837623,1,3,-4.230802,0.6586304,11.394305
331837633,1,3,-3.822451,0.791554,10.779983
331837643,1,3,-3.9290295,1.0538086,10.305769
331837653,1,3,-4.491859,1.2226574,9.637559
331837663,1,3,-5.3696337,1.040636,9.43518
331837673,1,3,-6.3539867,0.97237796,9.19448
331837683,1,3,-7.0796776,0.7137158,8.960965
331837692,1,3,-7.6389146,0.556842,8.7825365
331837702,1,3,-8.108338,0.27662477,8.398136
331837712,1,3,-8.699908,-0.0011975098,7.756271
331837722,1,3,-9.273516,0.11376343,7.2161937
331837732,1,3,-9.714199,0.11855347,6.4917006
331837742,1,3,-10.102192,0.4071533,5.877378
331837752,1,3,-10.597961,0.6658154,5.7049365
331837762,1,3,-10.838661,0.49816406,5.437892
331837772,1,3,-11.322454,0.1963916,5.405559
331837781,1,3,-11.606265,-0.081430666,5.1037865
331837791,1,3,-11.842175,-0.16286133,4.778064
331837801,1,3,-12.255315,-0.1951941,4.764891
331837811,1,3,-12.638518,-0.21914428,4.736151
331837821,1,3,-13.231285,-0.20357665,4.831952
331837831,1,3,-13.900693,0.10298584,5.21276
331837841,1,3,-14.770085,0.8238867,5.2307224
331837851,1,3,-15.091018,1.8753003,4.9672704
331837860,1,3,-15.384408,2.4560926,4.6571155
331837870,1,3,-15.589182,2.8907886,4.445156
331837880,1,3,-15.531702,2.9650342,4.0176454
331837890,1,3,-15.60954,3.1087353,3.4883459
331837900,1,3,-15.615527,2.76505,3.0344896
331837910,1,3,-15.438296,2.2201831,2.7758276
331837920,1,3,-15.319742,1.4441968,3.0033545
331837930,1,3,-15.307767,0.91489744,4.0368056
331837939,1,3,-15.267052,0.56881714,5.3037705
331837949,1,3,-14.849121,0.6813831,5.5684204
331837959,1,3,-13.9881115,0.70293826,5.618716
331837969,1,3,-12.94029,0.26704466,5.1121693
331837979,1,3,-11.688892,-0.5616321,4.2571473
331837989,1,3,-10.40636,-1.7208215,3.182981
331837999,1,3,-9.109457,-3.1434631,2.994972
331838009,1,3,-8.187374,-4.636758,3.6883302
331838018,1,3,-7.494016,-5.564828,4.867877
331838028,1,3,-6.75635,-5.971981,5.043911
331838038,1,3,-5.8438478,-6.3432093,5.0163684
331838048,1,3,-5.3684363,-6.6868944,6.314469
331838058,1,3,-5.6091356,-6.604266,8.58854
331838068,1,3,-5.667814,-6.565946,9.541758
331838078,1,3,-5.4726195,-6.3156667,9.220825
331838088,1,3,-5.5528526,-6.14083,8.855585
331838097,1,3,-5.82349,-6.3851223,8.654403
331838107,1,3,-5.739664,-6.3851223,8.055648
331838117,1,3,-5.3265233,-6.046227,7.580237
331838127,1,3,-4.742139,-5.708529,7.437733
331838137,1,3,-4.1637416,-5.419929,6.900051
331838147,1,3,-3.3302746,-5.2139573,6.276149
331838157,1,3,-2.6105714,-5.2965856,5.8318725
331838167,1,3,-2.027384,-5.1193542,5.710924
331838176,1,3,-1.4286292,-5.061874,5.3432884
331838186,1,3,-0.88855225,-5.210365,5.0008006
331838196,1,3,-0.3556604,-5.2163525,4.8355446
331838206,1,3,0.013172608,-5.3696337,4.5565248
331838216,1,3,0.2933899,-5.7073317,4.126619
331838226,1,3,0.14250366,-6.201903,3.6452198
331838236,1,3,-0.124541014,-6.7120423,3.117118
331838246,1,3,-0.11855347,-7.0078273,2.5614734
331838256,1,3,0.026345216,-7.5131764,2.3411317
331838265,1,3,0.27662477,-7.9574523,2.5782385
331838275,1,3,0.613125,-8.307125,2.8919861
331838285,1,3,1.0837463,-8.661588,3.2859669
331838295,1,3,1.3615686,-8.880733,3.685935
331838305,1,3,1.7447717,-9.195678,3.9757323
331838315,1,3,1.890868,-9.489067,4.108656
331838325,1,3,2.147135,-9.663904,4.2296047
331838335,1,3,2.0968397,-9.7884445,4.8990126
331838344,1,3,1.8142273,-9.932146,5.924081
331838354,1,3,1.3711487,-10.029144,7.2437367
331838364,1,3,0.9592053,-10.154882,8.298742
331838374,1,3,0.27183473,-9.984837,9.402846
331838384,1,3,-0.25147706,-9.623188,10.115365
331838394,1,3,-0.69096315,-9.1621475,10.243499
331838416,1,3,-0.8478369,-8.446036,9.654324
331838426,1,3,-0.78915894,-7.6484947,9.042397
331838436,1,3,-0.6598279,-6.991062,8.017328
331838446,1,3,-0.41673338,-6.3539867,6.654562
331838456,1,3,-0.46223876,-6.234236,5.591173
331838466,1,3,-0.79035646,-6.187533,4.472699
331838475,1,3,-1.1340418,-6.1276574,3.6164794
331838485,1,3,-1.3903089,-6.163583,2.838098
331838495,1,3,-1.4944922,-6.338419,2.4752526
331838505,1,3,-1.3495935,-6.6066613,2.3339465
331838515,1,3,-1.2058923,-7.0736904,2.1076171
331838525,1,3,-0.9424402,-7.5981994,1.8262024
331838535,1,3,-0.5783972,-7.9442797,1.9962487
331838545,1,3,-0.59635985,-8.533455,2.039359
331838554,1,3,-0.6262976,-8.692723,2.1148024
331838564,1,3,-0.7149133,-8.873548,2.3016138
331838574,1,3,-0.732876,-8.904682,2.0477417
331838584,1,3,-0.5221143,-8.754993,1.9818786
331838594,1,3,-0.4179309,-8.581355,1.9040406
331838604,1,3,-0.2826123,-8.556208,2.0369642
331838614,1,3,-0.3221301,-8.55022,2.4093897
331838624,1,3,-0.21195923,-8.441246,2.9446764
331838633,1,3,-0.09939331,-8.086783,3.1925611
331838643,1,3,-0.19040406,-7.9790077,3.326682
331838653,1,3,-0.39877075,-8.042476,3.3003368
331838663,1,3,-0.5652246,-8.458012,3.5350487
331838673,1,3,-0.80113405,-8.937016,4.0571632
331838683,1,3,-0.8753796,-9.325008,4.590055
331838693,1,3,-0.65623534,-9.433982,5.142107
331838703,1,3,-0.48738647,-8.988508,5.9468336
331838712,1,3,-0.05508545,-8.341853,6.683302
331838722,1,3,0.22513184,-7.531139,6.9455566
331838732,1,3,0.47660887,-6.981482,6.9766917
331838742,1,3,0.24189697,-6.7503624,7.435338
331838752,1,3,-0.08981323,-6.73719,7.6329274
331838762,1,3,-0.11615845,-6.817423,7.95386
331838772,1,3,-0.3197351,-6.7826953,8.577763
331838782,1,3,-0.49936157,-6.1623855,9.250763
331838791,1,3,-0.5161267,-5.437892,9.857901
331838801,1,3,-0.38080812,-4.658313,10.662627
331838811,1,3,-0.25267455,-3.9829175,11.4062805
331838821,1,3,0.05388794,-3.4835558,11.583512
331838831,1,3,0.27422974,-3.3937426,11.62303
331838841,1,3,0.2562671,-3.598517,11.461366
331838851,1,3,0.21195923,-3.942202,11.626622
331838861,1,3,0.07664063,-4.409231,11.814631
331838870,1,3,-0.12813355,-4.452341,12.128379
331838880,1,3,-0.18800904,-3.974535,12.169094
331838890,1,3,-0.28979737,-3.1722033,11.797866
331838900,1,3,-0.6167175,-2.1674926,10.927277
331838910,1,3,-0.98195803,-1.2082874,9.775272
331838920,1,3,-1.5064673,-0.3903882,8.55501
331838930,1,3,-2.2129982,0.45744872,7.5395217
331838940,1,3,-3.0237122,1.1747571,6.715635
331838950,1,3,-4.054768,1.7699194,6.10251
331838959,1,3,-5.316943,1.7687219,5.9049206
331838969,1,3,-6.631809,1.104104,6.077362
331838979,1,3,-7.547904,0.3676355,5.964796
331838989,1,3,-8.064031,0.13292359,5.696554
331838999,1,3,-8.776549,0.10178833,5.2043777
331839009,1,3,-9.702224,-0.038320314,4.494254
331839019,1,3,-10.763218,0.21315674,3.869154
331839029,1,3,-12.158317,0.17363891,3.3015344
331839038,1,3,-13.197755,0.008382568,3.4069152
331839048,1,3,-14.263538,-0.7041357,4.269122
331839058,1,3,-15.129338,-1.6166382,5.7121215
331839068,1,3,-15.477814,-2.6464965,6.8964586
331839078,1,3,-15.538887,-3.5685792,7.5742493
331839088,1,3,-14.943725,-4.101471,8.267608
331839098,1,3,-14.148578,-4.162544,8.089178
331839108,1,3,-13.406122,-3.7949085,7.8987746
331839117,1,3,-13.212125,-3.1841784,7.538324
331839127,1,3,-13.081596,-2.6345215,7.723938
331839137,1,3,-13.198953,-2.2812562,8.424481
331839147,1,3,-13.244458,-2.13037,9.747729
331839157,1,3,-13.219311,-2.2189856,10.611134
331839167,1,3,-13.16662,-2.1950355,10.71891
331839177,1,3,-13.158237,-1.8585352,10.635084
331839187,1,3,-13.318704,-1.4837146,9.780063
331839196,1,3,-13.685142,0.08741821,8.159832
331839206,1,3,-13.434862,1.6848962,6.404282
331839216,1,3,-13.034894,2.2249732,6.5384035
331839226,1,3,-12.997771,2.6632617,7.4269557
331839236,1,3,-12.87323,2.8249254,7.7670484
331839246,1,3,-12.142749,3.0716126,7.7694435
331839256,1,3,-11.345207,3.2608192,8.026908
331839266,1,3,-10.384805,3.5697765,8.298742
331839275,1,3,-9.101074,3.4883459,8.023315
331839285,1,3,-7.6592727,3.051255,7.276069
331839295,1,3,-6.4378123,2.0657043,6.934779
331839305,1,3,-5.788762,0.7843689,7.05932
331839315,1,3,-5.5025573,-0.33530274,7.205416
331839325,1,3,-5.0115786,-1.1819421,7.197034
331839335,1,3,-4.437971,-1.719624,7.3539076
331839345,1,3,-4.2930727,-2.2776635,8.762179
331839355,1,3,-4.3421702,-3.248844,9.46871
331839364,1,3,-4.1314087,-4.157754,9.439969
331839374,1,3,-3.5015185,-4.8738647,9.083112
331839384,1,3,-3.0883777,-5.8330703,8.800499
331839394,1,3,-2.642904,-6.8090405,8.539442
331839404,1,3,-2.4357347,-7.61257,8.653206
331839414,1,3,-2.0429516,-7.770641,8.917855
331839424,1,3,-1.1939173,-7.2102065,8.822055
331839434,1,3,-0.16645385,-6.051017,8.434061
331839443,1,3,0.82268924,-5.0726514,7.755073
331839453,1,3,1.6453785,-4.204457,6.815028
331839463,1,3,2.1950355,-3.6595898,5.9863515
331839473,1,3,2.5530908,-3.4631982,5.17444
331839483,1,3,2.8225305,-3.3949401,4.5050316
331839493,1,3,2.8919861,-3.378175,3.9266346
331839503,1,3,2.699187,-3.0787976,3.2883618
331839513,1,3,2.6800268,-2.7566674,3.0728102
331839522,1,3,2.4680676,-2.8931837,3.6200721
331839532,1,3,1.4849122,-3.422483,4.566105
331839542,1,3,0.5388794,-4.26074,5.132527
331839552,1,3,-0.43469605,-4.942123,5.8031325
331839562,1,3,-1.0921289,-5.7516394,6.549181
331839572,1,3,-1.5663428,-6.277346,6.8234105
331839582,1,3,-1.3364209,-6.156398,6.9874697
331839592,1,3,-0.5508545,-5.6785913,6.7108445
331839601,1,3,0.27303222,-5.2187476,6.3695545
331839611,1,3,0.92328,-4.869075,6.3288393
331839621,1,3,1.1711645,-4.8499146,6.483318
331839631,1,3,1.1639795,-4.9924183,6.707252
331839641,1,3,0.8418494,-5.1456995,7.380253
331839651,1,3,0.51971924,-5.5899754,7.8257265
331839661,1,3,0.13651611,-5.8570204,8.513097
331839671,1,3,-0.29937744,-6.4593678,8.8879175
331839681,1,3,-0.6059399,-7.03058,9.105865
331839690,1,3,-0.791554,-7.498806,9.050778
331839700,1,3,-0.7688013,-7.747888,8.6077
331839710,1,3,-0.43828857,-7.728728,8.074808
331839720,1,3,-0.14489868,-7.507189,7.491621
331839730,1,3,0.07903565,-7.1682935,6.9216065
331839740,1,3,0.05149292,-6.8772984,6.404282
331839750,1,3,-0.016765136,-6.589896,5.9420433
331839760,1,3,-0.23111938,-6.2569885,5.6163206
331839769,1,3,-0.40835083,-6.236631,5.4810023
331839779,1,3,-0.5556445,-6.2977037,5.1385145
331839789,1,3,-0.8346643,-6.5671434,4.9864306
331839799,1,3,-0.8861572,-6.791078,4.6247826
331839809,1,3,-0.9939331,-6.8461633,4.1936793
331839819,1,3,-0.859812,-6.484515,3.7949085
331839829,1,3,-0.58198977,-6.470145,3.439248
331839839,1,3,-0.2335144,-6.860533,3.2380664
331839848,1,3,-0.16525635,-7.430548,2.9207263
331839858,1,3,0.034727782,-7.721543,2.9374914
331839868,1,3,-0.026345216,-8.660391,3.297942
331839878,1,3,0.022752685,-9.794433,3.121908
331839888,1,3,0.05867798,-10.248288,3.676355
331839898,1,3,0.34847534,-10.782378,3.5182836
331839908,1,3,0.79514647,-10.357262,3.5266662
331839918,1,3,1.4513818,-9.759705,3.0404773
331839927,1,3,1.9890637,-9.164542,2.386637
331839937,1,3,2.5542884,-8.52148,1.8453625
331839947,1,3,3.190166,-8.0580435,1.5208374
331839957,1,3,4.1709266,-7.9035645,1.1735595
331839967,1,3,5.149292,-8.143066,1.0526111
331839977,1,3,5.442682,-9.396859,0.7652087
331839987,1,3,5.031936,-10.544073,1.4010864
331839997,1,3,4.287085,-12.2577095,2.0429516
331840006,1,3,3.6943176,-13.747412,2.623744
331840016,1,3,3.6919227,-13.704302,2.938689
331840026,1,3,3.8583765,-12.992981,3.102748
331840036,1,3,3.5530114,-12.170292,2.5638685
331840046,1,3,2.8560607,-11.587105,2.0249891
331840056,1,3,2.2764661,-10.902129,1.4274316
331840066,1,3,1.5352075,-10.38241,0.86220706
331840076,1,3,0.92807007,-9.711804,0.57480466
331840085,1,3,0.3544629,-9.010063,1.1053015
331840095,1,3,-0.368833,-8.456814,2.0537293
331840105,1,3,-0.7113208,-7.785011,2.4489074
331840115,1,3,-2.3698719,-8.547825,4.252357
331840125,1,3,-2.0417542,-2.254911,3.0991552
331840135,1,3,-3.0452673,-4.3709106,7.608977
331840145,1,3,-5.1552796,-1.5627502,8.52627
331840155,1,3,-6.1061025,-3.542234,7.1874537
331840164,1,3,-6.221063,-8.92025,7.4664736
331840174,1,3,-5.4067564,-9.801618,9.219627
331840184,1,3,-2.7219398,-9.390872,8.992101
331840194,1,3,0.62989014,-8.032895,6.842571
331840204,1,3,3.2045362,-6.866521,6.0737696
331840214,1,3,3.7218604,-6.660549,6.6485744
331840224,1,3,2.0213964,-6.598279,7.890392
331840234,1,3,-0.39877075,-7.389833,8.835227
331840243,1,3,-2.1998255,-8.078401,9.758507
331840253,1,3,-2.7159522,-7.716753,10.4075575
331840263,1,3,-1.9160156,-6.8018556,10.38241
331840273,1,3,-0.45505372,-5.732479,10.021959
331840283,1,3,0.65623534,-4.819977,9.556128
331840293,1,3,1.2058923,-4.418811,8.975336
331840303,1,3,1.0154883,-4.0882983,8.537047
331840313,1,3,0.4670288,-3.7673657,8.253238
331840322,1,3,-0.1484912,-3.075205,8.004155
331840332,1,3,-0.44667113,-1.9890637,7.220984
331840342,1,3,-0.88855225,-1.1148816,6.023474
331840352,1,3,-1.3424084,-0.59156984,5.125342
331840362,1,3,-2.2405407,-0.49097902,4.7373486
331840372,1,3,-3.754193,-0.38559815,4.8523097
331840382,1,3,-4.980443,-0.4778064,4.9948134
331840392,1,3,-6.124065,-0.46343628,4.9061975
331840401,1,3,-7.0784802,-0.16525635,4.7888417
331840411,1,3,-7.5131764,0.10538086,4.714596
331840421,1,3,-8.055648,0.082628176,4.6499305
331840431,1,3,-8.458012,0.19878662,4.362528
331840441,1,3,-8.975336,0.3568579,4.008065
331840451,1,3,-9.320218,0.6861731,3.67396
331840461,1,3,-9.845925,1.0106982,3.514691
331840471,1,3,-10.183623,0.8957373,3.4524207
331840480,1,3,-10.698552,0.0371228,3.885919
331840490,1,3,-11.490107,-1.648971,4.167334
331840500,1,3,-12.661271,-3.1051428,4.0727305
331840510,1,3,-14.101875,-3.993695,3.6871326
331840520,1,3,-15.137721,-3.854784,2.9135413
331840530,1,3,-15.828684,-3.0368848,2.1639001
331840540,1,3,-16.082556,-1.9483484,1.7723144
331840550,1,3,-15.673008,-1.4525794,2.1555176
331840560,1,3,-15.233521,-1.729204,3.1410682
331840569,1,3,-14.901812,-2.4285498,4.5637097
331840579,1,3,-14.960489,-2.9758117,5.5432725
331840589,1,3,-15.100598,-3.1374755,5.78996
331840599,1,3,-15.158078,-3.39015,5.8031325
331840609,1,3,-15.189214,-3.333867,5.874983
331840619,1,3,-14.932947,-3.138673,5.8091197
331840629,1,3,-14.033617,-2.6572742,5.722899
331840639,1,3,-12.809762,-2.4189696,5.405559
331840648,1,3,-11.755954,-2.4884253,4.91937
331840658,1,3,-10.826686,-2.7901978,4.4475513
331840668,1,3,-10.244696,-3.3973353,3.885919
331840678,1,3,-9.942924,-4.211642,3.38536
331840688,1,3,-9.821975,-5.1876125,2.7937903
331840698,1,3,-9.841135,-6.070177,2.931504
331840708,1,3,-10.213561,-6.325247,4.3289976
331840718,1,3,-10.31535,-5.836663,5.166057
331840727,1,3,-10.297386,-5.1672544,6.2641735
331840737,1,3,-10.196795,-4.9445176,6.6892896
331840767,1,3,-9.932146,-5.1504893,6.4665527
331840777,1,3,-9.584868,-5.595963,6.47733
331840787,1,3,-9.371712,-5.967191,6.6401916
331840797,1,3,-9.14658,-5.8666005,6.6090565
331840807,1,3,-8.851993,-5.5217175,7.533534
331840817,1,3,-8.959768,-4.7062135,8.786129
331840827,1,3,-8.952583,-3.6559973,8.462802
331840837,1,3,-8.386161,-2.635719,6.8796935
331840846,1,3,-8.038883,-2.2393432,5.3037705
331840856,1,3,-7.7430983,-2.687212,4.0260277
331840866,1,3,-7.5910144,-3.7709582,2.7399023
331840876,1,3,-7.2341566,-4.758904,1.7483642
331840886,1,3,-7.1263804,-5.5097423,1.971101
331840896,1,3,-6.9587293,-5.6797886,2.264491
331840906,1,3,-6.4090724,-5.892946,1.6142431
331840916,1,3,-5.863008,-6.725215,0.5771997
331840925,1,3,-5.6726036,-8.369396,-0.10777588
331840935,1,3,-5.964796,-11.091335,-1.421444
331840945,1,3,-6.5036755,-14.179713,-2.1579125
331840955,1,3,-6.671327,-16.80226,-2.7734327
331840965,1,3,-6.5384035,-18.314714,-2.4225624
331840975,1,3,-5.8402553,-19.10028,-1.8693128
331840985,1,3,-4.8187795,-19.515816,-1.8166223
331840995,1,3,-3.5685792,-19.645147,-2.3052063
331841004,1,3,-2.5878186,-19.962488,-1.8776953
331841014,1,3,-1.5471826,-20.574415,-0.87657714
331841024,1,3,-0.55324954,-20.886965,-0.039517824
331841034,1,3,0.4754114,-19.808008,-0.25267455
331841044,1,3,0.43709105,-18.482367,-1.341211
331841054,1,3,-0.60354495,-17.371077,-2.0633094
331841064,1,3,-2.2213807,-17.816551,-3.4428406
331841074,1,3,-3.166216,-19.443966,-3.302732
331841084,1,3,-3.7685633,-20.927681,-1.7208215
331841093,1,3,-4.212839,-21.813837,0.22872436
331841103,1,3,-4.6738806,-21.37555,1.5040723
331841113,1,3,-5.302573,-19.434385,1.7938696
331841123,1,3,-6.388715,-17.265696,1.4944922
331841133,1,3,-7.259304,-14.865887,0.18800904
331841143,1,3,-7.4664736,-11.971505,-0.95441526
331841153,1,3,-8.652008,-10.106982,-1.2046949
331841163,1,3,-9.85311,-8.976533,-0.91130495
331841172,1,3,-9.841135,-7.35271,-0.61552
331841182,1,3,-8.416099,-5.971981,-0.798739
331841192,1,3,-6.815028,-4.142186,-1.0382409
331841202,1,3,-5.795947,-1.9914588,-1.3843213
331841212,1,3,-5.2894006,-0.9029224,-3.530259
331841222,1,3,-7.682025,0.51013917,-3.4811609
331841232,1,3,-8.710686,6.119275,-1.3424084
331841246,1,3,-9.76689,10.17045,-1.53401
331841255,1,3,-6.9431615,13.428875,-2.0118165
331841265,1,3,-2.4237597,13.213323,-3.610492
331841275,1,3,-1.0262659,9.950109,-1.9351758
331841285,1,3,-1.6405884,5.532495,-0.21315674
331841295,1,3,-2.6141639,1.6130457,-0.30895752
331841305,1,3,-3.3015344,-0.31734008,-1.2011023
331841315,1,3,-3.578159,-1.0825489,-2.990182
331841325,1,3,-4.6271777,-0.5616321,-4.6247826
331841334,1,3,-5.290598,1.8130298,-5.2163525
331841344,1,3,-5.3408937,4.132606,-7.474856
331841354,1,3,-5.9767714,5.7863674,-8.851993
331841364,1,3,-6.7060547,4.8163843,-10.693762
331841374,1,3,-6.781498,2.2405407,-10.80992
331841384,1,3,-6.8341885,-0.6011499,-9.277108
331841394,1,3,-7.9107494,-3.6919227,-9.020841
331841404,1,3,-9.527388,-5.982759,-9.108259
331841413,1,3,-11.755954,-8.26162,-11.161988
331841423,1,3,-14.110257,-9.971663,-12.660073
331841433,1,3,-14.596447,-12.266092,-14.420413
331841443,1,3,-12.789404,-14.976057,-15.5987625
331841453,1,3,-11.104508,-18.326689,-15.457456
331841463,1,3,-10.855426,-22.474863,-16.674126
331841473,1,3,-12.727134,-25.794361,-18.3219
331841483,1,3,-12.357103,-27.500813,-16.823814
331841492,1,3,-7.726333,-26.951155,-15.597565
331841502,1,3,-2.1842577,-24.077131,-14.263538
331841512,1,3,-0.0059875487,-20.04272,-14.540164
331841522,1,3,-6.7383876,-21.029469,-22.532343
331841532,1,3,-6.4988856,-25.021967,-23.138283
331841542,1,3,-2.718347,-31.26219,-23.108345
331841552,1,3,-0.6502478,-34.216446,-21.66894
331841562,1,3,-3.0811927,-34.25716,-23.169418
331841571,1,3,-6.2665687,-34.63797,-25.069866
331841581,1,3,-8.632848,-35.713333,-25.499773
331841591,1,3,-9.933344,-35.824703,-24.069946
331841601,1,3,-11.223062,-34.163757,-22.47606
331841611,1,3,-12.92113,-32.24894,-21.382734
331841621,1,3,-15.427518,-31.049034,-20.161274
331841631,1,3,-17.606987,-30.760433,-19.045195
331841644,1,3,-18.921852,-30.532906,-17.785416
331841654,1,3,-20.382814,-30.004805,-16.550783
331841664,1,3,-21.979094,-28.59414,-15.389198
331841674,1,3,-23.287971,-26.415869,-14.532978
331841684,1,3,-24.51063,-24.176525,-14.059962
331841694,1,3,-24.82318,-22.297632,-13.881534
331841704,1,3,-24.56811,-20.569626,-13.280383
331841713,1,3,-24.22203,-18.198555,-12.684024
331841723,1,3,-23.711891,-15.877782,-12.657679
331841733,1,3,-23.637646,-14.414425,-12.8061695
331841743,1,3,-24.310646,-12.626543,-12.437336
331841753,1,3,-24.639961,-10.498569,-11.01709
331841763,1,3,-24.147785,-7.719148,-9.2184305
331841773,1,3,-22.867647,-5.358856,-7.05932
331841783,1,3,-21.639002,-3.4799633,-3.8392162
331841792,1,3,-20.671413,-2.0657043,-0.4897815
331841802,1,3,-20.47143,-0.54726195,3.2775843
331841812,1,3,-20.589983,1.0346484,4.453539
331841822,1,3,-20.54328,2.4297473,2.703977
331841832,1,3,-19.210451,3.0177245,0.23111938
331841842,1,3,-15.753241,3.749403,-0.73048097
331841852,1,3,-11.6948805,4.7086086,-0.57480466
331841862,1,3,-8.6843405,5.708529,0.42391846
331841871,1,3,-6.932384,6.42943,1.7938696
331841881,1,3,-5.821095,7.0509377,2.3076012
331841891,1,3,-5.1696496,6.9611244,1.4250367
331841901,1,3,-5.3828063,6.9048414,0.10298584
331841911,1,3,-5.3205357,7.253317,-1.155597
331841921,1,3,-4.404441,7.947872,-2.7099645
331841931,1,3,-2.6860144,8.249645,-3.9553747
331841941,1,3,-0.7975415,8.126301,-4.9289503
331841950,1,3,0.3556604,7.6904078,-5.7767873
331841960,1,3,1.6118481,7.505991,-7.909552
331841970,1,3,2.887196,8.5011215,-11.432626
331841980,1,3,3.9913,10.085427,-15.944842
331841990,1,3,4.3912683,11.239826,-17.741108
331842000,1,3,4.719386,11.517649,-16.520845
331842010,1,3,4.4990444,10.247091,-13.855188
331842020,1,3,2.3770568,7.8724294,-10.624307
331842029,1,3,0.24429199,5.5456676,-8.038883
331842039,1,3,-1.5280224,3.554209,-6.0953245
331842049,1,3,-4.1685314,1.8860779,-5.024751
331842059,1,3,-8.031698,1.5495776,-4.7792616
331842069,1,3,-13.465998,1.4813195,-4.508624
331842079,1,3,-15.310163,1.4849122,-4.4571314
331842089,1,3,-12.56068,1.5843054,-1.9459534
331842099,1,3,-9.257948,1.6872913,0.53169435
331842108,1,3,-7.2904396,1.155597,1.9112256
331842118,1,3,-6.5120583,0.2586621,3.5805542
331842128,1,3,-6.644982,-0.7819739,6.3959
331842138,1,3,-6.6629443,-1.3448035,5.9923387
331842148,1,3,-6.5791187,-0.120948486,2.1890478
331842158,1,3,-5.997129,2.9243188,-0.87657714
331842168,1,3,-4.658313,5.78996,-5.405559
331842178,1,3,-4.2367897,5.2139573,-5.5660253
331842188,1,3,-4.0583606,4.6990285,-3.4871485
331842197,1,3,-3.1434631,6.199508,-4.5613146
331842207,1,3,-1.773512,7.5754466,-2.818938
331842217,1,3,1.348396,8.619676,1.780697
331842227,1,3,4.958888,10.388397,7.9837976
331842237,1,3,5.4163365,7.3072047,7.482041
331842247,1,3,10.025552,8.804091,16.646584
331842257,1,3,13.964161,12.266092,20.86062
331842266,1,3,13.475577,11.741583,10.808723
331842276,1,3,10.887759,9.681867,4.670288
331842286,1,3,6.9922595,10.147697,0.8358618
331842296,1,3,2.2297633,9.873468,1.0310559
331842306,1,3,-1.4130615,7.6317296,0.55324954
331842316,1,3,-5.0810337,4.5912523,-1.3292358
331842326,1,3,-11.957135,1.7423767,-2.2453308
331842336,1,3,-18.382973,-1.6429834,-4.3589354
331842345,1,3,-18.218914,-6.43422,-7.7179503
331842355,1,3,-20.42233,-15.698155,-2.581831
331842365,1,3,-30.097013,-28.000174,5.3121533
331842375,1,3,-33.39855,-31.813044,8.937016
331842385,1,3,-23.934628,-21.958736,7.026987
331842395,1,3,-27.173891,-8.6136875,4.8978148
331842405,1,3,-29.135412,-5.8642054,-0.05628296
331842415,1,3,-27.795399,-10.402767,-2.4369323
331842424,1,3,-27.63134,-14.597644,-5.667814
331842434,1,3,-27.164312,-14.985638,-9.572893
331842444,1,3,-24.611221,-12.759466,-14.876664
331842454,1,3,-23.469994,-11.400293,-17.375866
331842464,1,3,-22.90956,-12.191847,-18.30753
331842474,1,3,-21.968317,-12.195439,-17.337547
331842484,1,3,-22.278471,-11.936777,-15.014378
331842494,1,3,-24.341782,-12.742702,-12.985796
331842503,1,3,-30.361662,-14.201268,-12.279265
331842513,1,3,-36.836597,-16.471746,-13.212125
331842523,1,3,-38.849613,-19.420015,-13.887521
331842533,1,3,-35.308575,-21.5911,-13.754597
331842543,1,3,-29.816795,-19.921772,-13.494738
331842553,1,3,-27.01582,-15.524517,-14.72937
331842563,1,3,-27.10324,-12.789404,-15.161671
331842573,1,3,-30.232332,-11.851754,-14.176121
331842591,1,3,-32.696808,-11.302097,-12.758269
331842600,1,3,-32.26211,-10.764416,-12.00743
331842610,1,3,-30.738878,-11.388318,-11.32485
331842620,1,3,-29.513826,-12.725936,-10.273437
331842630,1,3,-29.528196,-13.698315,-9.085506
331842640,1,3,-30.166468,-14.792838,-9.323811
331842650,1,3,-29.398865,-15.255077,-10.336905
331842660,1,3,-27.442133,-15.653848,-11.405083
331842669,1,3,-25.103397,-17.151932,-11.876902
331842679,1,3,-22.438938,-19.011665,-11.90205
331842689,1,3,-19.34098,-20.144508,-11.888877
331842699,1,3,-16.13285,-20.472628,-11.213482
331842709,1,3,-12.843292,-20.140917,-10.417137
331842719,1,3,-9.926159,-19.54815,-9.380094
331842729,1,3,-7.345525,-18.882334,-8.325088
331842739,1,3,-5.294191,-18.370996,-7.289242
331842748,1,3,-3.3973353,-18.194963,-6.8473606
331842758,1,3,-1.477727,-17.535135,-6.6114516
331842768,1,3,-0.13891113,-16.82621,-6.666537
331842778,1,3,0.6861731,-16.313675,-6.7695227
331842788,1,3,1.0298584,-14.938934,-6.3180614
331842798,1,3,0.76281375,-14.2695265,-6.5108604
331842808,1,3,0.49337402,-14.179713,-6.6868944
331842818,1,3,0.20836669,-13.876743,-5.7851696
331842827,1,3,0.06346802,-13.804893,-5.0115786
331842837,1,3,-0.05987549,-13.81088,-3.556604
331842847,1,3,-0.022752685,-14.147381,-2.3543043
331842857,1,3,0.8370593,-13.783338,-2.4525
331842867,1,3,1.8214123,-13.482762,-3.3913476
331842877,1,3,2.123185,-12.9187355,-3.7733533
331842887,1,3,2.2333558,-12.533137,-4.8547044
331842897,1,3,2.0573218,-12.53673,-6.5012803
331842906,1,3,1.4765296,-12.771441,-7.9179344
331842916,1,3,0.29578492,-13.306728,-8.938213
331842926,1,3,-0.69575316,-14.341377,-10.1752405
331842936,1,3,-1.9986438,-16.045433,-10.5692215
331842946,1,3,-3.739823,-17.51837,-9.845925
331842956,1,3,-5.50615,-18.564995,-9.724977
331842966,1,3,-6.819818,-19.059565,-10.152488
331842976,1,3,-8.291557,-19.660715,-11.573932
331842985,1,3,-9.994416,-20.821102,-13.627661
331842995,1,3,-12.721147,-22.22578,-15.348483
331843005,1,3,-15.3808155,-23.80889,-17.38305
331843019,1,3,-17.944683,-25.321344,-19.348166
331843029,1,3,-19.689455,-26.269772,-20.348085
331843039,1,3,-21.555176,-26.829008,-20.564835
331843049,1,3,-23.741829,-26.377548,-21.13006
331843058,1,3,-25.26506,-24.776478,-21.919218
331843068,1,3,-24.771687,-22.39942,-21.910835
331843078,1,3,-23.047274,-20.36126,-22.181473
331843088,1,3,-21.782703,-19.115849,-22.432951
331843098,1,3,-21.81743,-17.941092,-22.249731
331843108,1,3,-21.69289,-16.173567,-21.267773
331843118,1,3,-20.99594,-13.511502,-19.30745
331843128,1,3,-20.11457,-10.279424,-16.361576
331843137,1,3,-18.914667,-7.0018396,-12.8876
331843147,1,3,-17.51358,-4.242777,-9.334589
331843157,1,3,-16.366365,-2.2704785,-5.936056
331843167,1,3,-15.271842,-1.3100756,-3.6416273
331843177,1,3,-13.673166,-0.92687255,-1.966311
331843187,1,3,-11.9739,-1.1999048,-1.3795313
331843197,1,3,-10.627899,-1.0370435,-0.9580078
331843207,1,3,-10.145303,1.9267932,1.4334192
331843216,1,3,-11.460169,4.6427455,7.1263804
331843226,1,3,-8.84361,4.430786,3.681145
331843236,1,3,-3.3063245,-4.7912364,-7.0389624
331843246,1,3,-1.595083,-12.134366,-4.179309
331843256,1,3,1.6908838,-20.237915,7.191046
331843266,1,3,7.4688683,-23.108345,5.0115786
331843276,1,3,10.843451,-21.530027,5.80433
331843285,1,3,7.401808,-22.152733,-3.5230737
331843295,1,3,0.32332763,-23.338268,-8.577763
331843305,1,3,-4.7133985,-24.770489,-9.906999
331843315,1,3,-5.755232,-24.044798,-7.891589
331843325,1,3,-4.181704,-22.589825,-6.3743443
331843335,1,3,-3.0955627,-23.701113,-4.62119
331843345,1,3,-3.7230577,-26.729616,-4.0571632
331843355,1,3,-5.3624487,-28.082802,-5.9001307
331843364,1,3,-6.3839245,-25.911716,-8.297545
331843374,1,3,-7.738308,-23.012545,-9.5070305
331843384,1,3,-9.939331,-21.025877,-9.990824
331843394,1,3,-12.141552,-19.608025,-10.504556
331843404,1,3,-13.009747,-18.268011,-11.078163
331843414,1,3,-12.573853,-16.814234,-11.629017
331843424,1,3,-10.758428,-15.164066,-11.834989
331843434,1,3,-8.618478,-13.665981,-11.241024
331843443,1,3,-7.579039,-12.212205,-9.430389
331843453,1,3,-7.9203296,-10.835069,-7.662865
331843463,1,3,-8.316706,-10.45426,-6.1108923
331843473,1,3,-8.474776,-9.629176,-4.525389
331843483,1,3,-8.164621,-8.426876,-2.530338
331843497,1,3,-7.340735,-7.1778736,-1.0765613
331843507,1,3,-6.72282,-5.9061184,0.49097902
331843517,1,3,-6.3539867,-4.4331813,1.905238
331843527,1,3,-6.3982944,-2.4812403,3.1063404
331843537,1,3,-6.1767554,-0.99872315,2.9494665
331843546,1,3,-6.156398,-0.21674927,2.2070105
331843556,1,3,-6.058202,0.122145995,1.2358301
331843566,1,3,-5.342091,0.31734008,0.6969507
331843576,1,3,-4.094286,0.7424561,1.6908838
331843586,1,3,-2.6800268,1.9639161,2.8297155
331843596,1,3,-1.4453943,3.554209,3.004552
331843606,1,3,-0.556842,5.22713,2.0381615
331843616,1,3,-0.4754114,6.9311867,0.43349853
331843625,1,3,-0.49457154,8.697514,-0.52091676
331843635,1,3,0.1951941,9.849518,-1.4429992
331843645,1,3,1.1771522,10.663824,-1.8812878
331843655,1,3,2.2213807,11.868519,-2.645299
331843665,1,3,2.884801,12.717554,-4.2739124
331843675,1,3,3.0919702,13.000166,-5.508545
331843685,1,3,3.2644117,12.596605,-5.618716
331843695,1,3,3.4332604,11.777509,-4.214037
331843704,1,3,3.2560291,10.054292,-2.5494983
331843714,1,3,2.9482691,8.400531,-1.0801538
331843724,1,3,2.269281,7.1682935,-0.23830444
331843734,1,3,1.3651612,6.325247,-0.66701293
331843744,1,3,0.29937744,5.4247193,-2.003434
331843754,1,3,-0.6227051,4.4152184,-3.6524048
331843764,1,3,-1.2981006,3.7637732,-4.9576902
331843774,1,3,-2.4201672,3.0847852,-5.78996
331843783,1,3,-3.9122643,2.6033862,-5.7540345
331843793,1,3,-6.1037073,1.6836988,-5.698949
331843803,1,3,-8.7334385,0.68377805,-5.351671
331843813,1,3,-11.906839,-0.1951941,-4.7624965
331843823,1,3,-14.3258095,-0.7209009,-3.446433
331843833,1,3,-14.8323555,-1.1460168,-2.0800745
331843843,1,3,-14.05637,-1.2765454,-0.41314086
331843853,1,3,-12.5810375,-1.2298425,0.84065187
331843862,1,3,-10.800341,-0.79514647,0.9735754
331843872,1,3,-8.87235,-0.9364526,0.9580078
331843882,1,3,-7.098838,-0.7484436,1.1831397
331843892,1,3,-6.234236,-0.31734008,0.92807007
331843902,1,3,-5.722899,0.552052,-0.4682263
331843912,1,3,-5.127737,1.7363892,-0.54247195
331843922,1,3,-3.812871,1.4106665,1.5962806
331843932,1,3,-1.7902771,0.77957886,3.1650183
331843941,1,3,1.8046472,0.66342044,3.8511915
331843951,1,3,3.2093263,-0.3293152,5.4905825
331843961,1,3,4.7612987,-1.6645386,8.611293
331843971,1,3,5.26066,-2.5447083,10.614727
331843981,1,3,6.397097,-3.1566358,10.971584
331843991,1,3,6.580316,-5.5516553,11.067386
331844001,1,3,4.982838,-6.598279,9.386082
331844011,1,3,1.0382409,-6.6653395,8.589738
331844020,1,3,-2.6093738,-7.843689,8.098759
331844030,1,3,-5.5444703,-10.475816,8.91067
331844040,1,3,-8.132289,-13.252841,9.050778
331844050,1,3,-9.981244,-17.386644,10.220746
331844060,1,3,-12.709171,-22.429358,10.514135
331844070,1,3,-15.95083,-26.49131,11.3488
331844080,1,3,-17.208216,-27.851683,10.233918
331844090,1,3,-16.935183,-23.382576,8.811276
331844099,1,3,-16.711248,-16.754358,6.7431774
331844109,1,3,-17.815353,-11.080558,5.3504734
331844119,1,3,-18.428478,-9.457932,2.8057654
331844129,1,3,-19.914587,-10.76681,2.0968397
331844139,1,3,-20.582798,-13.548626,1.0909314
331844149,1,3,-20.525318,-14.486276,0.30895752
331844159,1,3,-20.324135,-13.670772,-1.3843213
331844169,1,3,-19.912193,-12.616962,-3.0273046
331844178,1,3,-19.471508,-12.2625,-4.4271936
331844188,1,3,-19.502644,-13.197755,-5.3073635
331844198,1,3,-20.200792,-14.279106,-5.708529
331844208,1,3,-20.378023,-14.968872,-6.2426186
331844218,1,3,-21.030666,-14.783258,-6.245013
331844228,1,3,-22.539528,-14.183306,-6.9874697
331844238,1,3,-24.285498,-13.662389,-8.58854
331844248,1,3,-25.872198,-13.000166,-10.572814
331844257,1,3,-27.343939,-12.455299,-12.783417
331844267,1,3,-29.245583,-13.529466,-13.633649
331844284,1,3,-30.398785,-16.19632,-14.013259
331844294,1,3,-28.955786,-19.65832,-13.747412
331844304,1,3,-25.52971,-21.339624,-13.288766
331844314,1,3,-23.035297,-19.756516,-11.153606
331844324,1,3,-20.74087,-16.45139,-10.368039
331844334,1,3,-19.17213,-13.53186,-9.861493
331844344,1,3,-17.977016,-11.927197,-8.54064
331844353,1,3,-17.405804,-11.896062,-7.4880285
331844363,1,3,-17.657282,-12.609777,-6.9287915
331844373,1,3,-18.137484,-13.947396,-6.4821205
331844383,1,3,-17.58543,-14.845529,-7.3934255
331844393,1,3,-15.607144,-14.002481,-8.699908
331844403,1,3,-13.145064,-12.61337,-9.709409
331844413,1,3,-10.866203,-11.699671,-10.31535
331844423,1,3,-8.820857,-11.086545,-10.104588
331844432,1,3,-7.037765,-10.414742,-9.504635
331844442,1,3,-5.4175344,-9.514215,-9.011261
331844452,1,3,-3.8440063,-8.86277,-8.643625
331844462,1,3,-2.381847,-8.618478,-8.546627
331844472,1,3,-1.3723462,-8.697514,-7.8448863
331844482,1,3,-0.8430469,-9.095087,-7.147936
331844492,1,3,-0.68377805,-9.724977,-6.6138463
331844502,1,3,-0.63108766,-10.196795,-6.2258534
331844511,1,3,-0.71850586,-9.892628,-6.1204724
331844521,1,3,-0.4682263,-9.26154,-6.218668
331844531,1,3,-0.18800904,-8.49274,-6.2617784
331844541,1,3,0.1963916,-7.67484,-6.375542
331844551,1,3,0.49696654,-7.2880445,-6.551576
331844561,1,3,0.83945435,-7.413783,-6.0905347
331844571,1,3,0.8418494,-7.9766126,-5.435497
331844581,1,3,0.5161267,-8.475974,-4.9936156
331844590,1,3,0.16046631,-8.950188,-5.0427136
331844600,1,3,-0.44906616,-9.283095,-5.597161
331844610,1,3,-1.1376343,-9.3453665,-6.1791506
331844620,1,3,-2.1363573,-9.028027,-7.060518
331844630,1,3,-3.2692018,-8.637638,-8.352631
331844640,1,3,-5.003196,-8.754993,-9.133407
331844650,1,3,-7.298822,-10.532099,-11.407478
331844660,1,3,-9.687854,-12.076886,-12.268488
331844669,1,3,-12.249328,-13.300741,-12.369079
331844679,1,3,-14.814393,-14.015655,-12.486434
331844689,1,3,-17.189054,-14.146183,-13.543836
331844699,1,3,-19.049986,-14.030025,-14.352155
331844709,1,3,-20.144508,-13.71987,-14.671889
331844719,1,3,-20.988754,-13.281581,-15.384408
331844729,1,3,-22.205423,-12.842094,-16.795074
331844739,1,3,-24.11665,-12.740307,-18.834435
331844748,1,3,-26.608667,-13.300741,-20.707338
331844758,1,3,-29.0935,-14.020444,-21.902454
331844768,1,3,-30.190418,-14.446758,-22.098845
331844778,1,3,-30.285023,-14.189293,-21.646187
331844788,1,3,-30.936468,-14.606027,-21.545595
331844798,1,3,-31.961536,-14.776073,-20.690575
331844812,1,3,-33.111145,-14.518608,-19.491867
331844822,1,3,-33.523087,-14.645544,-18.165026
331844832,1,3,-33.31233,-15.366446,-17.22977
331844842,1,3,-32.986603,-16.243023,-16.69568
331844852,1,3,-32.4597,-17.420174,-16.367563
331844862,1,3,-31.807056,-18.335072,-15.7747965
331844872,1,3,-31.484926,-19.027233,-15.246695
331844881,1,3,-31.58911,-19.323017,-14.664704
331844891,1,3,-31.468163,-19.362535,-14.497053
331844901,1,3,-30.582005,-18.506315,-14.671889
331844911,1,3,-30.229937,-17.603394,-14.135406
331844921,1,3,-29.574898,-17.31599,-13.304334
331844931,1,3,-28.651619,-17.001045,-11.596684
331844941,1,3,-27.591822,-16.441809,-10.10339
331844950,1,3,-26.524841,-14.755715,-8.499925
331844960,1,3,-25.208778,-12.509187,-7.8233314
331844970,1,3,-24.459137,-10.862611,-6.7838926
331844980,1,3,-23.607708,-9.444759,-5.6510487
331844990,1,3,-22.78861,-7.9526625,-5.1229467
331845000,1,3,-21.872517,-6.7479677,-4.884642
331845010,1,3,-21.031864,-5.51573,-4.2200246
331845020,1,3,-20.50017,-3.9757323,-3.8140686
331845029,1,3,-19.499052,-2.0597167,-2.2896388
331845039,1,3,-17.939894,-0.5604346,-0.33171022
331845049,1,3,-16.37355,0.29578492,2.3950195
331845059,1,3,-14.73895,1.475332,4.7038183
331845069,1,3,-13.076807,2.5087829,5.182822
331845079,1,3,-11.626622,2.682422,4.1637416
331845089,1,3,-10.523716,2.513573,3.0811927
331845099,1,3,-9.3453665,2.6033862,2.0692968
331845108,1,3,-8.028106,3.1039453,1.3232483
331845118,1,3,-6.5180454,3.739823,1.5376025
331845128,1,3,-4.934938,3.9781275,1.9854712
331845138,1,3,-3.4500256,3.9625597,2.3854394
331845148,1,3,-2.7410998,3.8475988,2.5315356
331845158,1,3,-3.1051428,3.97693,2.0441492
331845168,1,3,-3.68354,4.02962,1.1615845
331845178,1,3,-3.5110986,3.9074743,0.58438474
331845187,1,3,-2.6117687,3.7925134,0.38679564
331845197,1,3,-1.463357,3.5554066,0.0035925293
331845207,1,3,-0.33650026,3.4236803,-2.2561083
331845217,1,3,0.3927832,3.9457946,-5.403164
331845227,1,3,0.6981482,4.821174,-8.805289
331845237,1,3,0.27422974,6.0977197,-11.664943
331845247,1,3,-0.864602,7.3443274,-14.683865
331845257,1,3,-3.3721876,7.780221,-15.608342
331845266,1,3,-5.6953564,7.2078114,-14.858701
331845276,1,3,-7.946675,6.1276574,-12.753479
331845286,1,3,-11.185939,4.5421543,-9.831555
331845296,1,3,-14.451548,3.114723,-7.8784165
331845306,1,3,-16.51845,2.227368,-6.446195
331845316,1,3,-16.529228,1.6968713,-4.233197
331845326,1,3,-14.755715,1.1747571,-1.0789562
331845336,1,3,-12.543915,0.6993457,1.0262659
331845345,1,3,-11.103311,0.19878662,1.7004639
331845355,1,3,-10.570418,-0.32452515,1.7579443
331845365,1,3,-10.43989,-0.18082398,2.0381615
331845375,1,3,-9.674682,0.75682616,1.6705261
331845385,1,3,-8.242459,1.5579602,0.61911255
331845395,1,3,-6.13125,1.1807446,0.124541014
331845405,1,3,-3.8152661,0.14250366,0.45026368
331845415,1,3,-2.982997,-0.23950195,2.15432
331845424,1,3,-2.7051744,1.3136683,3.5506165
331845434,1,3,-2.1279747,1.4382092,9.166937
331845444,1,3,-0.35087037,1.7507592,9.136999
331845454,1,3,4.333788,7.3000197,10.934462
331845464,1,3,7.6401124,12.153526,15.276632
331845474,1,3,9.677076,18.382973,17.490828
331845484,1,3,11.585907,27.72714,16.955542
331845493,1,3,12.620556,34.20447,9.657916
331845503,1,3,8.034093,32.282467,4.099076
331845513,1,3,4.6978307,28.488758,2.0824695
331845523,1,3,-0.91489744,15.967595,6.441405
331845533,1,3,-3.5913317,1.2765454,13.5450325
331845543,1,3,-3.0847852,-9.794433,15.25867
331845553,1,3,-1.0095007,-16.174765,15.537689
331845563,1,3,-2.7985804,-21.23065,15.282619
331845572,1,3,-2.3507116,-24.20766,16.2059
331845582,1,3,5.116959,-22.084475,17.035774
331845592,1,3,10.308164,-19.282303,16.69209
331845602,1,3,11.3499975,-16.932789,15.905325
331845612,1,3,9.72378,-13.862373,15.530504
331845622,1,3,6.9335814,-11.377541,13.317506
331845632,1,3,3.9086719,-8.816067,11.080558
331845642,1,3,1.8046472,-6.1372375,9.405242
331845651,1,3,0.5017566,-3.97693,7.538324
331845661,1,3,-0.26704466,-2.5997937,6.6306114
331845671,1,3,-1.2154725,-2.4249573,6.201903
331845681,1,3,-2.0261865,-3.1362782,6.246211
331845691,1,3,-2.8105555,-4.531377,6.3444066
331845701,1,3,-3.458408,-5.884563,6.470145
331845711,1,3,-3.9924974,-6.9216065,6.251001
331845721,1,3,-3.993695,-7.4413257,5.2894006
331845730,1,3,-3.8607714,-7.500004,4.0272255
331845740,1,3,-3.6200721,-7.6484947,2.9602442
331845750,1,3,-4.0607557,-7.9358974,2.2848487
331845760,1,3,-4.3349853,-8.863967,1.648971
331845770,1,3,-4.700226,-9.887838,2.0261865
331845780,1,3,-5.498965,-11.088941,2.5075855
331845790,1,3,-6.8090405,-12.506792,3.2320788
331845800,1,3,-8.267608,-13.206138,3.5961218
331845809,1,3,-9.679471,-13.438455,3.202141
331845819,1,3,-11.0266695,-12.729528,1.8549427
331845829,1,3,-11.879297,-10.806328,0.31135255
331845839,1,3,-13.169015,-8.485554,-1.7244141
331845849,1,3,-14.682667,-7.084468,-3.3254845
331845859,1,3,-15.908917,-7.8472815,-4.477489
331845869,1,3,-15.792759,-11.04104,-4.7349534
331845879,1,3,-14.525793,-14.437178,-3.935017
331845888,1,3,-13.358221,-16.9747,-3.251239
331845898,1,3,-12.558285,-17.882414,-3.4021254
331845908,1,3,-11.8002615,-18.011744,-3.8344262
331845918,1,3,-11.072175,-17.947079,-5.8666005
331845928,1,3,-10.565629,-17.733923,-7.9275146
331845938,1,3,-9.977652,-17.597406,-10.1261425
331845948,1,3,-9.296268,-17.526752,-11.844569
331845968,1,3,-8.208929,-18.271605,-12.736713
331845978,1,3,-6.8892736,-18.864372,-12.687616
331845988,1,3,-5.2139573,-18.915865,-11.28653
331845997,1,3,-3.747008,-18.810484,-9.426797
331846007,1,3,-2.5602758,-18.991308,-6.901249
331846017,1,3,-1.8657203,-19.534977,-4.6666956
331846027,1,3,-1.7818946,-19.724184,-2.9698243
331846037,1,3,-2.0932472,-20.002007,-2.718347
331846047,1,3,-2.6153612,-19.4272,-2.9889843
331846057,1,3,-2.8919861,-17.962646,-3.9050794
331846067,1,3,-2.6129663,-16.186739,-4.528982
331846076,1,3,-2.0573218,-14.885046,-5.054689
331846086,1,3,-1.421444,-13.717474,-5.53489
331846096,1,3,-0.62390256,-12.619358,-6.4593678
331846106,1,3,-0.08981323,-11.722424,-7.505991
331846116,1,3,0.16645385,-11.126063,-8.608898
331846126,1,3,0.11496094,-11.28653,-9.432784
331846136,1,3,-0.5400769,-11.730805,-9.693842
331846146,1,3,-1.8453625,-11.7367935,-9.843531
331846155,1,3,-3.2117212,-11.426639,-12.468472
331846165,1,3,-5.005591,-11.281739,-15.731686
331846175,1,3,-7.965835,-12.23855,-18.173409
331846185,1,3,-11.446996,-13.973742,-20.162472
331846195,1,3,-13.746215,-15.274237,-21.146826
331846205,1,3,-15.775993,-16.578325,-21.660557
331846215,1,3,-16.549585,-17.15792,-21.100122
331846225,1,3,-15.616725,-16.496895,-21.302502
331846234,1,3,-14.8323555,-13.946198,-22.294039
331846244,1,3,-14.515016,-11.290122,-23.764582
331846254,1,3,-15.317348,-9.747729,-24.802822
331846264,1,3,-16.237036,-8.805289,-24.299868
331846274,1,3,-16.944763,-8.032895,-23.186184
331846284,1,3,-17.832117,-8.0305,-21.870121
331846294,1,3,-19.117046,-9.095087,-20.041523
331846303,1,3,-21.05342,-11.649375,-17.781822
331846313,1,3,-21.296515,-15.088623,-14.6000395
331846323,1,3,-19.239191,-18.159039,-10.018367
331846333,1,3,-17.120796,-22.314398,-4.712201
331846343,1,3,-10.882969,-15.935263,-16.66694
331846353,1,3,-11.479328,-15.074253,-3.6464171
331846363,1,3,-12.011023,-20.525318,-7.9981675
331846373,1,3,-8.704699,-19.506237,-7.6640625
331846382,1,3,-8.4520235,-20.483404,-7.5598793
331846392,1,3,-8.337063,-22.409,-8.842412
331846402,1,3,-7.0090246,-23.156246,-10.0207615
331846412,1,3,-6.70845,-23.283182,-10.817105
331846422,1,3,-7.106023,-23.614893,-11.64698
331846432,1,3,-8.745414,-24.49147,-11.408675
331846442,1,3,-10.5129385,-24.074736,-10.140512
331846452,1,3,-11.297307,-21.939577,-9.746532
331846461,1,3,-12.222982,-19.71101,-10.336905
331846471,1,3,-14.176121,-18.517094,-10.286609
331846481,1,3,-16.140038,-16.957935,-10.1261425
331846491,1,3,-16.749569,-14.826368,-9.764495
331846501,1,3,-16.847765,-13.17141,-10.169253
331846511,1,3,-16.87411,-11.739188,-10.791958
331846521,1,3,-16.998652,-9.596844,-12.116404
331846531,1,3,-17.178278,-7.555089,-13.839621
331846540,1,3,-16.351995,-5.380411,-14.804813
331846550,1,3,-15.215559,-3.5949242,-13.613291
331846560,1,3,-13.710289,-2.083667,-10.76681
331846570,1,3,-12.129577,-0.5448669,-7.599397
331846580,1,3,-11.01709,0.5053491,-4.2260118
331846590,1,3,-10.552456,0.98794556,-1.6417859
331846600,1,3,-9.890233,1.2861255,0.2933899
331846610,1,3,-8.590935,1.3052857,0.8490344
331846619,1,3,-7.01142,1.2669654,0.9568103
331846629,1,3,-5.8438478,1.1543994,1.0765613
331846639,1,3,-5.50615,1.113684,0.9196875
331846649,1,3,-5.53968,1.4561719,0.61911255
331846659,1,3,-5.781577,2.4321423,0.40595582
331846669,1,3,-5.428312,3.119513,-0.20836669
331846679,1,3,-4.3541455,3.4703834,-0.13052857
331846689,1,3,-3.0368848,3.7086878,0.2814148
331846698,1,3,-1.2633728,3.9853125,0.38559815
331846708,1,3,0.23111938,4.996011,-0.21674927
331846718,1,3,1.2669654,6.553971,-2.45729
331846728,1,3,1.4010864,8.680748,-5.3624487
331846738,1,3,1.1460168,10.402767,-8.9513855
331846748,1,3,0.15328126,11.033855,-11.960728
331846758,1,3,-2.1998255,10.568024,-13.218113
331846768,1,3,-5.1385145,9.327404,-12.448114
331846777,1,3,-7.076085,7.2569094,-11.815829
331846787,1,3,-8.919053,6.052214,-10.909314
331846797,1,3,-11.838581,5.830675,-9.770482
331846807,1,3,-14.901812,6.013894,-8.98731
331846817,1,3,-15.247891,6.1456203,-8.085586
331846827,1,3,-13.064832,5.755232,-5.3289185
331846837,1,3,-10.650652,4.406836,-2.2489233
331846847,1,3,-9.381291,3.0416749,-0.9136999
331846856,1,3,-9.1849,1.9651135,-0.6143225
331846866,1,3,-9.655521,1.472937,-1.1029065
331846876,1,3,-10.269844,1.475332,-1.5016773
331846886,1,3,-10.627899,1.7663269,-1.7220191
331846896,1,3,-10.1896105,2.0381615,-1.6789087
331846906,1,3,-8.892708,1.5124549,-0.86699706
331846916,1,3,-7.9921803,0.7232959,0.8358618
331846926,1,3,-7.95865,-0.6095325,3.4823585
331846935,1,3,-8.394544,-0.5017566,3.478766
331846945,1,3,-8.149054,2.1040246,0.5987549
331846955,1,3,-6.492898,5.1037865,2.342329
331846965,1,3,-4.733756,6.051017,8.317903
331846975,1,3,-4.190087,7.4832387,13.267211
331846985,1,3,-2.0261865,11.855347,15.558047
331846995,1,3,3.6991076,19.910995,16.519648
331847005,1,3,6.9120264,22.448519,17.827328
331847014,1,3,2.6908045,19.040405,19.343376
331847024,1,3,-2.2968237,12.182267,20.04751
331847034,1,3,-3.925437,4.118236,21.391117
331847044,1,3,-5.367239,-3.1530433,21.80306
331847054,1,3,-6.4402075,-9.27591,21.06779
331847064,1,3,-5.870193,-13.7701645,20.949236
331847074,1,3,-2.687212,-15.901732,19.816391
331847084,1,3,1.9220031,-16.548388,17.871635
331847093,1,3,5.1720448,-17.082478,16.119678
331847103,1,3,5.7133193,-17.25851,14.50304
331847113,1,3,5.50615,-17.144747,12.067306
331847123,1,3,5.7851696,-16.22985,9.314231
331847133,1,3,6.082152,-14.815591,7.0689
331847143,1,3,7.355105,-13.304334,6.4569726
331847153,1,3,8.787327,-12.442126,6.6773143
331847162,1,3,9.21364,-12.084071,7.4341407
331847172,1,3,8.436457,-11.958332,8.335865
331847182,1,3,5.322931,-12.181069,8.629255
331847192,1,3,2.271676,-11.951147,7.8029737
331847202,1,3,0.3221301,-10.941647,6.812633
331847212,1,3,-0.75083864,-9.965676,5.715714
331847222,1,3,-1.3807287,-9.398057,4.721781
331847232,1,3,-1.7986597,-9.133407,3.8092785
331847241,1,3,-2.0513341,-8.874744,2.955454
331847251,1,3,-2.1555176,-8.630453,2.1746778
331847261,1,3,-2.445315,-8.174202,1.3004956
331847271,1,3,-2.6153612,-8.067623,0.5999524
331847281,1,3,-2.8512707,-8.341853,-0.2574646
331847291,1,3,-3.1362782,-8.722661,-0.9244775
331847301,1,3,-3.4775684,-9.028027,-1.1424243
331847311,1,3,-3.6356397,-9.336984,-1.729204
331847320,1,3,-3.566184,-9.80521,-2.0920496
331847330,1,3,-3.4500256,-10.105785,-2.1782703
331847353,1,3,-3.2105236,-10.642269,-2.2776635
331847362,1,3,-3.2428565,-11.363171,-2.003434
331847372,1,3,-3.3961377,-12.20502,-1.0801538
331847382,1,3,-3.8835242,-13.067226,-0.16166382
331847392,1,3,-4.6654983,-13.457615,-0.4179309
331847402,1,3,-5.4187317,-13.063634,-0.4394861
331847412,1,3,-5.5312977,-11.669733,-1.1747571
331847422,1,3,-5.3528686,-9.510623,-2.0645068
331847432,1,3,-4.787644,-8.019723,-3.793711
331847441,1,3,-4.437971,-7.203021,-6.204298
331847451,1,3,-3.9613624,-6.8808913,-8.7897215
331847461,1,3,-4.64514,-6.817423,-10.239906
331847471,1,3,-6.2869263,-7.1587133,-9.794433
331847481,1,3,-8.115523,-10.31535,-11.597882
331847491,1,3,-9.499845,-14.416821,-10.451865
331847501,1,3,-10.263856,-16.65736,-8.2712
331847511,1,3,-9.350156,-16.94117,-6.6701293
331847520,1,3,-7.156318,-15.438296,-5.412744
331847530,1,3,-4.8714695,-14.043197,-4.8642845
331847540,1,3,-3.2356713,-13.004956,-3.974535
331847550,1,3,-2.262096,-11.643388,-3.3949401
331847560,1,3,-1.8357825,-10.259067,-2.535128
331847570,1,3,-2.1615052,-10.153686,-2.7854078
331847580,1,3,-2.6249413,-12.56547,-6.900051
331847590,1,3,-3.6212695,-15.728093,-12.788207
331847599,1,3,-5.109774,-17.726738,-16.966318
331847609,1,3,-8.164621,-19.955303,-22.680836
331847619,1,3,-11.999048,-25.896149,-25.81352
331847629,1,3,-10.273437,-26.84817,-23.201752
331847639,1,3,-6.285729,-21.957539,-20.613934
331847649,1,3,-3.7314405,-17.544716,-17.020206
331847659,1,3,-2.2393432,-12.909155,-11.237432
331847669,1,3,-0.25985962,-9.952503,-10.100995
331847678,1,3,-0.15447876,-8.981323,-11.314073
331847688,1,3,-2.1782703,-10.023157,-16.232244
331847698,1,3,-4.2367897,-11.99306,-22.646107
331847708,1,3,-9.2256155,-15.658638,-21.520449
331847718,1,3,-7.268884,-17.608183,38.910686
331847728,1,3,-11.167976,-6.516848,-29.937744
331847738,1,3,-11.839779,-3.732638,38.910686
331847748,1,3,-15.228732,1.108894,-36.11809
331847757,1,3,-17.380657,0.54247195,-27.079288
331847767,1,3,-20.440294,-4.973258,-28.760592
331847777,1,3,-21.498894,-13.771362,-23.62567
331847787,1,3,-14.273119,-19.611618,-26.92002
331847797,1,3,-14.9557,-19.768492,-25.74646
331847807,1,3,-15.338902,-17.747095,-27.930717
331847817,1,3,-18.745817,-15.748451,-29.988039
331847827,1,3,-22.200634,-14.997612,-33.279995
331847836,1,3,-23.13589,-15.147301,-34.164955
331847846,1,3,-23.723866,-15.329323,-31.501692
331847856,1,3,-24.27951,-15.625108,-27.539131
331847866,1,3,-23.868765,-14.664704,-22.86645
331847876,1,3,-23.18858,-15.494579,-20.488195
331847886,1,3,-23.7071,-16.92201,-18.853594
331847896,1,3,-23.770569,-17.04655,-18.002165
331847906,1,3,-22.830524,-15.552059,-18.434465
331847915,1,3,-23.387365,-14.476696,-19.203266
331847925,1,3,-24.307053,-13.73903,-19.621197
331847935,1,3,-23.855593,-12.58463,-19.816391
331847945,1,3,-22.023401,-10.865006,-18.400934
331847955,1,3,-21.198318,-8.703501,-16.095728
331847965,1,3,-20.768412,-6.373147,-13.638439
331847975,1,3,-18.87036,-4.848717,-11.306888
331847984,1,3,-17.675243,-3.2620165,-8.085586
331847994,1,3,-17.721947,-1.7962646,-4.7469287
331848004,1,3,-18.048866,-0.80592406,-3.5937269
331848020,1,3,-18.257235,-0.5652246,-1.9327807
331848030,1,3,-17.355509,-1.0226734,-0.8298743
331848040,1,3,-15.913708,-0.4658313,0.064665526
331848050,1,3,-14.049185,1.2226574,0.6885681
331848060,1,3,-11.748768,3.0129347,0.8789722
331848069,1,3,-10.027946,3.8559813,1.1639795
331848079,1,3,-9.054371,3.9853125,2.5842261
331848089,1,3,-9.171727,2.4848328,3.803291
331848099,1,3,-9.639954,1.1208692,4.6415477
331848109,1,3,-9.321416,0.25387207,4.3780956
331848119,1,3,-8.345446,0.23471192,2.8967762
331848129,1,3,-6.860533,1.1352392,0.82268924
331848139,1,3,-4.963678,2.2489233,-2.032174
331848148,1,3,-3.2332764,3.5865417,-5.748047
331848158,1,3,-2.374662,4.518204,-10.215956
331848168,1,3,-2.6345215,5.3624487,-14.07074
331848178,1,3,-4.846322,5.9001307,-14.567706
331848188,1,3,-7.460486,5.853428,-14.513819
331848198,1,3,-9.084309,7.2293663,-13.7701645
331848208,1,3,-8.812474,8.794512,-14.773678
331848218,1,3,-8.293953,9.754914,-15.865807
331848227,1,3,-9.020841,10.39678,-13.707894
331848237,1,3,-9.605226,10.358459,-11.011103
331848247,1,3,-10.154882,9.477093,-7.988588
331848257,1,3,-10.545271,7.34313,-5.0163684
331848267,1,3,-10.0698595,5.464237,-2.7542725
331848277,1,3,-9.325008,4.2858872,-1.2046949
331848287,1,3,-9.686657,5.0187635,1.5938855
331848297,1,3,-9.818382,7.474856,5.3504734
331848306,1,3,-7.994575,9.938133,5.4342995
331848316,1,3,-6.251001,12.593013,3.2452514
331848326,1,3,-5.5384827,14.071938,1.1891272
331848336,1,3,-5.3947816,13.553415,-3.2680042
331848346,1,3,-5.125342,13.382172,-8.346643
331848356,1,3,-4.7624965,14.246774,-10.912907
331848366,1,3,-3.918252,14.051579,-10.621912
331848375,1,3,-4.2343946,15.640675,-8.92025
331848385,1,3,-4.6834607,15.01318,-9.273516
331848395,1,3,-5.6486535,14.511423,-5.5612354
331848405,1,3,-6.0055113,13.058844,-5.277426
331848415,1,3,-6.2521987,12.161909,-0.7699988
331848425,1,3,-6.6473765,9.580078,3.5506165
331848435,1,3,-7.0820727,5.945636,7.6736426
331848445,1,3,-7.9299097,2.3710694,11.039843
331848454,1,3,-9.072334,1.8118323,9.320218
331848464,1,3,-8.734636,3.9050794,8.156239
331848474,1,3,-6.500083,2.274071,4.9696655
331848484,1,3,-4.7181883,-0.4658313,3.5601966
331848494,1,3,-4.3206153,-4.7038183,2.090852
331848504,1,3,-5.503755,-8.393346,1.8273998
331848514,1,3,-6.7838926,-9.416019,1.5843054
331848524,1,3,-7.7047777,-10.3512745,1.1903247
331848533,1,3,-9.77168,-12.9822035,0.37841308
331848543,1,3,-19.62479,-15.110178,-3.7829332
331848553,1,3,-38.3275,-16.598682,-7.4341407
331848563,1,3,-38.849613,-21.152813,-3.578159
331848573,1,3,-24.697441,-25.22674,-0.69455564
331848583,1,3,-27.46848,-25.334517,-0.39757323
331848593,1,3,-26.743986,-20.665426,-3.5769618
331848603,1,3,-24.03881,-15.355668,-5.5923705
331848612,1,3,-23.250849,-12.785811,-7.003037
331848622,1,3,-22.638922,-12.716356,-7.322772
331848632,1,3,-21.985083,-13.019326,-7.0233946
331848642,1,3,-21.518053,-12.231365,-6.531218
331848652,1,3,-21.440214,-10.304571,-6.1108923
331848662,1,3,-21.781506,-8.938213,-5.999524
331848672,1,3,-21.879702,-8.754993,-6.4234424
331848682,1,3,-21.35639,-9.837543,-6.885681
331848691,1,3,-20.494183,-10.799143,-6.221063
331848701,1,3,-19.417622,-10.374027,-5.6726036
331848711,1,3,-18.241667,-9.568103,-6.2234583
331848721,1,3,-17.784218,-8.460406,-6.7144375
331848731,1,3,-18.545834,-7.68442,-7.691605
331848741,1,3,-20.150497,-7.3994126,-9.133407
331848757,1,3,-21.565954,-8.2712,-10.057884
331848767,1,3,-21.983885,-10.615924,-11.290122
331848777,1,3,-22.907164,-12.442126,-11.278147
331848787,1,3,-23.613695,-13.019326,-11.4697485
331848796,1,3,-24.968079,-12.358301,-11.118878
331848806,1,3,-26.5931,-11.304492,-10.254276
331848816,1,3,-26.045837,-10.881771,-8.060438
331848826,1,3,-22.708378,-10.867401,-6.3444066
331848836,1,3,-20.398382,-11.029065,-5.454657
331848846,1,3,-19.34098,-11.599079,-4.3637257
331848856,1,3,-18.860779,-11.880494,-2.4489074
331848866,1,3,-17.339941,-11.678115,-2.4345374
331848875,1,3,-16.136444,-10.818303,-2.8644433
331848885,1,3,-15.120955,-10.465038,-3.6416273
331848895,1,3,-14.50304,-10.676997,-4.7553115
331848905,1,3,-14.091098,-11.607462,-5.732479
331848915,1,3,-13.867163,-12.658875,-6.771918
331848925,1,3,-12.945081,-13.15704,-7.232959
331848935,1,3,-11.335628,-13.033696,-7.8233314
331848945,1,3,-9.508227,-12.450509,-8.010143
331848954,1,3,-7.4640784,-12.266092,-8.265212
331848964,1,3,-5.7133193,-12.948673,-8.460406
331848974,1,3,-4.1074586,-13.351036,-7.9346995
331848984,1,3,-2.645299,-13.043277,-6.5048733
331848994,1,3,-1.463357,-12.28645,-5.4091516
331849004,1,3,-0.17723145,-11.62303,-5.925278
331849014,1,3,0.9136999,-11.304492,-6.7850904
331849024,1,3,1.4130615,-10.71412,-8.079598
331849033,1,3,2.3686743,-10.491383,-10.844648
331849043,1,3,3.8164637,-10.721305,-13.733042
331849053,1,3,5.197192,-10.484198,-15.421531
331849063,1,3,5.6163206,-9.932146,-15.937657
331849073,1,3,5.9025254,-8.167017,-15.336508
331849083,1,3,5.045109,-6.5791187,-15.289804
331849093,1,3,3.1039453,-6.8868785,-14.956897
331849103,1,3,0.73048097,-8.017328,-9.195678
331849112,1,3,-1.541195,-10.582394,-5.994734
331849122,1,3,-4.461921,-11.37275,-12.034973
331849132,1,3,-7.870034,-11.711645,-15.815512
331849142,1,3,-10.080637,-9.902208,-21.383932
331849152,1,3,-14.619199,-7.3682775,-25.710535
331849162,1,3,-19.756516,-4.3936634,-28.25165
331849172,1,3,-19.652332,-0.68976563,-27.709179
331849182,1,3,-16.805853,0.24668701,-26.90086
331849191,1,3,-15.481406,-2.0022364,-24.92856
331849201,1,3,-15.701748,-4.5864625,-23.114334
331849211,1,3,-16.505278,-6.0737696,-23.550226
331849221,1,3,-18.440453,-6.222261,-24.92856
331849231,1,3,-20.002007,-6.148015,-25.577612
331849241,1,3,-20.413948,-6.2737536,-25.809929
331849251,1,3,-20.628304,-6.4162574,-24.521408
331849265,1,3,-20.843855,-6.551576,-23.650818
331849275,1,3,-20.425924,-7.387438,-23.189777
331849285,1,3,-24.471111,-11.496094,-14.449153
331849295,1,3,-25.031548,-11.249407,-15.456259
331849305,1,3,-12.784615,-8.7897215,-32.648907
331849314,1,3,-21.580324,-9.279503,-30.148506
331849324,1,3,-23.523882,-17.561481,-26.969118
331849334,1,3,-23.249653,-20.671413,-22.87004
331849344,1,3,-23.872356,-19.3314,-23.001768
331849354,1,3,-22.05813,-15.240706,-22.563478
331849364,1,3,-23.555017,-14.1988735,-20.4367
331849374,1,3,-24.772884,-14.861096,-17.294436
331849384,1,3,-23.776556,-15.213164,-14.105468
331849393,1,3,-22.282064,-15.329323,-12.427756
331849403,1,3,-21.545595,-15.215559,-12.128379
331849413,1,3,-21.737198,-14.707815,-12.232562
331849423,1,3,-21.940773,-13.5941305,-12.924723
331849433,1,3,-21.108505,-12.601396,-13.867163
331849443,1,3,-20.209175,-11.947555,-13.996494
331849453,1,3,-19.064356,-11.379935,-13.330679
331849463,1,3,-17.450111,-11.170371,-12.408596
331849472,1,3,-16.653769,-10.217154,-10.41594
331849482,1,3,-16.668139,-8.538244,-8.731044
331849492,1,3,-16.152012,-6.744375,-7.1946387
331849502,1,3,-15.956818,-5.302573,-5.997129
331849512,1,3,-16.363972,-4.750521,-5.386399
331849522,1,3,-16.553177,-4.700226,-4.748126
331849532,1,3,-16.466957,-4.6810656,-3.9781275
331849541,1,3,-16.038248,-3.7458105,-2.3363416
331849551,1,3,-14.847923,-2.2285657,-0.9460327
331849561,1,3,-13.384566,-0.29578492,0.5221143
331849571,1,3,-11.848162,1.0118958,2.4153771
331849581,1,3,-10.471025,1.9279907,3.8907092
331849591,1,3,-9.405242,2.325564,4.120631
331849601,1,3,-8.825647,2.254911,3.9170544
331849611,1,3,-8.365803,1.9962487,3.6021094
331849620,1,3,-7.8424916,1.9579284,2.567461
331849630,1,3,-7.1191955,2.0046313,1.6597486
331849640,1,3,-5.980364,2.3495142,1.4932947
331849650,1,3,-5.2510805,2.8369007,1.3148657
331849660,1,3,-4.5373645,3.3111145,0.46223876
331849670,1,3,-3.8990917,3.7482057,-1.4920971
331849680,1,3,-3.1674132,4.477489,-3.9158568
331849690,1,3,-2.3135889,5.464237,-5.973179
331849700,1,3,-1.9770886,6.427035,-8.753797
331849709,1,3,-2.4201672,7.2018237,-12.141552
331849719,1,3,-3.6967127,8.077204,-15.787969
331849729,1,3,-6.2905188,9.206455,-18.733843
331849739,1,3,-8.928633,10.510543,-19.180513
331849749,1,3,-11.08415,10.669812,-18.137484
331849759,1,3,-13.083992,9.26154,-15.814314
331849769,1,3,-13.946198,7.9442797,-13.030104
331849779,1,3,-13.638439,7.1311707,-9.764495
331849788,1,3,-12.733121,6.4593678,-6.277346
331849798,1,3,-11.946358,5.78996,-2.2656884
331849808,1,3,-11.270962,4.6499305,1.3723462
331849818,1,3,-10.209969,3.4679883,2.9015663
331849828,1,3,-9.4507475,2.1794677,2.7135572
331849838,1,3,-9.48308,1.5364051,2.581831
331849848,1,3,-9.793235,1.8010547,3.0404773
331849857,1,3,-9.568103,2.5842261,4.5122166
331849867,1,3,-8.840017,4.164939,3.9853125
331849877,1,3,-7.012617,6.788683,0.14609618
331849887,1,3,-6.16478,7.282057,-5.261858
331849897,1,3,-6.876101,8.279583,-6.5372057
331849907,1,3,-6.9503465,10.71412,-4.8547044
331849917,1,3,-5.3432884,13.564193,-5.1301317
331849927,1,3,-2.8979735,15.2119665,-5.4235215
331849936,1,3,-0.30895752,15.694563,-1.8920654
331849946,1,3,3.1889684,14.845529,-1.355581
331849956,1,3,-0.45625123,13.597723,5.7372694
331849966,1,3,-6.3815293,10.001601,14.532978
331849976,1,3,-8.90588,2.0237916,17.282461
331849986,1,3,-11.024275,-2.802173,18.448835
331849996,1,3,-12.060121,-8.6771555,16.187937
331850006,1,3,-15.990348,-13.8120775,14.003679
331850015,1,3,-16.674126,-16.60946,11.652967
331850025,1,3,-11.758348,-13.985717,9.145382
331850035,1,3,-7.4736586,-10.3440895,5.6797886
331850045,1,3,-5.710924,-9.353748,5.3923864
331850055,1,3,-5.955216,-13.255236,4.502637
331850065,1,3,-7.03058,-16.310083,4.4906616
331850075,1,3,-8.783734,-17.809364,3.9398072
331850085,1,3,-11.066188,-20.74087,4.721781
331850094,1,3,-14.16654,-23.859184,4.1074586
331850104,1,3,-17.54232,-23.466402,5.046306
331850114,1,3,-20.678598,-21.571941,4.8654823
331850124,1,3,-18.323097,-18.845211,5.3552637
331850134,1,3,-15.111376,-16.07178,4.362528
331850144,1,3,-14.736555,-14.014457,2.6955945
331850154,1,3,-15.059883,-12.485237,0.85502195
331850164,1,3,-15.228732,-12.3702755,0.70533323
331850173,1,3,-15.801142,-14.252761,0.3544629
331850183,1,3,-16.598682,-15.983163,0.33410522
331850193,1,3,-17.093254,-16.433426,-0.7759863
331850203,1,3,-17.171093,-15.172449,-1.9243982
331850213,1,3,-16.169975,-13.661191,-2.6764343
331850223,1,3,-15.207176,-12.931908,-3.4380505
331850233,1,3,-15.033538,-12.625345,-3.6643798
331850243,1,3,-14.441968,-12.3068075,-4.4020457
331850252,1,3,-13.838423,-11.552377,-4.6403503
331850271,1,3,-13.976136,-11.133248,-5.1229467
331850281,1,3,-14.1497755,-11.167976,-5.351671
331850291,1,3,-14.722185,-12.115207,-5.071454
331850301,1,3,-15.693365,-13.977334,-5.1852174
331850311,1,3,-15.890955,-14.96528,-4.7349534
331850321,1,3,-14.898219,-15.04192,-4.470304
331850330,1,3,-13.346247,-14.522201,-4.5325747
331850340,1,3,-11.848162,-13.621674,-4.5780797
331850350,1,3,-10.578801,-12.153526,-4.411626
331850360,1,3,-9.469907,-10.924882,-4.694238
331850370,1,3,-8.646021,-10.102192,-5.292993
331850380,1,3,-8.458012,-9.571695,-5.5289025
331850390,1,3,-8.552615,-10.102192,-4.58287
331850400,1,3,-9.089099,-12.018208,-4.6247826
331850410,1,3,-9.230405,-13.57497,-4.160149
331850419,1,3,-8.983718,-13.933026,-4.4655137
331850429,1,3,-8.140672,-13.597723,-5.20797
331850439,1,3,-7.2090087,-13.19057,-6.227051
331850449,1,3,-6.258186,-13.337864,-7.026987
331850459,1,3,-5.1229467,-13.519885,-7.8400965
331850469,1,3,-4.1194334,-13.842015,-8.692723
331850479,1,3,-3.3254845,-13.413307,-9.172925
331850489,1,3,-2.5854235,-12.239747,-9.472302
331850498,1,3,-2.147135,-11.765533,-8.064031
331850508,1,3,-1.956731,-13.100757,-6.854546
331850518,1,3,-1.7747095,-14.065949,-5.5456676
331850528,1,3,-1.2657678,-14.292279,-5.379214
331850538,1,3,-1.0142908,-13.632451,-5.950426
331850548,1,3,-0.97597045,-12.601396,-6.891669
331850558,1,3,-1.1100916,-11.614647,-8.046068
331850567,1,3,-1.971101,-10.727292,-9.527388
331850577,1,3,-3.114723,-9.951306,-11.578722
331850587,1,3,-4.3469605,-9.1693325,-12.812157
331850597,1,3,-5.166057,-7.989785,-13.887521
331850607,1,3,-5.373226,-6.3456044,-14.795233
331850617,1,3,-6.6078587,-5.2331176,-14.453943
331850627,1,3,-6.229446,-3.8990917,-14.990427
331850637,1,3,-6.255791,-3.737428,-15.689773
331850646,1,3,-5.4738173,-3.7206628,-14.007272
331850656,1,3,-4.5792775,-3.8212538,-14.735357
331850666,1,3,-4.4200087,-3.718268,-15.599959
331850676,1,3,-5.988746,-4.101471,-15.283817
331850686,1,3,-7.267687,-4.0499783,-15.458653
331850696,1,3,-7.6496925,-3.2057335,-16.01789
331850706,1,3,-7.4161777,-1.9842737,-17.270485
331850716,1,3,-7.514374,-2.0417542,-17.870438
331850725,1,3,-7.556287,-2.9602442,-17.636925
331850735,1,3,-7.9251194,-4.1924815,-17.490828
331850745,1,3,-8.447234,-5.464237,-17.126785
331850755,1,3,-9.147778,-7.3706727,-17.584234
331850765,1,3,-13.881534,-10.472223,-12.027788
331850775,1,3,-17.226177,-11.94516,-10.259067
331850785,1,3,-14.233601,-6.5132556,-15.391593
331850795,1,3,-9.11784,-4.2787023,-24.978857
331850804,1,3,-12.279265,-9.374106,-23.08679
331850814,1,3,-9.219627,-13.116324,-21.4474
331850824,1,3,-10.619516,-19.108664,-20.635489
331850834,1,3,-10.139316,-21.838985,-23.323898
331850844,1,3,-9.154963,-18.25005,-23.36581
331850854,1,3,-7.66047,-14.087505,-25.645868
331850864,1,3,-7.7275305,-11.314073,-25.384811
331850874,1,3,-8.8879175,-12.066109,-22.51558
331850883,1,3,-9.386082,-14.829961,-19.824774
331850893,1,3,-10.324929,-17.390236,-18.150656
331850903,1,3,-11.270962,-18.294357,-17.335152
331850913,1,3,-12.845687,-17.278868,-16.511265
331850923,1,3,-14.319821,-15.3808155,-16.092136
331850933,1,3,-15.0994005,-13.729449,-15.210769
331850943,1,3,-15.373631,-13.203743,-13.83004
331850953,1,3,-15.1065855,-13.904285,-12.414584
331850962,1,3,-14.537768,-15.164066,-10.972782
331850972,1,3,-14.592854,-15.519727,-10.121352
331850982,1,3,-14.865887,-14.410832,-9.995614
331850992,1,3,-15.530504,-12.050541,-10.41115
331851002,1,3,-16.12926,-9.548943,-10.720107
331851012,1,3,-15.360457,-8.002957,-10.917697
331851022,1,3,-14.245576,-6.5288234,-10.212363
331851032,1,3,-13.183385,-5.5851855,-8.321495
331851041,1,3,-12.005035,-5.003196,-6.894064
331851051,1,3,-11.515254,-3.9709425,-4.8966174
331851061,1,3,-10.999127,-2.826123,-2.9422815
331851071,1,3,-10.086625,-2.327959,-0.59276736
331851081,1,3,-9.096284,-1.9351758,1.5148499
331851091,1,3,-8.498727,-1.6717236,2.3219714
331851101,1,3,-7.965835,-1.3364209,3.0308971
331851111,1,3,-7.683223,-0.94842774,3.3973353
331851120,1,3,-7.179071,-0.78915894,3.133883
331851130,1,3,-7.0066295,-0.97118044,2.7446923
331851140,1,3,-7.0952454,-1.3124707,2.2537134
331851150,1,3,-7.0820727,-0.51971924,1.3543836
331851160,1,3,-6.539601,0.88974977,0.2933899
331851170,1,3,-5.2630553,1.7603394,-1.4849122
331851180,1,3,-4.070336,2.990182,-3.4152977
331851190,1,3,-2.6057813,4.60203,-5.82828
331851199,1,3,-1.7423767,6.3791347,-7.9083543
331851209,1,3,-1.2202624,9.914184,-9.709409
331851219,1,3,-1.0657837,12.724739,-12.430151
331851229,1,3,-2.0800745,13.956976,-14.014457
331851239,1,3,-3.3518298,15.138919,-13.341456
331851249,1,3,-4.2799,15.346087,-12.324771
331851259,1,3,-4.905,14.562916,-10.352472
331851269,1,3,-5.4738173,12.397819,-7.8724294
331851279,1,3,-6.212681,9.760902,-5.6893687
331851288,1,3,-7.3263645,7.021,-3.6488123
331851298,1,3,-8.634046,5.2965856,-1.9926562
331851308,1,3,-9.096284,4.387676,-1.7950672
331851318,1,3,-9.229208,3.742218,-2.1794677
331851328,1,3,-8.758587,3.0776,-2.086062
331851338,1,3,-7.97302,2.5614734,-1.729204
331851348,1,3,-6.986272,2.1830604,-1.4250367
331851358,1,3,-6.478528,1.8525476,-1.5711328
331851367,1,3,-6.8677187,1.5280224,-1.6154407
331851377,1,3,-7.8029737,1.5124549,-1.6753162
331851387,1,3,-8.946595,1.6357983,-0.8753796
331851397,1,3,-9.883048,1.5759228,0.98674804
331851407,1,3,-9.971663,1.5938855,2.7135572
331851417,1,3,-8.880733,2.3315516,3.4703834
331851427,1,3,-6.091732,4.7181883,1.1244617
331851436,1,3,-3.8919067,6.787485,-1.0262659
331851446,1,3,-3.2596216,7.418573,-0.87178713
331851456,1,3,-2.9638367,7.486831,0.8909473
331851466,1,3,-2.1842577,7.2485266,3.314707
331851476,1,3,-1.0214758,7.7047777,2.335144
331851486,1,3,-0.9903406,10.850636,3.7290454
331851496,1,3,-2.4213648,14.917379,2.271676
331851506,1,3,-4.29906,18.144669,1.5675403
331851516,1,3,-6.053412,17.00344,2.513573
331851525,1,3,-6.812633,7.5934095,7.317982
331851535,1,3,-8.568182,-4.1613464,13.887521
331851545,1,3,-10.017169,-13.723462,15.283817
331851555,1,3,-11.093731,-19.200872,13.397739
331851565,1,3,-13.917459,-22.113214,12.900773
331851575,1,3,-15.069463,-25.914112,11.037448
331851585,1,3,-13.370196,-26.396708,11.323652
331851595,1,3,-10.589579,-26.035059,10.318942
331851604,1,3,-8.249645,-24.738157,8.383766
331851614,1,3,-6.427035,-22.491629,6.295309
331851624,1,3,-5.100194,-20.172052,4.33259
331851634,1,3,-4.331393,-18.7542,2.945874
331851644,1,3,-4.31822,-18.598524,2.9482691
331851654,1,3,-5.0103807,-19.859503,4.253555
331851664,1,3,-6.47733,-20.754042,5.3684363
331851674,1,3,-8.446036,-19.813997,5.9216857
331851683,1,3,-11.306888,-17.948277,5.586383
331851693,1,3,-12.885205,-16.281343,4.9385304
331851703,1,3,-12.627741,-15.650255,4.8020144
331851713,1,3,-12.086466,-15.2754345,4.4487486
331851723,1,3,-12.400213,-14.15217,3.2404613
331851733,1,3,-12.929513,-12.676838,1.6010705
331851743,1,3,-13.521083,-10.936856,-0.41314086
331851753,1,3,-14.033617,-9.389674,-2.6955945
331851762,1,3,-14.11385,-8.413704,-4.5852647
331851772,1,3,-13.874348,-8.538244,-6.074967
331851782,1,3,-13.494738,-8.687933,-7.1730833
331851792,1,3,-13.16662,-9.092691,-7.38145
331851815,1,3,-13.046869,-9.701027,-6.852151
331851825,1,3,-13.289964,-10.312954,-6.2474084
331851835,1,3,-14.365327,-10.607541,-5.7049365
331851845,1,3,-15.261065,-9.78605,-5.6019506
331851855,1,3,-15.462246,-8.90109,-5.2558703
331851865,1,3,-15.319742,-8.758587,-4.819977
331851875,1,3,-15.1065855,-8.91067,-4.528982
331851885,1,3,-14.995217,-9.410031,-4.524192
331851894,1,3,-15.267052,-10.42552,-4.30864
331851904,1,3,-15.755636,-11.524834,-3.3506324
331851914,1,3,-15.778389,-13.100757,-2.4069946
331851924,1,3,-15.279027,-14.3306,-2.217788
331851934,1,3,-14.09948,-14.204861,-2.823728
331851944,1,3,-12.8696375,-13.2241,-4.4104285
331851954,1,3,-12.299623,-12.353511,-5.7923546
331851964,1,3,-12.365486,-12.142749,-5.8833656
331851974,1,3,-12.034973,-13.121115,-5.5097423
331851983,1,3,-11.838581,-14.735357,-4.785249
331851993,1,3,-11.29132,-15.8238945,-3.5853443
331852003,1,3,-10.693762,-15.668218,-2.5243506
331852013,1,3,-9.690249,-14.582076,-2.4069946
331852023,1,3,-8.459209,-13.966557,-1.8920654
331852033,1,3,-7.6556797,-13.992902,-2.4608827
331852043,1,3,-6.508466,-14.449153,-4.3278003
331852053,1,3,-5.043911,-14.287489,-6.180348
331852062,1,3,-3.429668,-13.580958,-7.515571
331852072,1,3,-1.6801062,-12.420571,-8.019723
331852082,1,3,0.124541014,-11.345207,-8.693921
331852092,1,3,1.5986755,-10.224339,-8.871152
331852102,1,3,2.6393116,-9.299861,-9.066346
331852112,1,3,3.5063086,-9.375304,-7.643705
331852122,1,3,3.7050953,-9.878258,-5.0331335
331852131,1,3,3.5410364,-10.891352,-2.743495
331852141,1,3,3.2572265,-11.850556,-2.6369164
331852151,1,3,2.022594,-11.812237,-4.421206
331852161,1,3,0.33530274,-11.0602,-6.5910935
331852171,1,3,-0.123343505,-9.891431,-10.05549
331852181,1,3,-3.9505847,-10.44468,-15.445481
331852191,1,3,-7.677235,-11.184741,-21.823418
331852201,1,3,-13.016932,-10.65185,-28.65521
331852210,1,3,-18.332678,-9.001681,-34.222435
331852220,1,3,-21.114492,-6.6821046,-33.198563
331852230,1,3,-19.579285,-6.051017,-28.013346
331852240,1,3,-18.161432,-7.5299416,-23.84721
331852250,1,3,-16.00831,-6.947952,-24.498655
331852260,1,3,-14.73895,-4.333788,-29.135412
331852270,1,3,-17.932709,-2.809358,-35.962418
331852280,1,3,-22.300026,-0.29578492,38.910686
331852289,1,3,-25.051905,2.518363,38.910686
331852299,1,3,-26.678123,2.689607,38.910686
331852309,1,3,-26.75596,0.71251833,-35.99355
331852319,1,3,-27.003845,-2.513573,-28.861183
331852329,1,3,-26.019493,-5.6318884,-23.311922
331852339,1,3,-24.678282,-8.02571,-19.854712
331852349,1,3,-26.13565,-8.192164,-11.442205
331852359,1,3,-38.849613,-25.274641,38.905895
331852368,1,3,1.3184582,-0.13052857,-30.19521
331852378,1,3,-15.465838,-1.3268409,-29.576096
331852388,1,3,-4.069138,-10.691367,-34.64755
331852398,1,3,-2.5423133,-8.998089,-9.845925
331852408,1,3,-7.9430823,-23.032904,-7.2102065
331852418,1,3,-27.286457,-31.887291,-22.371878
331852428,1,3,-24.590862,-21.658161,-21.959934
331852438,1,3,-17.325571,-13.9318285,-23.062841
331852447,1,3,-14.615606,-13.595328,-19.791245
331852457,1,3,-9.963282,-14.179713,-17.899178
331852467,1,3,-9.81,-15.107783,-17.836908
331852477,1,3,-13.630056,-15.185621,-18.153051
331852487,1,3,-16.235838,-13.598921,-18.684746
331852497,1,3,-17.699194,-10.787168,-18.000967
331852507,1,3,-17.492025,-8.159832,-17.029787
331852517,1,3,-16.311281,-6.2402234,-15.904127
331852527,1,3,-15.591578,-5.5995555,-14.009666
331852536,1,3,-15.453863,-5.630691,-11.693683
331852546,1,3,-15.288608,-6.43422,-10.090218
331852556,1,3,-15.399976,-6.7527575,-8.01134
331852566,1,3,-14.925762,-6.619834,-5.971981
331852576,1,3,-14.226416,-5.339696,-4.4032435
331852586,1,3,-13.510305,-3.5949242,-3.2308815
331852596,1,3,-12.51757,-2.6045837,-2.0489392
331852606,1,3,-11.354788,-2.1962328,-0.72928345
331852615,1,3,-10.150093,-1.5555652,0.082628176
331852633,1,3,-8.981323,-0.64066774,0.40116578
331852643,1,3,-8.389753,0.3568579,1.1831397
331852652,1,3,-8.201744,0.92687255,1.355581
331852662,1,3,-8.321495,0.97477293,1.3100756
331852672,1,3,-8.079598,0.6227051,1.5388
331852682,1,3,-7.249724,0.2203418,1.8513501
331852692,1,3,-6.3048887,0.42152345,1.8669177
331852702,1,3,-5.285808,1.8788928,1.8010547
331852712,1,3,-4.4715014,3.2009437,1.2633728
331852722,1,3,-4.176914,3.8811293,0.8801697
331852731,1,3,-4.4427614,4.3289976,0.9340576
331852741,1,3,-4.59724,4.4511437,0.44906616
331852751,1,3,-5.180427,5.0331335,1.1711645
331852761,1,3,-5.748047,5.940846,0.2814148
331852771,1,3,-5.1756372,7.65089,-2.618954
331852781,1,3,-4.721781,9.243578,-7.3982153
331852791,1,3,-5.0259485,10.764416,-12.481645
331852801,1,3,-6.483318,12.740307,-15.708933
331852810,1,3,-8.302335,15.937657,-14.610817
331852820,1,3,-8.576565,19.464323,-10.002799
331852830,1,3,-7.5862246,20.721708,-5.877378
331852840,1,3,-5.9396486,19.27392,-2.8500733
331852850,1,3,-4.3026524,17.06092,-1.2274475
331852860,1,3,-3.0524523,14.43598,-0.8957373
331852870,1,3,-2.4297473,11.941567,-1.7088464
331852880,1,3,-2.630929,10.226733,-2.7997777
331852890,1,3,-3.7781434,8.796906,-3.8356237
331852899,1,3,-5.045109,7.6317296,-4.9481106
331852909,1,3,-6.5431933,7.129973,-3.5482213
331852919,1,3,-7.9837976,7.555089,0.6658154
331852929,1,3,-8.000563,7.9514647,3.4428406
331852939,1,3,-6.4940953,7.676038,3.2763867
331852949,1,3,-5.078639,7.174281,1.3807287
331852959,1,3,-4.605623,6.7048573,-1.3052857
331852968,1,3,-4.8582973,5.603148,-3.4069152
331852978,1,3,-5.4462743,4.331393,-4.0894957
331852988,1,3,-6.7455726,3.5853443,-3.6440222
331852998,1,3,-8.356223,2.8919861,-2.9877868
331853008,1,3,-10.097403,2.327959,-2.718347
331853018,1,3,-12.527149,1.52922,-3.3566198
331853028,1,3,-15.355668,0.04550537,-3.3374598
331853038,1,3,-17.317188,-2.1830604,-3.3506324
331853047,1,3,-17.257313,-5.701344,-3.0931678
331853057,1,3,-15.850239,-8.693921,-1.9734961
331853067,1,3,-14.316229,-10.249486,-0.87298465
331853077,1,3,-14.288687,-13.088781,-0.95441526
331853087,1,3,-14.868281,-14.887442,-3.1961536
331853097,1,3,-14.95091,-13.927038,-4.724176
331853107,1,3,-15.371235,-12.325968,-6.549181
331853117,1,3,-17.757872,-12.067306,-9.548943
331853126,1,3,-22.498814,-13.44564,-10.979967
331853136,1,3,-28.197762,-16.65736,-11.05541
331853146,1,3,-30.619127,-21.429438,-11.4697485
331853156,1,3,-30.49339,-26.134453,-9.911788
331853166,1,3,-30.659843,-28.630064,-9.42081
331853176,1,3,-30.70894,-27.85767,-10.535691
331853186,1,3,-30.500574,-23.923851,-11.8637295
331853196,1,3,-29.813204,-19.890636,-12.875625
331853206,1,3,-29.518616,-18.780546,-11.785892
331853215,1,3,-29.512629,-19.65353,-9.920171
331853225,1,3,-28.42529,-19.811602,-7.7814183
331853235,1,3,-26.518854,-18.96616,-6.7826953
331853245,1,3,-25.019571,-17.099241,-7.197034
331853255,1,3,-23.562202,-15.087425,-8.692723
331853265,1,3,-22.12519,-14.17133,-9.885443
331853280,1,3,-21.012703,-14.038407,-11.123669
331853290,1,3,-20.890558,-12.953464,-11.00272
331853300,1,3,-20.522923,-11.788286,-11.275752
331853310,1,3,-19.542162,-10.711725,-11.397898
331853320,1,3,-18.259628,-10.025552,-10.947635
331853329,1,3,-16.923208,-9.905801,-10.31535
331853339,1,3,-15.421531,-9.976454,-9.22322
331853349,1,3,-14.327007,-10.047107,-8.150251
331853359,1,3,-13.953383,-9.877061,-7.380253
331853369,1,3,-13.971347,-9.560918,-6.8892736
331853379,1,3,-13.77256,-9.22801,-6.5360084
331853389,1,3,-13.843213,-8.871152,-6.986272
331853399,1,3,-14.709012,-8.429272,-7.380253
331853408,1,3,-16.078964,-7.4317455,-8.435259
331853418,1,3,-17.410595,-6.6078587,-10.21835
331853428,1,3,-17.889599,-6.2989016,-10.66622
331853438,1,3,-16.45139,-6.2965064,-9.928554
331853448,1,3,-13.329481,-7.2413416,-9.086704
331853458,1,3,-10.564431,-8.3957405,-7.868837
331853468,1,3,-8.31431,-8.517887,-7.1347632
331853478,1,3,-6.787485,-7.9442797,-6.4162574
331853487,1,3,-5.854625,-6.873706,-6.325247
331853497,1,3,-5.6893687,-5.771997,-6.892866
331853507,1,3,-6.1587925,-5.4163365,-8.135881
331853517,1,3,-6.8677187,-6.6868944,-9.86269
331853527,1,3,-7.7742333,-8.248447,-10.338101
331853537,1,3,-8.249645,-8.84361,-10.480605
331853547,1,3,-7.430548,-8.938213,-11.753558
331853557,1,3,-5.8151073,-8.292755,-12.807367
331853566,1,3,-3.9194496,-7.7790236,-13.656402
331853576,1,3,-2.0585194,-7.3191795,-13.683944
331853586,1,3,-0.66342044,-6.8964586,-13.145064
331853596,1,3,0.37601808,-5.9959316,-11.794273
331853606,1,3,1.040636,-4.728966,-10.017169
331853616,1,3,0.99872315,-3.9314246,-8.749006
331853626,1,3,1.1963123,-3.5506165,-8.649613
331853636,1,3,1.5495776,-3.3973353,-10.775193
331853645,1,3,1.2561878,-3.4608033,-12.710369
331853655,1,3,-0.26105714,-3.0129347,-13.668377
331853665,1,3,-1.1100916,-2.2405407,-15.805931
331853675,1,3,-2.022594,-2.1076171,-20.425924
331853685,1,3,-4.482279,-3.119513,-21.691692
331853695,1,3,-5.750442,-3.478766,-22.143152
331853705,1,3,-7.9598475,-2.389032,-22.974224
331853715,1,3,-11.439811,-2.1842577,-22.792204
331853724,1,3,-13.840817,-2.3459215,-21.823418
331853734,1,3,-14.680272,-4.0954833,-21.301304
331853744,1,3,-15.283817,-6.8018556,-21.603077
331853754,1,3,-16.03226,-8.224497,-22.88082
331853764,1,3,-16.482525,-8.389753,-25.192013
331853774,1,3,-16.672928,-6.6138463,-27.327173
331853784,1,3,-17.118402,-5.4606447,-30.214369
331853794,1,3,-18.931433,-5.642666,-28.099567
331853803,1,3,-18.604511,-5.879773,-31.336435
331853813,1,3,-19.61042,-3.4919386,-31.181957
331853823,1,3,-21.005518,-4.7181883,-30.185629
331853833,1,3,-21.912033,-6.058202,-28.94501
331853843,1,3,-23.852,-6.9778895,-27.134375
331853853,1,3,-25.217161,-6.843768,-25.605154
331853868,1,3,-26.114096,-5.5923705,-24.444767
331853878,1,3,-26.41946,-4.851112,-22.85208
331853888,1,3,-24.617208,-4.7541137,-20.867805
331853897,1,3,-24.33699,-6.7288074,-19.424807
331853907,1,3,-24.82318,-9.929751,-18.80689
331853917,1,3,-26.1117,-11.600277,-19.120638
331853927,1,3,-26.973907,-10.715318,-20.103794
331853937,1,3,-26.090145,-7.931107,-21.840183
331853947,1,3,-24.642357,-5.8031325,-23.333477
331853957,1,3,-23.266417,-5.3073635,-22.945484
331853967,1,3,-21.922812,-6.9431615,-20.872595
331853976,1,3,-21.450993,-9.365724,-17.628542
331853986,1,3,-21.545595,-10.887759,-14.230008
331853996,1,3,-21.470152,-10.6817875,-12.3104
331854006,1,3,-20.746857,-9.004076,-11.379935
331854016,1,3,-19.34577,-7.6808276,-10.405163
331854026,1,3,-17.743502,-7.325167,-9.407637
331854036,1,3,-17.452507,-6.9060388,-7.938292
331854045,1,3,-17.283659,-6.6258216,-5.278623
331854055,1,3,-16.55677,-6.688092,-3.2680042
331854065,1,3,-16.128061,-5.461842,-0.6286926
331854075,1,3,-15.716118,-2.8452833,-0.34608033
331854085,1,3,-14.331797,0.022752685,-0.52091676
331854095,1,3,-11.931988,1.8285974,-1.4429992
331854105,1,3,-9.201665,3.0320947,-1.3088782
331854115,1,3,-7.061715,3.2955468,0.2969824
331854124,1,3,-6.377937,2.9123437,4.054768
331854134,1,3,-6.502478,1.5867004,6.492898
331854144,1,3,-6.6701293,0.15447876,7.230564
331854154,1,3,-6.643784,0.5233118,6.387517
331854164,1,3,-6.3048887,1.2274475,5.2570677
331854174,1,3,-5.6103334,1.0562036,4.643943
331854184,1,3,-4.6654983,-0.09939331,4.9385304
331854194,1,3,-3.7027001,-1.1783496,5.076244
331854204,1,3,-2.7027795,-1.5890955,4.5217967
331854213,1,3,-2.3004162,-1.3579761,2.3219714
331854223,1,3,-2.4968078,-0.4035608,-0.7220984
331854233,1,3,-2.9638367,1.2621753,-4.261937
331854243,1,3,-1.9842737,4.028423,-8.642428
331854253,1,3,-2.3902295,6.553971,-14.067147
331854263,1,3,-5.0654664,8.787327,-17.14834
331854273,1,3,-7.37187,10.388397,-20.736078
331854283,1,3,-11.006312,11.3499975,-21.546793
331854292,1,3,-16.284935,11.781101,-19.144588
331854302,1,3,-19.764898,10.995535,-15.359261
331854312,1,3,-18.022522,10.023157,-10.388397
331854322,1,3,-14.174923,8.703501,-4.9720607
331854332,1,3,-11.6805105,7.8005786,0.66701293
331854342,1,3,-8.802895,7.3287597,4.9373326
331854352,1,3,-6.650969,6.9144216,6.356382
331854362,1,3,-6.342012,5.3480787,4.5038342
331854371,1,3,-6.940767,3.7973034,0.8202942
331854381,1,3,-7.3359447,3.3578174,-2.8608508
331854391,1,3,-8.010143,3.7074902,-5.471422
331854401,1,3,-8.480764,4.55892,-6.6821046
331854411,1,3,-8.732242,4.6187954,-6.2234583
331854421,1,3,-8.835227,4.390071,-3.36141
331854431,1,3,-7.7538757,3.718268,-1.5483801
331854441,1,3,-5.8558226,7.8496766,-2.9698243
331854450,1,3,-4.538562,6.436615,-1.5519726
331854460,1,3,-1.7208215,8.023315,-6.2318406
331854470,1,3,-1.1064991,12.122392,-4.5062294
331854480,1,3,-0.87298465,12.324771,-3.5386415
331854490,1,3,-1.3448035,15.730488,-0.549657
331854500,1,3,-3.7793407,20.030746,2.9853919
331854510,1,3,-7.1946387,22.872437,5.078639
331854520,1,3,-7.597002,14.740148,12.8397
331854529,1,3,-7.61257,3.8583765,15.63349
331854539,1,3,-9.121432,-1.9579284,16.023878
331854549,1,3,-9.744137,-7.164701,16.431032
331854559,1,3,-11.01709,-11.049422,14.291081
331854569,1,3,-13.046869,-12.274475,12.3068075
331854579,1,3,-12.275673,-13.967754,10.395582
331854589,1,3,-7.117998,-17.39383,11.967913
331854599,1,3,-3.5865417,-21.3995,13.183385
331854608,1,3,-2.2381458,-23.362219,13.974939
331854618,1,3,-1.4310242,-23.402933,13.760585
331854628,1,3,-1.3723462,-23.116728,13.09956
331854638,1,3,-2.191443,-22.092857,12.747492
331854648,1,3,-3.0740075,-20.251087,13.003758
331854658,1,3,-4.106261,-18.349442,14.135406
331854668,1,3,-5.4678297,-14.882651,14.706617
331854678,1,3,-7.0341725,-10.984757,14.076727
331854687,1,3,-8.516689,-8.340655,12.534335
331854697,1,3,-9.702224,-7.259304,10.504556
331854707,1,3,-10.722503,-7.818541,8.428074
331854717,1,3,-11.008707,-9.201665,6.6988697
331854727,1,3,-10.865006,-10.032737,5.069059
331854737,1,3,-10.844648,-9.812395,3.7589831
331854747,1,3,-10.99793,-9.309441,2.283651
331854757,1,3,-11.304492,-8.241262,1.1400293
331854766,1,3,-11.981085,-7.4269557,-0.20956421
331854776,1,3,-12.23855,-7.3287597,-1.3711487
331854786,1,3,-12.27687,-7.870034,-2.4848328
331854796,1,3,-11.93079,-8.927435,-2.7614574
331854806,1,3,-11.826607,-9.940529,-2.5387206
331854816,1,3,-11.64698,-11.170371,-2.5938063
331854826,1,3,-11.400293,-11.396701,-2.9135413
331854836,1,3,-11.621832,-11.412268,-3.190166
331854845,1,3,-11.237432,-11.1464205,-3.453618
331854855,1,3,-11.490107,-10.765613,-4.103866
331854865,1,3,-12.462484,-10.217154,-5.357659
331854875,1,3,-12.861255,-9.970467,-5.7923546
331854885,1,3,-12.955858,-10.584789,-6.0905347
331854895,1,3,-13.178595,-11.351195,-6.1324477
331854905,1,3,-12.8133545,-12.504397,-5.757627
331854915,1,3,-12.303215,-14.590459,-5.5875807
331854924,1,3,-11.857741,-16.395105,-5.811515
331854934,1,3,-10.836266,-16.331638,-6.502478
331854944,1,3,-10.095007,-15.581997,-8.070019
331854954,1,3,-10.370435,-15.1137705,-8.938213
331854974,1,3,-10.933264,-14.853911,-9.138197
331854984,1,3,-10.866203,-14.742542,-10.180031
331854994,1,3,-10.682984,-15.526912,-10.579999
331855003,1,3,-9.8519125,-16.077766,-11.850556
331855013,1,3,-8.509504,-14.988032,-13.343851
331855023,1,3,-6.375542,-13.045671,-14.814393
331855033,1,3,-4.399651,-10.927277,-16.014297
331855043,1,3,-3.075205,-9.150172,-16.453785
331855053,1,3,-2.0166063,-7.885602,-16.270565
331855063,1,3,-2.821333,-8.202942,-14.143787
331855073,1,3,-2.339934,-11.287727,-14.657519
331855082,1,3,-1.4334192,-12.61337,-13.022919
331855092,1,3,-1.0154883,-11.369158,-12.215797
331855102,1,3,0.28740233,-9.005274,-13.098362
331855112,1,3,0.96160036,-7.3634877,-14.349759
331855122,1,3,-0.0490979,-6.370752,-15.107783
331855132,1,3,-1.3867164,-5.2283278,-15.456259
331855142,1,3,-2.3698719,-3.8404138,-14.384487
331855152,1,3,-2.7878027,-2.821333,-13.821658
331855161,1,3,-2.5243506,-2.1243823,-13.79172
331855171,1,3,-2.393822,-1.4885046,-14.549744
331855181,1,3,-2.706372,-1.341211,-14.013259
331855191,1,3,-3.4679883,-1.6405884,-16.305292
331855201,1,3,-4.893025,-3.5997143,-15.828684
331855211,1,3,-6.7407823,-5.988746,-14.650334
331855221,1,3,-8.195757,-7.702383,-14.11864
331855231,1,3,-9.102272,-8.696316,-13.568983
331855240,1,3,-10.009984,-9.390872,-14.558126
331855250,1,3,-10.599159,-9.895023,-17.226177
331855260,1,3,-11.732003,-10.899734,-19.284697
331855270,1,3,-12.625345,-11.402688,-20.36126
331855280,1,3,-12.994179,-12.334351,-23.410118
331855290,1,3,-14.528189,-11.89726,-26.2075
331855300,1,3,-17.430952,-11.70925,-27.80498
331855310,1,3,-20.566032,-11.436218,-28.23728
331855319,1,3,-21.95275,-11.224259,-27.604996
331855329,1,3,-21.993464,-10.611134,-25.806335
331855339,1,3,-21.698877,-11.408675,-23.129902
331855349,1,3,-22.379063,-13.324691,-20.45706
331855359,1,3,-24.048391,-14.954502,-18.234482
331855369,1,3,-24.819588,-14.77248,-17.751884
331855379,1,3,-24.224424,-13.570181,-18.070423
331855389,1,3,-23.626867,-12.173884,-18.949394
331855398,1,3,-22.908361,-12.049343,-19.940933
331855408,1,3,-22.283262,-12.958253,-19.93734
331855418,1,3,-21.489313,-14.589261,-19.354153
331855428,1,3,-20.484602,-15.249089,-18.234482
331855438,1,3,-20.86541,-14.952106,-16.947159
331855448,1,3,-21.279749,-14.506634,-15.543676
331855458,1,3,-20.334913,-15.052698,-13.718672
331855468,1,3,-19.890636,-15.88377,-11.97869
331855477,1,3,-20.427122,-15.634687,-11.043435
331855487,1,3,-21.094135,-13.947396,-10.007589
331855497,1,3,-21.494102,-12.553494,-8.9513855
331855507,1,3,-21.338427,-11.563154,-6.8090405
331855517,1,3,-20.869003,-10.836266,-5.2091675
331855527,1,3,-20.217558,-9.831555,-4.509822
331855537,1,3,-19.804417,-8.384963,-4.2367897
331855547,1,3,-19.173328,-6.7276096,-3.9038818
331855556,1,3,-18.008152,-4.740941,-3.1494508
331855566,1,3,-16.640596,-2.8033705,-2.1088147
331855576,1,3,-14.495855,-1.7615368,-1.2322376
331855586,1,3,-13.383369,-1.7304016,-0.5185217
331855596,1,3,-13.880336,-2.7207422,0.09340576
331855606,1,3,-14.928157,-3.133883,-0.043110352
331855616,1,3,-14.623989,-1.9208057,-0.30057496
331855626,1,3,-13.140275,-0.6322852,-0.368833
331855635,1,3,-11.3008995,0.3796106,-0.21914428
331855645,1,3,-9.119037,1.284928,-1.4597644
331855655,1,3,-8.207732,0.48499146,-3.8487964
331855665,1,3,-9.399254,-1.3855188,-6.13604
331855675,1,3,-10.546469,0.05628296,-10.200388
331855685,1,3,-16.238232,1.9184107,-10.494976
331855695,1,3,-22.272484,5.950426,-11.767928
331855705,1,3,-22.959854,11.808643,-13.530663
331855714,1,3,-20.27384,15.338902,-14.4802885
331855724,1,3,-17.681232,17.265696,-13.25763
331855734,1,3,-15.724501,18.875149,-13.783338
331855744,1,3,-15.815512,17.872833,-14.621594
331855754,1,3,-16.25859,15.756833,-13.2241
331855764,1,3,-15.39758,13.506713,-10.479408
331855774,1,3,-13.385764,11.61345,-8.56938
331855784,1,3,-11.535611,10.68059,-8.116721
331855793,1,3,-10.759625,10.350077,-7.364685
331855803,1,3,-10.230326,9.909393,-6.629414
331855813,1,3,-9.586065,9.398057,-6.3611717
331855823,1,3,-9.359736,9.398057,-4.8259645
331855833,1,3,-8.790919,9.455537,-3.8140686
331855843,1,3,-8.23767,9.495055,-3.5398388
331855853,1,3,-8.436457,8.962163,-2.650089
331855863,1,3,-9.125025,7.68442,-1.5052698
331855872,1,3,-9.241183,6.1396327,0.5652246
331855882,1,3,-8.774154,4.7349534,2.863246
331855892,1,3,-7.2952294,4.357738,3.3470397
331855902,1,3,-5.3612514,4.4427614,0.9735754
331855912,1,3,-3.5637891,4.8451247,1.1963123
331855922,1,3,-1.5483801,6.3204565,2.569856
331855932,1,3,-0.07783814,7.373068,0.7711963
331855942,1,3,-0.34009278,9.332193,-1.1532019
331855951,1,3,-2.14953,11.175161,-3.8260436
331855961,1,3,-5.290598,13.443245,-3.011737
331855971,1,3,-9.895023,8.863967,2.830913
331855981,1,3,-13.027709,-1.4310242,10.346484
331855991,1,3,-16.099321,-4.198469,8.595725
331856001,1,3,-21.959934,-3.925437,6.9192114
331856011,1,3,-25.432713,-4.8654823,3.9026842
331856021,1,3,-22.816154,-5.5540504,2.1507275
331856030,1,3,-20.282223,-10.783575,1.8525476
331856040,1,3,-19.266735,-15.668218,1.1484119
331856050,1,3,-18.96616,-17.42736,2.8620484
331856060,1,3,-20.979174,-19.284697,4.9229627
331856070,1,3,-23.235283,-20.17804,5.322931
331856080,1,3,-23.988516,-20.18762,4.4882665
331856090,1,3,-22.619762,-19.540964,5.0487013
331856100,1,3,-19.458336,-21.56715,0.9448352
331856109,1,3,-18.796114,-24.445965,-1.0897338
331856119,1,3,-18.24406,-26.237438,-3.9194496
331856129,1,3,-16.860937,-27.399023,-3.8978944
331856139,1,3,-15.841857,-28.233688,-0.5508545
331856149,1,3,-14.956897,-30.41555,2.3686743
331856159,1,3,-13.343851,-28.986921,5.742059
331856169,1,3,-11.960728,-25.466242,6.739585
331856179,1,3,-11.740386,-20.009192,6.100115
331856189,1,3,-11.953543,-16.646584,4.3026524
331856198,1,3,-11.881692,-15.622712,2.6117687
331856208,1,3,-12.218192,-15.209572,0.70533323
331856218,1,3,-12.246932,-14.165343,-1.2466077
331856228,1,3,-11.806249,-12.2577095,-2.9674292
331856238,1,3,-11.717633,-10.427915,-4.3757005
331856248,1,3,-12.191847,-8.741821,-5.5935683
331856269,1,3,-12.855268,-7.476053,-6.6258216
331856279,1,3,-13.589341,-6.678512,-7.5538917
331856289,1,3,-14.3749075,-6.2881236,-7.755073
331856299,1,3,-15.102993,-7.04495,-8.405321
331856308,1,3,-15.269447,-8.231682,-8.292755
331856318,1,3,-14.835949,-8.619676,-7.8724294
331856328,1,3,-13.743819,-8.325088,-7.7514806
331856338,1,3,-12.893588,-7.543114,-7.467671
331856348,1,3,-12.359498,-6.532416,-7.04495
331856358,1,3,-11.676918,-5.870193,-6.3060865
331856368,1,3,-11.147618,-4.870272,-5.6797886
331856378,1,3,-11.088941,-3.9733374,-5.077441
331856387,1,3,-11.242222,-3.6200721,-4.787644
331856397,1,3,-11.917617,-3.6164794,-4.743336
331856407,1,3,-13.236075,-4.1373963,-4.1876917
331856417,1,3,-13.824053,-5.3995714,-3.422483
331856427,1,3,-12.995376,-6.461763,-3.4883459
331856437,1,3,-11.630215,-7.0186048,-3.2919543
331856447,1,3,-10.370435,-7.6544824,-3.5434313
331856457,1,3,-9.411229,-7.8736267,-3.37099
331856466,1,3,-8.267608,-7.3119946,-3.1734009
331856476,1,3,-7.1898484,-6.507268,-3.202141
331856486,1,3,-6.3935046,-5.5289025,-3.1278956
331856496,1,3,-6.0713744,-4.5888577,-2.7542725
331856506,1,3,-6.292914,-3.5841467,-2.4513025
331856516,1,3,-7.3634877,-2.9961693,-1.8561401
331856526,1,3,-8.766969,-3.937412,-1.0142908
331856536,1,3,-9.353748,-6.5527735,-1.5399976
331856545,1,3,-8.957373,-9.031619,-2.2992187
331856555,1,3,-7.8377013,-10.357262,-3.7230577
331856565,1,3,-6.245013,-10.129735,-5.3540664
331856575,1,3,-5.061874,-9.322614,-6.654562
331856585,1,3,-4.162544,-8.885523,-7.4341407
331856595,1,3,-3.878734,-8.519085,-7.818541
331856605,1,3,-3.6080968,-7.9933777,-8.168214
331856615,1,3,-3.6871326,-6.9287915,-7.444918
331856624,1,3,-4.6080174,-6.1049047,-6.4162574
331856634,1,3,-5.867798,-5.7348742,-6.5108604
331856644,1,3,-6.891669,-6.4629602,-7.988588
331856654,1,3,-7.0880604,-8.008945,-9.283095
331856664,1,3,-7.476053,-11.290122,-10.390792
331856674,1,3,-7.387438,-14.566509,-10.025552
331856684,1,3,-6.749165,-14.756913,-8.860374
331856694,1,3,-6.74677,-13.607304,-9.271121
331856703,1,3,-7.834109,-12.773837,-10.734478
331856713,1,3,-9.953701,-12.070898,-12.761862
331856723,1,3,-12.254117,-11.269764,-15.4933815
331856733,1,3,-13.516293,-9.5070305,-19.204464
331856743,1,3,-14.164145,-7.764653,-21.36118
331856753,1,3,-15.111376,-7.61257,-22.226978
331856763,1,3,-16.786692,-7.3850427,-22.840103
331856773,1,3,-19.431992,-7.4640784,-22.9862
331856782,1,3,-20.90373,-6.991062,-23.449636
331856792,1,3,-23.459217,-6.702462,-22.567072
331856802,1,3,-26.408684,-7.3682775,-20.04272
331856812,1,3,-29.119844,-9.205257,-18.275196
331856822,1,3,-32.004646,-11.224259,-16.820223
331856832,1,3,-33.846416,-12.511582,-16.428637
331856842,1,3,-35.363663,-13.274396,-17.026194
331856852,1,3,-37.164715,-13.572576,-18.781744
331856861,1,3,-38.262833,-13.46001,-20.261866
331856871,1,3,-38.849613,-13.568983,-20.896545
331856881,1,3,-38.849613,-13.17141,-21.667742
331856891,1,3,-38.849613,-13.622871,-21.986279
331856901,1,3,-38.849613,-13.916261,-24.008873
331856911,1,3,-38.849613,-11.920012,-23.517895
331856921,1,3,-38.849613,-11.739188,-23.207739
331856931,1,3,-38.849613,-12.245735,-22.103636
331856940,1,3,-38.849613,-12.934303,-20.640278
331856950,1,3,-38.3275,-12.349918,-18.993702
331856960,1,3,-36.63781,-10.759625,-17.2154
331856970,1,3,-34.972076,-9.823173,-16.044235
331856980,1,3,-33.653618,-8.923842,-14.524596
331856990,1,3,-32.210617,-8.446036,-13.454022
331857000,1,3,-30.58919,-8.412506,-12.015813
331857009,1,3,-29.408445,-7.723938,-11.273357
331857019,1,3,-27.469677,-7.3191795,-10.953622
331857029,1,3,-25.80394,-6.9659142,-11.003918
331857039,1,3,-25.611141,-6.660549,-10.5057535
331857049,1,3,-24.649542,-6.2246556,-9.893826
331857059,1,3,-24.493864,-6.1061025,-8.931027
331857069,1,3,-26.163193,-5.981561,-5.7612195
331857079,1,3,-27.831324,-5.8486376,-1.1783496
331857089,1,3,-28.17022,-5.9612036,2.5758436
331857098,1,3,-25.860224,-5.23671,3.1207104
331857108,1,3,-23.097569,-3.3434472,2.0429516
331857118,1,3,-21.26897,1.0346484,2.9123437
331857128,1,3,-19.799627,4.524192,3.822451
331857138,1,3,-17.36509,7.1311707,4.0882983
331857148,1,3,-15.653848,8.93941,3.866759
331857158,1,3,-14.2060585,9.402846,2.5399182
331857168,1,3,-13.236075,8.467591,1.2693603
331857177,1,3,-12.884007,7.3347473,0.35206786
331857187,1,3,-12.24813,6.973099,-1.0250684
331857197,1,3,-11.363171,7.3371425,-2.198628
331857207,1,3,-10.515333,8.380174,-2.8859985
331857217,1,3,-10.057884,8.481961,-4.040398
331857227,1,3,-10.154882,8.649613,-5.3923864
331857237,1,3,-12.331956,10.152488,-2.5638685
331857247,1,3,-12.779824,11.4062805,-2.823728
331857256,1,3,-12.100836,11.947555,-4.8091993
331857266,1,3,-12.191847,11.423046,-5.8079224
331857276,1,3,-11.669733,10.472223,-6.3156667
331857286,1,3,-10.801538,9.398057,-6.3503942
331857296,1,3,-10.147697,8.704699,-5.483397
331857306,1,3,-10.383607,9.427995,-1.726809
331857316,1,3,-10.902129,10.686577,3.9266346
331857326,1,3,-9.626781,12.024196,6.9671116
331857335,1,3,-7.3563023,12.594211,6.653364
331857345,1,3,-6.2977037,12.670851,2.7770252
331857355,1,3,-6.6821046,13.070819,-2.3602917
331857365,1,3,-7.254514,14.931749,-7.0712953
331857375,1,3,-7.0389624,18.753002,-7.9993653
331857385,1,3,-5.742059,21.468956,-8.884325
331857395,1,3,-5.6259007,20.465443,-9.262738
331857405,1,3,-5.7384667,18.306332,-7.747888
331857414,1,3,-5.8965383,15.641872,-6.739585
331857424,1,3,-6.284531,13.289964,-5.604346
331857434,1,3,-7.6029897,10.890154,-5.205575
331857444,1,3,-10.242301,7.5814342,-3.6308496
331857454,1,3,-13.012141,4.643943,-3.2296839
331857464,1,3,-16.197517,0.859812,-4.397256
331857474,1,3,-18.699116,-3.0129347,-5.4187317
331857483,1,3,-22.177881,-8.81008,-3.8535864
331857493,1,3,-25.418343,-19.661913,4.58766
331857503,1,3,-22.37547,-29.505444,4.455934
331857513,1,3,-19.85112,-31.301708,14.389277
331857523,1,3,-18.438057,-20.884571,15.571219
331857533,1,3,-17.19145,-11.484118,9.086704
331857543,1,3,-12.022998,-7.1191955,6.011499
331857553,1,3,-10.065069,-4.29427,0.9963281
331857563,1,3,-12.155922,-2.1363573,-2.0058289
331857572,1,3,-17.169895,-6.3551846,-2.2345533
331857582,1,3,-23.944208,-10.984757,-4.2858872
331857592,1,3,-27.4577,-14.479091,-4.2152343
331857602,1,3,-27.909163,-17.860859,-2.5554857
331857612,1,3,-28.807295,-21.098925,-1.7723144
331857622,1,3,-26.861341,-22.345531,-1.9447559
331857632,1,3,-25.170458,-22.286854,-3.026107
331857642,1,3,-24.042404,-21.926403,-5.9959316
331857651,1,3,-22.521566,-20.006796,-7.8245287
331857661,1,3,-22.634132,-19.349363,-9.322614
331857671,1,3,-23.685545,-20.773201,-9.777667
331857681,1,3,-23.877148,-22.927523,-8.358618
331857691,1,3,-22.505999,-23.920258,-6.3360243
331857701,1,3,-20.927681,-22.580244,-4.331393
331857711,1,3,-19.915785,-19.580482,-2.870431
331857734,1,3,-19.078726,-16.569942,-2.6045837
331857743,1,3,-18.117125,-14.521004,-2.7854078
331857753,1,3,-17.597406,-12.905562,-3.3913476
331857763,1,3,-17.49921,-11.918815,-4.3230104
331857773,1,3,-16.747173,-11.104508,-5.5660253
331857783,1,3,-16.052618,-9.977652,-6.6078587
331857793,1,3,-15.837067,-8.746612,-7.5682616
331857803,1,3,-16.007113,-7.9993653,-8.083191
331857813,1,3,-16.500486,-7.515571,-8.9513855
331857822,1,3,-16.753162,-7.1443434,-9.674682
331857832,1,3,-16.743582,-6.6114516,-10.789563
331857842,1,3,-16.111296,-6.0617943,-11.625424
331857852,1,3,-14.982044,-5.7049365,-11.963122
331857862,1,3,-13.107942,-5.845045,-11.697275
331857872,1,3,-11.541599,-5.478607,-10.370435
331857882,1,3,-10.906919,-4.8331494,-8.546627
331857892,1,3,-10.741663,-4.084706,-7.028185
331857901,1,3,-10.800341,-3.5482213,-6.1743603
331857911,1,3,-12.056528,-2.994972,-5.363646
331857921,1,3,-13.922249,-2.8560607,-4.8810496
331857931,1,3,-15.827487,-3.2213013,-4.9529004
331857941,1,3,-17.242943,-4.0571632,-4.4080334
331857951,1,3,-15.97478,-5.3768187,-3.5721717
331857961,1,3,-13.1762,-6.636599,-3.354225
331857971,1,3,-11.05541,-7.230564,-3.5841467
331857980,1,3,-9.977652,-7.2928343,-3.6440222
331857990,1,3,-8.014933,-6.8341885,-3.0548475
331858000,1,3,-6.7335973,-5.7193065,-2.574646
331858010,1,3,-6.394702,-4.8666797,-2.8404932
331858020,1,3,-6.508466,-4.028423,-3.3434472
331858030,1,3,-7.047345,-3.2715967,-4.0571632
331858040,1,3,-8.081993,-2.9075537,-4.8307543
331858050,1,3,-9.490265,-3.7649708,-5.5456676
331858059,1,3,-10.467433,-6.3623695,-6.460565
331858069,1,3,-10.522518,-8.62207,-6.8389783
331858079,1,3,-9.417217,-9.774075,-6.6844997
331858089,1,3,-7.826924,-9.474697,-6.9611244
331858099,1,3,-6.1767554,-8.426876,-7.587422
331858109,1,3,-4.89063,-7.643705,-7.7119627
331858119,1,3,-4.319418,-6.900051,-7.7682457
331858128,1,3,-4.2978625,-6.177953,-7.2880445
331858138,1,3,-4.5912523,-4.87626,-7.325167
331858148,1,3,-4.998406,-3.0967603,-7.877219
331858158,1,3,-5.9300685,-2.46687,-9.686657
331858168,1,3,-7.0880604,-2.8392956,-12.131971
331858178,1,3,-7.316785,-3.2380664,-14.524596
331858188,1,3,-8.353828,-4.277505,-16.565153
331858198,1,3,-8.708291,-5.2043777,-18.0812
331858207,1,3,-9.152567,-6.246211,-18.71588
331858217,1,3,-10.267448,-5.8857603,-18.935024
331858227,1,3,-12.407398,-4.3637257,-20.387604
331858237,1,3,-13.950989,-3.0237122,-21.907244
331858247,1,3,-14.091098,-2.403402,-22.859264
331858257,1,3,-14.3785,-3.0895753,-22.619762
331858267,1,3,-16.857346,-4.7936316,-20.79356
331858277,1,3,-20.387604,-6.347999,-20.331322
331858286,1,3,-24.184908,-7.0389624,-19.614012
331858296,1,3,-25.19321,-6.9335814,-18.842815
331858306,1,3,-28.711494,-6.793473,-22.398222
331858316,1,3,-32.0753,-6.307284,-24.281906
331858326,1,3,-35.404377,-6.5360084,-24.405249
331858336,1,3,-38.44126,-8.525072,-23.868765
331858346,1,3,-38.849613,-11.6853,-22.856869
331858356,1,3,-38.849613,-14.0899,-22.674847
331858365,1,3,-38.849613,-14.507831,-24.344175
331858375,1,3,-38.849613,-12.364288,-27.563082
331858385,1,3,-38.849613,-10.12255,-30.14611
331858395,1,3,-38.849613,-9.613608,-31.47894
331858405,1,3,-38.849613,-8.478369,-31.535223
331858415,1,3,-38.849613,-7.7742333,-30.540092
331858425,1,3,-38.849613,-7.501201,-29.027637
331858435,1,3,-38.849613,-7.3766603,-27.603798
331858444,1,3,-38.849613,-6.995852,-26.138046
331858454,1,3,-38.849613,-5.574408,-24.146587
331858464,1,3,-38.849613,-4.0906935,-21.267773
331858474,1,3,-38.849613,-3.9433997,-18.503922
331858484,1,3,-38.849613,-4.9445176,-16.356787
331858494,1,3,-38.849613,-6.3360243,-14.20007
331858510,1,3,-38.68196,-7.6233473,-12.134366
331858520,1,3,-36.747982,-7.4736586,-9.265133
331858530,1,3,-35.874996,-5.943241,-5.278623
331858540,1,3,-34.608032,-4.149371,-1.7016613
331858550,1,3,-31.787897,-2.9686267,0.3065625
331858560,1,3,-29.04081,-1.6573535,-0.69455564
331858570,1,3,-27.947483,-0.5939648,-0.48020142
331858580,1,3,-26.244623,0.4670288,-0.6262976
331858589,1,3,-22.16471,2.0848646,-0.8370593
331858599,1,3,-19.521805,3.9829175,-1.1663746
331858609,1,3,-17.283659,4.2834926,-1.6082556
331858619,1,3,-14.845529,4.9948134,-2.6393116
331858629,1,3,-13.264815,5.974376,-4.0954833
331858639,1,3,-12.739109,6.604266,-5.036726
331858649,1,3,-12.577445,8.04487,-5.659431
331858659,1,3,-13.135485,10.3931875,-4.653523
331858668,1,3,-13.511502,13.403727,-2.870431
331858678,1,3,-12.136762,14.191689,-4.623585
331858688,1,3,-9.308244,15.197597,-8.169412
331858698,1,3,-8.167017,17.005836,-11.433824
331858708,1,3,-8.612491,18.032103,-15.770006
331858718,1,3,-10.920092,18.378181,-19.58647
331858728,1,3,-14.674285,17.399817,-19.660715
331858737,1,3,-15.932867,14.4240055,-16.314873
331858747,1,3,-14.079123,10.95482,-11.70446
331858757,1,3,-12.519964,9.25675,-6.910829
331858767,1,3,-12.275673,9.284293,-3.326682
331858777,1,3,-11.5751295,9.336984,-2.6632617
331858787,1,3,-10.778786,8.717871,-2.4968078
331858797,1,3,-10.160871,7.484436,-1.5555652
331858807,1,3,-9.375304,6.11688,-1.3040881
331858816,1,3,-8.916657,5.022356,-1.8621277
331858826,1,3,-9.072334,4.5146117,-2.3447242
331858836,1,3,-9.855505,4.2834926,-2.574646
331858846,1,3,-10.619516,4.1852965,-2.2118006
331858856,1,3,-11.047028,4.0607557,-1.2945081
331858866,1,3,-11.615845,3.7805383,0.9675879
331858876,1,3,-10.829081,3.8320312,2.0094213
331858886,1,3,-8.904682,4.3517504,1.9411633
331858895,1,3,-6.871311,5.4510646,0.98794556
331858905,1,3,-5.0415163,6.124065,-2.3543043
331858915,1,3,-3.993695,11.534414,-5.653444
331858925,1,3,-3.3242872,14.13301,-5.845045
331858935,1,3,-2.5638685,14.007272,-3.911067
331858945,1,3,-3.319497,11.229049,-1.729204
331858955,1,3,-5.8881555,3.9170544,3.185376
331858965,1,3,-11.866124,-2.7925928,5.6905665
331858974,1,3,-19.00448,-7.6544824,3.9457946
331858984,1,3,-27.426567,-10.192005,4.724176
331858994,1,3,-25.584797,-12.322375,3.849994
331859004,1,3,-20.670216,-15.185621,2.8740234
331859014,1,3,-19.679876,-16.953146,2.7087672
331859024,1,3,-19.027233,-19.265537,1.4250367
331859034,1,3,-18.700312,-25.287813,1.3891113
331859044,1,3,-20.27384,-30.318552,-0.8322693
331859053,1,3,-20.118164,-34.25477,-0.14010864
331859063,1,3,-19.290686,-39.15857,-1.3747412
331859073,1,3,-17.266893,-39.15857,-0.26704466
331859083,1,3,-13.953383,-39.15857,5.093009
331859093,1,3,-11.005115,-39.15857,6.9587293
331859103,1,3,-9.172925,-32.962654,9.200467
331859113,1,3,-8.01613,-24.374113,11.511662
331859123,1,3,-7.635322,-19.497854,12.951068
331859133,1,3,-7.423363,-16.587906,13.188175
331859142,1,3,-7.310797,-15.0515,11.904445
331859152,1,3,-7.418573,-14.573694,9.847123
331859162,1,3,-7.4197707,-13.846806,7.509584
331859172,1,3,-7.1383557,-12.919933,5.3121533
331859182,1,3,-6.8090405,-11.830199,3.6033068
331859192,1,3,-6.380332,-10.768008,1.7603394
331859202,1,3,-6.2031007,-9.751322,-0.11496094
331859212,1,3,-6.4018874,-8.60291,-1.8549427
331859228,1,3,-6.277346,-7.667655,-2.4285498
331859238,1,3,-6.0809546,-6.7838926,-3.1183155
331859248,1,3,-6.661747,-6.133645,-3.6607873
331859257,1,3,-7.476053,-5.997129,-4.57329
331859267,1,3,-8.250842,-6.1959157,-5.2678456
331859277,1,3,-9.044791,-6.4174547,-5.7133193
331859287,1,3,-9.624386,-6.6354017,-6.570736
331859297,1,3,-9.404044,-7.260502,-7.34792
331859307,1,3,-8.481961,-7.5682616,-8.012538
331859317,1,3,-7.4880285,-7.702383,-8.56938
331859327,1,3,-6.659352,-8.014933,-8.6077
331859336,1,3,-6.5216384,-8.054451,-8.60291
331859346,1,3,-6.894064,-9.016051,-7.7203455
331859356,1,3,-8.083191,-10.578801,-7.3263645
331859366,1,3,-9.804012,-12.294833,-7.795789
331859376,1,3,-10.442286,-13.0241165,-8.93462
331859386,1,3,-10.202784,-12.143947,-9.962084
331859396,1,3,-9.763297,-11.035052,-10.893746
331859406,1,3,-9.43518,-10.796748,-12.638518
331859415,1,3,-9.72378,-10.756033,-13.409715
331859425,1,3,-10.13692,-10.578801,-13.659994
331859435,1,3,-10.789563,-10.68538,-13.454022
331859445,1,3,-9.613608,-11.94516,-12.017011
331859455,1,3,-9.717792,-16.827408,-8.272397
331859465,1,3,-9.314231,-21.768333,-6.421047
331859475,1,3,-8.685538,-19.558928,-4.9576902
331859485,1,3,-6.8772984,-13.899496,-2.6488917
331859495,1,3,-7.644902,-10.303374,-1.9387683
331859504,1,3,-6.878496,-13.134287,-1.0945239
331859514,1,3,-4.3565407,-12.907958,-0.8310718
331859524,1,3,-3.7601807,-10.389595,-2.6081762
331859534,1,3,-1.099314,-7.8879967,-5.806725
331859544,1,3,-0.93286014,-10.472223,-4.8714695
331859554,1,3,0.6227051,-12.312796,-0.21315674
331859564,1,3,1.1591895,-14.131813,0.5137317
331859574,1,3,-0.82268924,-16.044235,6.055807
331859583,1,3,-2.391427,-18.535057,3.937412
331859593,1,3,-2.2585034,-13.970149,0.8634045
331859603,1,3,-0.5640271,-7.0509377,-0.9580078
331859613,1,3,-0.061072998,-4.7181883,-2.0130138
331859623,1,3,0.03592529,-3.911067,-0.69575316
331859633,1,3,-0.429906,-3.6320472,0.22632934
331859643,1,3,-1.9902612,-5.095404,0.124541014
331859653,1,3,-3.7086878,-6.9539394,0.0011975098
331859662,1,3,-5.085824,-8.207732,-0.1580713
331859672,1,3,-5.816305,-8.456814,0.68018556
331859682,1,3,-5.0678616,-8.278385,0.9424402
331859692,1,3,-4.453539,-8.467591,2.3099964
331859702,1,3,-3.3123121,-9.352551,4.8918276
331859712,1,3,-2.6931994,-10.484198,7.3024144
331859722,1,3,-3.4679883,-12.090058,8.84361
331859732,1,3,-4.958888,-13.465998,7.5754466
331859741,1,3,-5.7049365,-13.215717,5.3923864
331859751,1,3,-4.726571,-11.224259,3.8464015
331859761,1,3,-3.7086878,-10.078242,2.809358
331859771,1,3,-2.9530592,-10.087822,1.6034656
331859781,1,3,-2.327959,-10.207573,0.4071533
331859791,1,3,-2.3650818,-9.81958,0.6550378
331859801,1,3,-2.842888,-9.376501,1.8776953
331859811,1,3,-4.2511597,-8.479567,0.6706055
331859820,1,3,-4.1290135,-4.9936156,0.8454419
331859830,1,3,-3.2692018,-6.4473925,-0.4538562
331859840,1,3,-3.7673657,-8.836425,1.472937
331859850,1,3,-2.0728893,-7.989785,2.2165906
331859860,1,3,-2.5399182,-6.873706,1.7351917
331859870,1,3,-2.1818628,-5.9001307,0.31494507
331859880,1,3,-2.1076171,-6.2078905,0.33530274
331859890,1,3,-1.2957056,-6.4378123,-0.33171022
331859899,1,3,-0.55923706,-5.6330857,-0.5724097
331859909,1,3,-0.58558226,-4.7373486,-0.1353186
331859919,1,3,-0.29817992,-3.7853284,0.04430786
331859929,1,3,-0.29817992,-3.624862,-1.343606
331859939,1,3,-5.3971767,-8.121511,7.418573
331859949,1,3,-5.060676,-11.284135,5.3361034
331859959,1,3,-5.308561,-6.901249,2.9291089
331859969,1,3,-3.5015185,-3.1626234,-0.7089258
331859978,1,3,-4.366121,-4.3062453,-0.7975415
331859988,1,3,-5.0355287,-6.8401756,-1.23104
331859998,1,3,-5.2726355,-7.4269557,-0.82867676
331860008,1,3,-3.9589672,-5.8498354,-3.573369
331860018,1,3,-5.237908,-5.484595,-1.7938696
331860028,1,3,-5.739664,-5.2403026,-2.5890162
331860038,1,3,-4.0164475,-2.8812084,-6.894064
331860048,1,3,-4.5912523,-4.580475,-5.8246875
331860057,1,3,-4.93374,-6.309679,-7.7466908
331860067,1,3,-4.594845,-5.9695864,-8.344248
331860077,1,3,-5.2043777,-6.7767076,-7.460486
331860087,1,3,-5.4414845,-7.306007,-7.0329747
331860097,1,3,-6.2977037,-7.7131605,-6.9431615
331860107,1,3,-6.9707046,-8.152646,-7.4952135
331860117,1,3,-6.7108445,-7.9921803,-7.3491173
331860127,1,3,-6.182743,-8.213719,-7.7586656
331860136,1,3,-6.373147,-8.201744,-8.022118
331860146,1,3,-6.70845,-7.476053,-8.672366
331860156,1,3,-7.303612,-6.739585,-10.12255
331860166,1,3,-7.846084,-6.15041,-11.678115
331860176,1,3,-8.28557,-6.5192432,-13.8683605
331860186,1,3,-8.289163,-7.0892577,-15.816709
331860196,1,3,-7.777826,-7.1311707,-18.199753
331860206,1,3,-7.6880126,-8.065228,-20.05709
331860215,1,3,-7.369475,-10.958412,-20.331322
331860225,1,3,-6.3060865,-13.191768,-19.20686
331860235,1,3,-5.4235215,-12.274475,-17.858463
331860245,1,3,-2.9674292,-9.035212,-17.703985
331860255,1,3,-1.5998731,-7.5107813,-17.216599
331860265,1,3,0.023950195,-6.883286,-16.208294
331860275,1,3,0.96399534,-6.995852,-14.914984
331860285,1,3,1.7028589,-6.563551,-13.570181
331860294,1,3,1.3112732,-6.338419,-15.409555
331860304,1,3,0.0,-7.467671,-13.427677
331860314,1,3,-1.7256116,-10.578801,-14.241983
331860324,1,3,-3.5853443,-15.004797,-18.113533
331860334,1,3,-4.716991,-18.555414,-22.551504
331860344,1,3,-3.7733533,-19.575691,-28.252848
331860354,1,3,-1.0885364,-16.284935,-33.962574
331860364,1,3,-0.016765136,-10.073452,-32.996185
331860374,1,3,-1.5064673,-5.4486694,-33.131504
331860383,1,3,-5.3241286,-3.8308337,-36.35879
331860393,1,3,-13.506713,-3.8296363,-39.00409
331860403,1,3,-20.30258,-2.7686427,38.910686
331860413,1,3,-22.241348,-1.162782,38.910686
331860423,1,3,-25.247099,-0.34967285,38.910686
331860433,1,3,-30.488598,0.9364526,38.910686
331860443,1,3,-36.727623,2.823728,38.910686
331860453,1,3,-38.849613,5.285808,38.910686
331860462,1,3,-38.849613,7.474856,38.910686
331860472,1,3,-38.849613,8.983718,38.910686
331860482,1,3,-38.849613,9.625584,38.910686
331860492,1,3,-38.849613,10.536888,38.910686
331860502,1,3,-38.849613,11.778706,38.910686
331860512,1,3,-38.849613,11.812237,38.910686
331860522,1,3,-38.849613,11.493699,38.915474
331860532,1,3,-38.849613,10.869796,-32.64771
331860541,1,3,-38.849613,7.885602,-27.880423
331860551,1,3,-38.849613,3.9362147,-24.550148
331860561,1,3,-38.849613,-0.68497556,-22.347927
331860571,1,3,-38.849613,-4.5960426,-19.699036
331860581,1,3,-38.849613,-7.303612,-20.912113
331860591,1,3,-38.849613,-8.137079,-20.506157
331860601,1,3,-38.849613,-8.340655,-18.659597
331860611,1,3,-38.849613,-7.789801,-18.447638
331860620,1,3,-38.849613,-6.277346,-17.777033
331860630,1,3,-38.849613,-3.885919,-18.503922
331860640,1,3,-38.44126,-0.45026368,-19.665504
331860650,1,3,-35.497784,3.046465,-19.162552
331860660,1,3,-33.68116,5.0894165,-15.741266
331860670,1,3,-33.520695,5.492977,-7.904762
331860680,1,3,-31.595098,6.8066454,-5.395979
331860690,1,3,-29.31025,10.284214,-6.1288548
331860699,1,3,-26.5931,12.54152,-7.0976405
331860709,1,3,-24.564518,11.96432,-5.8785753
331860719,1,3,-21.99586,11.475736,-4.6666956
331860729,1,3,-20.25468,12.26729,-3.0500574
331860739,1,3,-18.708694,14.246774,-1.3591735
331860749,1,3,-17.785416,16.517252,2.5327332
331860759,1,3,-15.894547,18.477575,4.517007
331860769,1,3,-14.197676,19.919378,8.325088
331860778,1,3,-12.043356,20.718117,8.826844
331860788,1,3,-8.778944,21.756357,6.12167
331860798,1,3,-3.8416114,22.371878,0.9855505
331860808,1,3,-0.26824218,20.906126,-1.3124707
331860818,1,3,1.3867164,17.841698,1.0286609
331860828,1,3,2.1734803,12.27687,7.3934255
331860838,1,3,1.6896863,6.292914,13.465998
331860848,1,3,-0.3412903,-0.1472937,20.21636
331860857,1,3,-3.495531,-4.1529636,21.337229
331860867,1,3,-10.145303,-4.6427455,18.044077
331860877,1,3,-14.281502,-5.1924024,17.60579
331860887,1,3,-10.853031,-10.247091,16.769926
331860897,1,3,-9.912986,-14.839541,14.819183
331860907,1,3,-10.299782,-18.370996,10.72849
331860917,1,3,-8.926238,-19.443966,6.502478
331860927,1,3,-8.168214,-19.23081,1.8501526
331860936,1,3,-8.581355,-19.199675,-3.0644274
331860946,1,3,-8.52148,-20.398382,-6.074967
331860956,1,3,-8.146659,-22.838905,-5.739664
331860966,1,3,-7.113208,-24.388483,-3.9433997
331860976,1,3,-5.1289344,-25.436304,-1.895658
331860986,1,3,-3.6464171,-26.312881,0.857417
331860996,1,3,-3.2955468,-28.074419,4.700226
331861006,1,3,-3.6476147,-29.056377,8.462802
331861016,1,3,-2.6776319,-28.755802,10.488988
331861025,1,3,-0.79993653,-28.45882,10.230326
331861035,1,3,1.3088782,-27.638525,8.479567
331861045,1,3,3.5206788,-25.839867,5.0008006
331861055,1,3,5.133724,-23.696323,2.5051904
331861065,1,3,6.1863356,-21.686901,1.53401
331861075,1,3,6.849756,-20.169657,1.3268409
331861085,1,3,6.072572,-19.067947,0.5053491
331861095,1,3,5.18881,-18.620079,0.45265868
331861104,1,3,4.296665,-18.53386,-1.2046949
331861114,1,3,4.7038183,-18.208136,-3.800896
331861124,1,3,5.046306,-17.313597,-6.9383717
331861134,1,3,5.821095,-15.234719,-10.290201
331861144,1,3,6.338419,-12.232562,-11.928394
331861170,1,3,6.3048887,-9.596844,-11.164384
331861180,1,3,5.9588084,-8.431666,-9.09868
331861190,1,3,5.1672544,-8.495134,-6.7048573
331861200,1,3,4.179309,-7.9718227,-4.3709106
331861210,1,3,2.6848168,-7.277267,-1.8657203
331861220,1,3,0.9927356,-7.5814342,-1.350791
331861229,1,3,-0.4754114,-8.580157,-2.337539
331861239,1,3,-1.6286132,-9.172925,-3.932622
331861249,1,3,-2.271676,-9.307046,-6.12646
331861259,1,3,-2.198628,-7.8568616,-8.686736
331861269,1,3,-1.4621594,-5.53968,-10.703342
331861279,1,3,-0.91130495,-3.8212538,-11.399096
331861289,1,3,-0.5269043,-2.8979735,-11.347603
331861299,1,3,-1.8824854,-2.4836352,-10.853031
331861309,1,3,-2.9806018,-1.848955,-10.930869
331861318,1,3,-4.628375,-2.46687,-11.371552
331861328,1,3,-6.0977197,-4.319418,-12.009826
331861338,1,3,-7.373068,-6.0905347,-13.385764
331861348,1,3,-8.4520235,-6.9311867,-14.040802
331861358,1,3,-8.975336,-6.9946547,-15.172449
331861368,1,3,-9.485475,-6.1540027,-15.495776
331861378,1,3,-9.52619,-5.3696337,-16.107704
331861388,1,3,-9.612411,-5.591173,-17.094452
331861397,1,3,-9.775272,-6.0174866,-17.500408
331861407,1,3,-9.772877,-6.700067,-17.277672
331861417,1,3,-8.272397,-7.3419323,-16.53761
331861427,1,3,-8.116721,-8.431666,-15.684983
331861437,1,3,-7.6377172,-8.407716,-15.180831
331861447,1,3,-7.103628,-8.249645,-14.785653
331861457,1,3,-6.9659142,-8.121511,-13.392949
331861467,1,3,-6.8162255,-8.36221,-12.753479
331861476,1,3,-7.1587133,-9.557325,-11.906839
331861486,1,3,-8.022118,-12.5032,-11.219469
331861496,1,3,-9.121432,-16.896862,-10.760822
331861506,1,3,-8.34784,-22.983805,-10.001601
331861516,1,3,-6.339617,-28.888725,-13.633649
331861526,1,3,-3.69791,-27.735523,-18.828445
331861536,1,3,0.04550537,-21.337229,-25.735682
331861546,1,3,3.0368848,-15.399976,-30.443092
331861556,1,3,4.3122325,-13.1366825,-32.256123
331861565,1,3,2.4716601,-11.873309,-31.82502
331861575,1,3,-1.5699353,-10.80992,-33.203354
331861585,1,3,-7.7251353,-9.49745,-36.611465
331861595,1,3,-16.69568,-7.6880126,38.910686
331861605,1,3,-23.508314,-5.239105,38.910686
331861615,1,3,-23.857986,-5.013973,38.910686
331861625,1,3,-25.296196,-5.8031325,38.910686
331861635,1,3,-31.737602,-5.659431,38.910686
331861644,1,3,-38.849613,-3.8523889,38.910686
331861654,1,3,-38.849613,-0.8143066,38.910686
331861664,1,3,-38.849613,2.990182,38.910686
331861674,1,3,-38.849613,6.7767076,38.910686
331861684,1,3,-38.849613,12.966636,38.910686
331861694,1,3,-38.849613,18.60571,38.910686
331861704,1,3,-38.849613,19.693048,38.910686
331861714,1,3,-38.849613,15.586787,-30.802345
331861723,1,3,-38.849613,8.713081,-25.629105
331861733,1,3,-38.849613,0.98674804,-26.080564
331861743,1,3,-38.849613,-5.1061816,-27.134375
331861753,1,3,-38.849613,-6.7264123,-26.130861
331861763,1,3,-38.849613,-5.6726036,-23.196962
331861773,1,3,-38.849613,-4.536167,-21.935984
331861783,1,3,-38.849613,-2.6536818,-20.786375
331861793,1,3,-38.849613,-1.7304016,-19.05238
331861803,1,3,-38.849613,-2.7339149,-18.246456
331861812,1,3,-38.849613,-4.0535707,-16.647781
331861822,1,3,-38.849613,-5.0103807,-14.821578
331861832,1,3,-38.849613,-4.768484,-10.090218
331861842,1,3,-38.849613,-1.477727,-5.126539
331861852,1,3,-38.849613,2.5075855,-8.438851
331861862,1,3,-38.849613,8.774154,-10.848241
331861872,1,3,-37.290455,15.726895,-9.651929
331861882,1,3,-32.544724,20.352877,-6.807843
331861891,1,3,-28.315119,21.320463,-2.2656884
331861901,1,3,-24.79444,20.67381,2.8680358
331861911,1,3,-22.395828,19.400856,7.2173915
331861921,1,3,-20.041523,19.43678,8.200547
331861931,1,3,-17.668058,20.695364,6.218668
331861941,1,3,-13.824053,22.55869,3.441643
331861951,1,3,-9.942924,24.959696,2.5614734
331861961,1,3,-7.474856,26.89128,3.1398706
331861970,1,3,-5.039121,27.809769,2.8476782
331861980,1,3,-2.4117846,26.406288,2.3339465
331861990,1,3,-1.0011182,22.000648,4.9373326
331862000,1,3,-0.5783972,14.161751,8.283175
331862010,1,3,-1.0705737,7.733518,10.030342
331862020,1,3,-4.724176,2.6225464,9.344169
331862030,1,3,-10.772798,-0.7735913,8.788525
331862040,1,3,-16.350798,-3.2751892,7.5538917
331862050,1,3,-18.742226,-6.715635,8.092771
331862059,1,3,-15.5496645,-13.340259,6.1073
331862069,1,3,-16.204702,-17.18666,5.5756054
331862079,1,3,-17.372274,-21.359982,3.7637732
331862089,1,3,-17.961449,-25.568031,1.971101
331862099,1,3,-17.121994,-25.311764,-5.1456995
331862109,1,3,-16.420254,-21.17317,-10.097403
331862119,1,3,-14.771283,-24.206463,-9.0567665
331862129,1,3,-16.062199,-31.632221,-8.225695
331862138,1,3,-16.092136,-35.88338,-3.6823425
331862148,1,3,-14.554534,-35.726505,-0.34847534
331862158,1,3,-12.297228,-34.63318,2.0118165
331862168,1,3,-10.575209,-34.837955,3.8044884
331862178,1,3,-9.347761,-33.913475,4.846322
331862188,1,3,-8.600515,-31.062206,4.91458
331862198,1,3,-7.714358,-28.214527,3.9877076
331862208,1,3,-5.971981,-27.479256,2.1710851
331862217,1,3,-3.9242394,-28.327093,0.3568579
331862227,1,3,-2.217788,-28.961773,-1.0909314
331862237,1,3,-0.7316785,-27.490034,-2.635719
331862247,1,3,0.44786865,-25.383614,-3.011737
331862257,1,3,0.72928345,-24.927362,-2.3099964
331862267,1,3,0.50774413,-25.655449,-1.8645227
331862277,1,3,0.35925293,-25.309368,-2.123185
331862287,1,3,0.12933105,-23.87595,-2.6596692
331862296,1,3,0.5161267,-22.132376,-2.511178
331862316,1,3,0.80233157,-20.210373,-3.0201197
331862326,1,3,1.0813513,-17.706379,-4.343368
331862336,1,3,1.3400134,-15.205979,-5.6390734
331862346,1,3,1.6549585,-13.418097,-6.9048414
331862356,1,3,1.660946,-12.135564,-7.8712316
331862365,1,3,1.6789087,-11.290122,-8.103549
331862375,1,3,1.7040564,-11.144026,-8.0436735
331862385,1,3,1.7076489,-11.538007,-7.813751
331862395,1,3,1.4226416,-12.2146,-7.029382
331862405,1,3,1.3448035,-12.140354,-6.8138304
331862415,1,3,1.0585986,-10.855426,-6.6485744
331862425,1,3,1.0669812,-8.375383,-7.4341407
331862435,1,3,1.0370435,-5.892946,-8.109536
331862445,1,3,0.63108766,-3.7098854,-8.302335
331862454,1,3,1.4166541,-1.4849122,-8.386161
331862464,1,3,1.3998889,-0.6981482,-7.811356
331862474,1,3,1.7507592,-0.22872436,-7.155121
331862484,1,3,1.3699511,-0.20836669,-7.2784643
331862494,1,3,0.12573853,-0.43589357,-7.5862246
331862504,1,3,-1.3962964,0.13891113,-8.768167
331862514,1,3,-2.4489074,0.798739,-10.529703
331862524,1,3,-4.2008643,0.735271,-14.015655
331862533,1,3,-3.725453,1.0921289,-12.409794
331862543,1,3,-4.63077,0.676593,-14.370117
331862553,1,3,-5.718109,0.14489868,-15.125746
331862563,1,3,-6.077362,0.38080812,-15.453863
331862573,1,3,-6.2078905,0.86100954,-16.865728
331862583,1,3,-6.758745,0.7089258,-17.871635
331862593,1,3,-7.270082,-0.1484912,-19.540964
331862603,1,3,-7.6880126,-1.0765613,-20.944447
331862612,1,3,-9.326206,-2.262096,-23.53945
331862622,1,3,-11.427835,-2.2776635,-21.980291
331862632,1,3,-10.862611,-1.2621753,-20.601957
331862642,1,3,-8.976533,-0.5664221,-19.378103
331862652,1,3,-6.8162255,-1.7315991,-19.573298
331862662,1,3,-6.564749,-4.0439906,-16.739988
331862672,1,3,-7.732321,-6.9778895,-15.488591
331862682,1,3,-10.976375,-11.200309,-16.637003
331862691,1,3,-16.010706,-16.992664,-19.017653
331862701,1,3,-18.357824,-23.207739,-22.102438
331862711,1,3,-15.541282,-26.201513,-22.577848
331862721,1,3,-10.70454,-23.041285,-25.50097
331862731,1,3,-6.1516075,-17.099241,-26.785898
331862741,1,3,-2.880011,-12.710369,-27.81456
331862751,1,3,-2.77463,-10.443482,-28.654015
331862761,1,3,-5.0630713,-9.0076685,-31.141241
331862771,1,3,-8.966953,-7.3263645,-35.874996
331862780,1,3,-13.637241,-5.398374,38.910686
331862790,1,3,-17.094452,-3.3242872,38.910686
331862800,1,3,-21.398302,-1.7004639,38.910686
331862810,1,3,-26.619444,-0.6753955,38.910686
331862820,1,3,-31.91603,1.8920654,38.910686
331862830,1,3,-36.47375,5.548063,38.910686
331862840,1,3,-38.849613,9.477093,38.910686
331862850,1,3,-38.849613,11.306888,38.910686
331862859,1,3,-38.849613,10.335707,38.910686
331862869,1,3,-38.849613,8.63165,38.910686
331862879,1,3,-38.849613,7.404203,38.910686
331862889,1,3,-38.849613,4.4810815,38.910686
331862899,1,3,-38.849613,-0.040715333,38.910686
331862909,1,3,-38.849613,-4.8175817,38.910686
331862919,1,3,-38.849613,-8.241262,38.910686
331862929,1,3,-38.849613,-8.840017,38.910686
331862938,1,3,-38.849613,-7.763456,38.910686
331862948,1,3,-38.849613,-6.276149,38.910686
331862958,1,3,-38.849613,-6.3994923,38.910686
331862968,1,3,-38.849613,-8.311915,-39.168148
331862978,1,3,-38.849613,-8.321495,-33.981735
331862988,1,3,-38.849613,-7.4125853,-30.840666
331862998,1,3,-38.849613,-4.326603,-30.652657
331863008,1,3,-38.849613,-0.48139894,-26.243427
331863017,1,3,-38.849613,1.4849122,-22.195843
331863027,1,3,-38.849613,1.717229,-14.342574
331863037,1,3,-38.849613,2.1926403,-9.899814
331863047,1,3,-38.849613,5.686974,-11.67572
331863057,1,3,-38.849613,15.120955,-12.5511
331863067,1,3,-37.084484,25.232729,-12.705579
331863077,1,3,-34.270336,31.063404,-9.457932
331863087,1,3,-29.971275,30.895752,-4.2787023
331863096,1,3,-25.626709,30.399982,2.2129982
331863106,1,3,-21.963526,30.33891,5.4259167
331863116,1,3,-17.790205,31.704071,6.526428
331863126,1,3,-14.196478,32.972233,6.3671594
331863136,1,3,-10.74286,32.331566,5.933661
331863146,1,3,-7.899972,29.676687,6.213878
331863156,1,3,-5.757627,24.82797,5.943241
331863166,1,3,-4.6187954,18.817669,5.572013
331863175,1,3,-3.9457946,12.427756,6.3348265
331863185,1,3,-4.2080493,5.742059,7.1347632
331863195,1,3,-7.2832546,0.27782226,5.060676
331863205,1,3,-12.427756,-3.4811609,5.987549
331863215,1,3,-16.33044,-9.353748,7.0796776
331863225,1,3,-16.155603,-15.089821,5.374424
331863235,1,3,-14.337785,-19.410437,4.4415636
331863245,1,3,-13.177398,-21.67852,3.9877076
331863254,1,3,-12.345128,-23.897505,3.8847218
331863264,1,3,-12.612173,-26.447002,4.003275
331863274,1,3,-13.473183,-28.061247,4.581672
331863284,1,3,-12.123589,-28.038494,3.4188905
331863294,1,3,-10.504556,-28.033703,2.3519092
331863304,1,3,-10.166858,-27.284063,2.3076012
331863314,1,3,-9.599238,-27.7475,2.6057813
331863324,1,3,-8.754993,-29.271929,4.237987
331863334,1,3,-8.90109,-30.821507,4.827162
331863343,1,3,-8.372989,-30.129345,5.300178
331863353,1,3,-7.8329115,-28.523485,4.8942223
331863363,1,3,-6.724017,-28.169022,4.0368056
331863373,1,3,-5.3780165,-29.086315,2.699187
331863383,1,3,-3.8200562,-29.321026,1.2142749
331863393,1,3,-1.8285974,-29.92577,0.11136841
331863403,1,3,0.52450925,-31.399904,0.16046631
331863413,1,3,1.7926722,-33.06085,1.9255958
331863422,1,3,2.5710535,-32.912357,0.9472302
331863432,1,3,4.0511756,-30.480217,0.32093263
331863442,1,3,5.4606447,-27.630142,-1.5447876
331863452,1,3,6.452183,-24.778872,-2.081272
331863472,1,3,6.716832,-21.02827,-3.9541771
331863482,1,3,7.171886,-18.611696,-3.7110827
331863492,1,3,6.1108923,-16.975899,-2.9195287
331863501,1,3,5.471422,-15.088623,-4.2200246
331863511,1,3,5.1528845,-12.929513,-4.9936156
331863521,1,3,4.0104604,-12.119996,-6.631809
331863531,1,3,4.5840673,-10.481803,-4.3912683
331863541,1,3,4.0260277,-10.853031,-3.3578174
331863551,1,3,2.389032,-12.496015,-2.2201831
331863561,1,3,1.3184582,-13.173805,-2.078877
331863571,1,3,0.6777905,-12.027788,-2.2537134
331863580,1,3,0.07664063,-10.257869,-2.0489392
331863590,1,3,0.124541014,-9.012459,-2.1627026
331863600,1,3,-0.24548951,-9.801618,-3.5805542
331863610,1,3,-0.1353186,-8.836425,-4.2343946
331863620,1,3,0.25985962,-7.139553,-5.302573
331863630,1,3,0.38799316,-5.1792297,-7.93949
331863640,1,3,0.12813355,-3.615282,-10.477013
331863650,1,3,-0.5233118,-1.4932947,-13.522281
331863659,1,3,-1.3052857,-0.40595582,-16.186739
331863669,1,3,-2.1579125,-0.20836669,-16.986675
331863679,1,3,-4.1829014,-2.814148,-16.146025
331863689,1,3,-5.407954,-6.4234424,-13.813275
331863699,1,3,-8.412506,-11.95474,-8.5154915
331863709,1,3,-11.676918,-18.610498,-4.2020617
331863719,1,3,-10.594369,-18.82126,-2.6884093
331863729,1,3,-7.4784484,-11.30569,-6.5216384
331863739,1,3,-5.363646,-4.174519,-11.605067
331863748,1,3,-4.045188,-1.0597961,-14.865887
331863758,1,3,-3.9960902,-1.4286292,-16.035852
331863768,1,3,-5.271438,-3.9601648,-16.193924
331863778,1,3,-7.3515124,-6.771918,-16.45139
331863788,1,3,-9.629176,-9.849518,-16.264578
331863798,1,3,-10.5764065,-12.048145,-16.52803
331863808,1,3,-9.092691,-11.484118,-16.968714
331863818,1,3,-7.0736904,-10.318942,-15.076648
331863827,1,3,-6.085745,-11.508069,-13.627661
331863837,1,3,-5.039121,-12.7642565,-13.626464
331863847,1,3,-5.5995555,-14.753321,-14.671889
331863857,1,3,-7.2341566,-16.53282,-14.322217
331863867,1,3,-9.103469,-14.810801,-13.083992
331863877,1,3,-9.2328005,-13.254038,-11.150013
331863887,1,3,-7.444918,-14.990427,-9.405242
331863900,1,3,-6.524033,-19.4272,-8.150251
331863910,1,3,-6.149213,-22.53354,-8.092771
331863920,1,3,-5.8414526,-23.915468,-10.52132
331863930,1,3,-4.7373486,-23.911875,-15.456259
331863939,1,3,-3.6703675,-24.776478,-22.814957
331863949,1,3,-2.830913,-24.013664,-29.388086
331863959,1,3,-1.6621436,-23.12152,-35.8271
331863969,1,3,-3.7362304,-18.111137,-39.019657
331863979,1,3,-6.565946,-13.230088,38.910686
331863989,1,3,-12.278068,-10.615924,38.910686
331863999,1,3,-20.763622,-9.193282,38.910686
331864009,1,3,-26.08296,-6.1839404,38.910686
331864018,1,3,-29.500652,-3.4284704,38.910686
331864028,1,3,-33.535065,-1.5459851,38.910686
331864038,1,3,-37.343143,-0.086220704,38.910686
331864048,1,3,-38.849613,1.6238233,38.910686
331864058,1,3,-38.849613,3.6991076,38.910686
331864068,1,3,-38.849613,5.151687,38.910686
331864078,1,3,-38.849613,4.55892,38.910686
331864088,1,3,-38.849613,2.743495,38.910686
331864097,1,3,-38.849613,1.7076489,38.910686
331864107,1,3,-38.849613,1.1340418,38.910686
331864117,1,3,-38.849613,0.59516233,38.910686
331864127,1,3,-38.849613,-0.48020142,38.910686
331864137,1,3,-38.849613,-1.6932788,38.910686
331864147,1,3,-38.849613,-2.2728736,38.96098
331864157,1,3,-38.849613,-3.0859826,-37.250935
331864167,1,3,-38.849613,-4.3960586,-35.525326
331864176,1,3,-38.849613,-5.8474402,-32.785423
331864186,1,3,-38.849613,-5.621111,-28.946205
331864196,1,3,-38.849613,-5.945636,-25.393194
331864206,1,3,-38.849613,-6.4881077,-26.61705
331864216,1,3,-38.849613,-5.613926,-28.741432
331864226,1,3,-38.849613,-3.8847218,-27.788214
331864236,1,3,-38.849613,-1.4813195,-23.368206
331864246,1,3,-38.849613,4.834347,-17.760267
331864256,1,3,-38.849613,12.5319395,-13.633649
331864265,1,3,-38.849613,16.863333,-8.611293
331864275,1,3,-38.849613,20.180435,-4.9205675
331864285,1,3,-37.058136,23.628065,-0.38320312
331864295,1,3,-35.252293,26.817034,5.107379
331864305,1,3,-30.962812,31.256203,9.237591
331864315,1,3,-25.979975,33.906292,11.463761
331864325,1,3,-19.872675,37.070114,10.469828
331864335,1,3,-15.838264,38.087997,9.75731
331864344,1,3,-12.797787,37.19705,9.219627
331864354,1,3,-9.890233,34.35895,6.3935046
331864364,1,3,-7.6712475,28.772568,4.3230104
331864374,1,3,-6.695277,20.671413,4.3768983
331864384,1,3,-6.7779055,11.662548,5.126539
331864394,1,3,-7.749086,2.4225624,6.998247
331864404,1,3,-10.817105,-4.973258,7.212601
331864414,1,3,-17.359102,-12.287647,8.678353
331864423,1,3,-20.24031,-18.599722,8.346643
331864433,1,3,-15.0574875,-20.386406,8.131091
331864443,1,3,-13.6647835,-20.140917,5.988746
331864453,1,3,-13.923446,-18.744621,4.8666797
331864463,1,3,-12.7570715,-19.49067,2.76026
331864473,1,3,-12.013418,-23.555017,0.16286133
331864483,1,3,-11.530822,-27.315197,-1.3986914
331864493,1,3,-10.229129,-30.689781,-0.49457154
331864502,1,3,-9.1130495,-35.222355,1.3316308
331864512,1,3,-9.436377,-38.34067,2.1171973
331864522,1,3,-7.4485106,-35.87739,2.4728577
331864532,1,3,-4.91937,-31.945969,1.8657203
331864542,1,3,-3.2823744,-28.628866,0.81310916
331864552,1,3,-1.4885046,-26.928402,0.31255004
331864562,1,3,-0.13172607,-26.613457,-0.41912842
331864572,1,3,0.5903723,-26.103317,-1.3591735
331864582,1,3,1.4861096,-26.04464,-1.8022522
331864591,1,3,1.8178198,-26.339228,-2.3076012
331864601,1,3,2.5243506,-25.766817,-2.9159362
331864611,1,3,3.913462,-24.110662,-3.3985326
331864621,1,3,5.692961,-23.097569,-3.9158568
331864631,1,3,7.474856,-22.496418,-3.6045043
331864641,1,3,9.0076685,-22.056932,-3.354225
331864651,1,3,9.928554,-21.521645,-2.2237756
331864667,1,3,10.120155,-21.434227,-1.6022681
331864677,1,3,9.46871,-19.62479,-2.166295
331864687,1,3,8.049661,-17.501606,-2.7830126
331864697,1,3,7.0401597,-16.474142,-3.4667907
331864707,1,3,6.4030848,-16.459772,-3.993695
331864716,1,3,5.8965383,-15.843054,-4.679868
331864726,1,3,5.393584,-15.015575,-5.3696337
331864736,1,3,4.931345,-14.203663,-5.7097263
331864746,1,3,4.428391,-13.509108,-4.867877
331864756,1,3,4.0463853,-13.183385,-3.969745
331864766,1,3,3.4643958,-12.85407,-2.875221
331864776,1,3,3.3063245,-11.851754,-2.694397
331864786,1,3,3.117118,-10.802735,-2.9686267
331864796,1,3,3.06323,-9.798025,-3.7805383
331864805,1,3,3.1961536,-9.389674,-3.9505847
331864815,1,3,3.117118,-9.865086,-4.5517344
331864825,1,3,2.699187,-9.86269,-5.133724
331864835,1,3,2.5051904,-8.307125,-5.7588243
331864845,1,3,1.3340259,-6.478528,-5.9540186
331864855,1,3,2.2237756,-4.142186,-6.119275
331864865,1,3,2.2321582,-3.1410682,-5.5468655
331864875,1,3,2.1854553,-2.8129504,-5.6726036
331864884,1,3,2.0381615,-3.3206947,-6.892866
331864894,1,3,1.23104,-4.237987,-7.2880445
331864904,1,3,-0.0011975098,-4.931345,-7.369475
331864914,1,3,-1.1927197,-4.452341,-7.2090087
331864924,1,3,-2.8788135,-3.5817518,-6.700067
331864934,1,3,-4.8666797,-3.1542406,-7.325167
331864944,1,3,-6.3611717,-3.2081287,-7.5838294
331864954,1,3,-7.547904,-5.437892,-10.427915
331864963,1,3,-6.5503783,-5.749244,-8.649613
331864973,1,3,-6.052214,-5.6582336,-9.825567
331864983,1,3,-6.0007215,-5.3480787,-12.225377
331864993,1,3,-6.2078905,-4.90021,-13.634846
331865003,1,3,-7.2317615,-4.57329,-14.99881
331865013,1,3,-8.455616,-4.4427614,-16.213085
331865023,1,3,-9.485475,-5.3037705,-16.963923
331865033,1,3,-10.20398,-7.4712634,-16.598682
331865042,1,3,-10.284214,-9.128617,-15.96041
331865052,1,3,-10.806328,-9.401649,-16.039446
331865062,1,3,-11.209888,-8.766969,-15.7747965
331865072,1,3,-11.177556,-10.0207615,-15.964003
331865082,1,3,-11.123669,-13.873151,-17.104033
331865092,1,3,-12.933105,-19.590063,-17.168697
331865102,1,3,-14.398857,-23.349045,-18.288368
331865112,1,3,-11.0829525,-25.74646,-17.224981
331865121,1,3,-6.6653395,-29.182116,-15.947238
331865131,1,3,-4.3541455,-30.622719,-13.420492
331865141,1,3,-2.9039612,-28.076815,-13.289964
331865151,1,3,-2.6165588,-24.64116,-17.053736
331865161,1,3,-3.4141004,-21.700075,-22.28925
331865175,1,3,-4.509822,-18.794916,-27.990593
331865185,1,3,-5.3875966,-15.8310795,-33.266823
331865195,1,3,-7.4054003,-13.733042,-38.22451
331865205,1,3,-11.763139,-11.748768,38.910686
331865215,1,3,-17.630936,-9.499845,38.910686
331865225,1,3,-22.701193,-7.618557,38.910686
331865234,1,3,-26.658962,-6.8509536,38.910686
331865244,1,3,-29.826376,-6.547983,38.910686
331865254,1,3,-38.23649,-6.508466,38.910686
331865264,1,3,-38.849613,-4.216432,38.910686
331865274,1,3,-38.849613,-2.9782069,38.910686
331865284,1,3,-38.849613,-1.9842737,38.910686
331865294,1,3,-38.849613,-2.1890478,38.910686
331865304,1,3,-38.849613,-3.009342,38.910686
331865313,1,3,-38.849613,-5.5935683,38.910686
331865323,1,3,-38.849613,-8.647218,38.910686
331865333,1,3,-38.849613,-11.894864,38.910686
331865343,1,3,-38.849613,-15.629897,38.910686
331865353,1,3,-38.849613,-19.289488,38.910686
331865363,1,3,-38.849613,-23.054459,-36.150425
331865373,1,3,-38.849613,-25.989555,-32.253727
331865383,1,3,-38.849613,-26.599087,-30.215567
331865392,1,3,-38.849613,-22.703588,-29.885054
331865402,1,3,-38.849613,-16.3017,-32.020214
331865412,1,3,-38.849613,-9.655521,-33.15665
331865422,1,3,-38.849613,-4.123026,-31.055021
331865432,1,3,-38.849613,-0.45744872,-27.941496
331865442,1,3,-38.849613,-0.26345214,-23.396946
331865452,1,3,-38.849613,0.14010864,-14.688655
331865461,1,3,-38.849613,3.617677,-10.957214
331865471,1,3,-38.849613,12.511582,-9.892628
331865481,1,3,-38.659206,21.727617,-10.722503
331865491,1,3,-33.155453,27.306816,-9.013656
331865501,1,3,-29.398865,29.80961,-2.1579125
331865511,1,3,-26.517656,30.777199,4.5062294
331865521,1,3,-23.128704,29.591663,10.517728
331865531,1,3,-21.506079,29.43,15.631095
331865540,1,3,-18.438057,31.143637,13.548626
331865550,1,3,-12.015813,34.496662,5.18881
331865560,1,3,-7.7466908,34.853523,1.5531702
331865570,1,3,-6.6916847,28.992908,2.811753
331865580,1,3,-7.061715,18.743423,3.5973194
331865590,1,3,-9.233997,7.926317,5.4319043
331865600,1,3,-12.2505245,-1.775907,6.013894
331865610,1,3,-17.409397,-6.108497,3.6919227
331865620,1,3,-20.730091,-9.259146,2.4273522
331865629,1,3,-16.044235,-12.939093,1.6154407
331865639,1,3,-13.50791,-15.02276,0.671803
331865649,1,3,-12.759466,-15.058685,-0.12933105
331865659,1,3,-11.65177,-15.398778,0.09220825
331865669,1,3,-13.342654,-17.63453,0.22752686
331865679,1,3,-14.449153,-22.037773,2.6081762
331865689,1,3,-15.279027,-26.383535,5.435497
331865698,1,3,-15.404766,-28.822863,6.8808913
331865708,1,3,-14.117443,-29.829967,7.66526
331865718,1,3,-12.220587,-30.565239,8.131091
331865728,1,3,-10.283016,-31.90166,8.329878
331865738,1,3,-8.429272,-31.79628,7.5443115
331865748,1,3,-6.213878,-29.95451,5.3756213
331865758,1,3,-3.6200721,-28.8049,3.5218763
331865768,1,3,-2.1806653,-29.27552,2.323169
331865777,1,3,-1.2130774,-30.97359,1.5172448
331865787,1,3,-0.6969507,-31.874117,0.7364685
331865797,1,3,-0.6382727,-30.191616,-0.16286133
331865807,1,3,0.19998413,-27.081684,-0.5029541
331865817,1,3,1.6022681,-25.194408,-0.8741821
331865827,1,3,2.7003846,-24.56811,-0.59156984
331865837,1,3,2.511178,-23.993305,-2.210603
331865847,1,3,3.7889209,-23.469994,-0.022752685
331865857,1,3,4.8379393,-22.37547,0.52091676
331865873,1,3,6.5946865,-20.39,0.34967285
331865883,1,3,6.725215,-19.012863,0.24429199
331865893,1,3,7.862849,-17.398619,-0.34009278
331865902,1,3,7.6616673,-15.123351,-1.3627661
331865912,1,3,7.205416,-13.188175,-3.2919543
331865922,1,3,6.631809,-11.943962,-4.757706
331865932,1,3,5.6582336,-11.791879,-5.3995714
331865942,1,3,4.5852647,-12.266092,-4.90021
331865952,1,3,3.3242872,-12.688813,-3.4943335
331865962,1,3,2.2501209,-13.14746,-1.6465759
331865972,1,3,1.3232483,-13.814472,0.07664063
331865981,1,3,0.71730834,-14.851516,0.2945874
331865991,1,3,-0.21555176,-15.035933,-0.025147704
331866001,1,3,-0.8310718,-13.694721,-2.0357666
331866011,1,3,-1.1639795,-12.044553,-4.003275
331866021,1,3,-1.3867164,-10.775193,-5.415139
331866031,1,3,-1.2825329,-9.724977,-5.8474402
331866041,1,3,-0.57959473,-8.729846,-5.3241286
331866051,1,3,-1.1472144,-7.716753,-4.736151
331866060,1,3,-1.2645704,-8.402926,-3.9469922
331866070,1,3,-1.4429992,-11.336825,-4.4032435
331866080,1,3,-1.8154248,-13.14746,-4.8415318
331866090,1,3,-2.4716601,-13.303136,-6.0833497
331866100,1,3,-3.5063086,-11.818224,-7.2928343
331866110,1,3,-3.9242394,-10.157278,-8.760982
331866120,1,3,-3.6116896,-9.669891,-9.541758
331866130,1,3,-2.7051744,-9.400452,-9.604029
331866139,1,3,-1.7591418,-8.286768,-10.401569
331866149,1,3,-1.1687695,-6.8246083,-10.433903
331866159,1,3,-0.9316626,-5.403164,-10.632689
331866169,1,3,-1.0166858,-4.684658,-10.820698
331866179,1,3,-1.4932947,-4.622388,-11.33922
331866189,1,3,-1.8429675,-4.5158095,-11.329639
331866199,1,3,-2.215393,-4.0104604,-12.090058
331866209,1,3,-2.5411158,-3.5087037,-13.101954
331866218,1,3,-3.138673,-3.6188745,-13.244458
331866228,1,3,-2.8297155,-3.9242394,-13.624068
331866238,1,3,-2.1052222,-4.5050316,-10.876981
331866248,1,3,-3.5230737,-3.869154,-11.789484
331866258,1,3,-4.199667,-4.0415955,-12.420571
331866268,1,3,-3.4212854,-5.3073635,-12.068503
331866278,1,3,-5.379214,-8.05924,-12.076886
331866288,1,3,-8.186176,-9.513018,-11.806249
331866297,1,3,-10.1333275,-12.420571,-11.516452
331866307,1,3,-10.744058,-17.680035,-12.912747
331866317,1,3,-10.551258,-23.728657,-16.450191
331866327,1,3,-9.433982,-28.212133,-19.211649
331866337,1,3,-6.0055113,-27.292444,-20.253483
331866347,1,3,-2.6045837,-21.043839,-22.344336
331866357,1,3,-1.0957215,-15.426321,-23.897505
331866367,1,3,-1.0909314,-12.187057,-25.95842
331866376,1,3,-2.8500733,-10.848241,-27.970236
331866386,1,3,-5.2067723,-9.451944,-29.25277
331866401,1,3,-7.8556643,-7.8796144,-30.052706
331866410,1,3,-9.944121,-7.091653,-31.377151
331866420,1,3,-11.233839,-8.083191,-35.795963
331866430,1,3,-12.960649,-9.926159,38.910686
331866440,1,3,-16.953146,-11.151211,38.910686
331866450,1,3,-23.434069,-9.630374,38.910686
331866460,1,3,-32.88841,-5.8187,38.910686
331866470,1,3,-37.545525,0.025147704,38.910686
331866480,1,3,-38.849613,5.3289185,38.910686
331866489,1,3,-38.849613,9.437574,38.910686
331866499,1,3,-38.849613,11.62782,38.910686
331866509,1,3,-38.849613,11.094928,38.910686
331866519,1,3,-38.849613,9.429192,38.910686
331866529,1,3,-38.849613,5.8007374,38.910686
331866539,1,3,-38.849613,0.7089258,38.910686
331866549,1,3,-38.849613,-4.3768983,38.910686
331866559,1,3,-38.849613,-8.337063,38.910686
331866568,1,3,-38.849613,-11.408675,38.910686
331866578,1,3,-38.849613,-14.922169,-38.73465
331866588,1,3,-38.849613,-18.617683,-33.768578
331866598,1,3,-38.849613,-19.683468,-30.317354
331866608,1,3,-38.849613,-21.090542,-28.267218
331866618,1,3,-38.849613,-24.430397,-31.028675
331866628,1,3,-38.849613,-22.883215,-31.466965
331866638,1,3,-38.849613,-12.021801,-26.033863
331866647,1,3,-38.849613,1.6549585,-16.586708
331866657,1,3,-38.849613,7.804171,-13.104349
331866667,1,3,-38.849613,8.914263,-8.707093
331866677,1,3,-38.849613,10.960807,-5.478607
331866687,1,3,-38.849613,13.821658,-3.3206947
331866697,1,3,-38.849613,16.973503,1.0274634
331866707,1,3,-35.19122,19.437979,6.7455726
331866717,1,3,-29.817993,22.395828,8.478369
331866726,1,3,-24.89024,25.13094,9.914184
331866736,1,3,-20.611538,27.460096,11.049422
331866746,1,3,-17.390236,27.57386,9.994416
331866756,1,3,-13.749807,26.70327,8.017328
331866766,1,3,-10.923684,24.742947,7.6425076
331866776,1,3,-8.956176,21.916824,7.8472815
331866786,1,3,-7.955057,18.36022,7.9981675
331866796,1,3,-7.401808,14.095887,7.95865
331866805,1,3,-7.6173596,8.977731,8.437654
331866815,1,3,-7.994575,4.3397756,8.401729
331866825,1,3,-9.101074,1.4334192,8.207732
331866835,1,3,-12.032578,-0.7424561,7.5814342
331866845,1,3,-15.089821,-5.1792297,7.5934095
331866855,1,3,-15.439493,-10.860216,7.232959
331866865,1,3,-14.3749075,-13.410912,5.9935365
331866875,1,3,-14.376104,-12.395424,2.7351122
331866884,1,3,-13.7055,-10.582394,0.35087037
331866894,1,3,-13.711487,-13.643229,-0.17244141
331866904,1,3,-15.807129,-19.72538,0.9627979
331866914,1,3,-18.531464,-25.985962,2.3782544
331866924,1,3,-19.411633,-30.320948,5.6570363
331866934,1,3,-19.38888,-33.523087,5.836663
331866944,1,3,-18.136286,-31.972313,5.372029
331866954,1,3,-17.083673,-28.849207,4.540957
331866963,1,3,-13.158237,-25.418343,-2.0058289
331866973,1,3,-12.504397,-27.146349,-5.413942
331866983,1,3,-14.3258095,-34.555344,-7.1455407
331866993,1,3,-13.395344,-39.15857,-5.5516553
331867003,1,3,-9.709409,-39.15857,-5.1840196
331867013,1,3,-6.3994923,-39.15857,-2.7159522
331867023,1,3,-4.902605,-37.065323,-1.1448194
331867033,1,3,-4.9361353,-31.245424,-0.62989014
331867042,1,3,-4.1613464,-27.448122,-1.2729529
331867052,1,3,-2.5075855,-25.978777,-1.7315991
331867062,1,3,-0.42751098,-25.281826,-1.7375866
331867072,1,3,1.5399976,-24.692652,-2.9279113
331867082,1,3,2.5854235,-23.328688,-3.7410204
331867092,1,3,4.3936634,-21.75995,-2.445315
331867108,1,3,5.924081,-20.885767,-1.5651453
331867118,1,3,6.7803,-19.593655,-1.3208532
331867128,1,3,6.9240017,-17.19624,-1.2178674
331867137,1,3,5.0654664,-14.418017,-3.3362622
331867147,1,3,2.8225305,-10.157278,-6.6940794
331867157,1,3,3.6607873,-11.620635,-4.54934
331867167,1,3,2.1279747,-13.798905,-1.8405725
331867177,1,3,3.1362782,-12.383449,-1.8681152
331867187,1,3,3.8763392,-9.617201,-2.2213807
331867197,1,3,3.5242712,-8.674761,-3.0488598
331867207,1,3,2.8680358,-9.399254,-3.2620165
331867216,1,3,1.5040723,-9.9081955,-3.6116896
331867226,1,3,0.6502478,-9.045989,-4.2715173
331867236,1,3,-0.031135254,-7.387438,-4.7181883
331867246,1,3,-0.6370752,-6.603069,-5.825885
331867256,1,3,-1.3244458,-6.260581,-5.4043617
331867266,1,3,-2.0333717,-7.1096153,-6.1791506
331867276,1,3,-2.8812084,-8.758587,-6.373147
331867286,1,3,-3.7434156,-10.190808,-6.963519
331867295,1,3,-4.309838,-10.729688,-7.891589
331867305,1,3,-4.216432,-10.299782,-8.544232
331867315,1,3,-3.930227,-9.20406,-9.159752
331867325,1,3,-3.514691,-8.355025,-9.536968
331867335,1,3,-2.9051588,-7.5598793,-9.653126
331867345,1,3,-2.8345056,-6.452183,-9.7884445
331867355,1,3,-3.0416749,-5.1624646,-10.360854
331867365,1,3,-3.69791,-4.223617,-10.866203
331867374,1,3,-4.2559495,-3.5338514,-11.848162
331867384,1,3,-4.726571,-2.9183314,-13.321098
331867394,1,3,-5.6977515,-2.8225305,-14.856306
331867404,1,3,-7.425758,-3.4332604,-16.32086
331867414,1,3,-9.375304,-5.1456995,-18.707497
331867424,1,3,-11.038645,-7.1826634,-19.657124
331867434,1,3,-12.773837,-9.520203,-18.779348
331867444,1,3,-12.767849,-11.590697,-17.296831
331867453,1,3,-11.427835,-11.833792,-16.605867
331867463,1,3,-11.466156,-11.473341,-16.962727
331867473,1,3,-12.821737,-11.885284,-17.331558
331867483,1,3,-14.192885,-12.661271,-15.062278
331867493,1,3,-15.5568495,-14.024036,-13.789325
331867503,1,3,-13.342654,-16.389118,-10.676997
331867513,1,3,-12.931908,-19.46552,-10.251881
331867523,1,3,-10.972782,-22.484444,-14.148578
331867532,1,3,-8.104746,-24.460335,-18.794916
331867542,1,3,-4.452341,-24.065157,-20.926483
331867552,1,3,0.7604187,-22.822142,-21.278551
331867562,1,3,4.3301954,-24.028034,-18.745817
331867572,1,3,5.6953564,-26.620642,-15.296989
331867582,1,3,4.9552956,-27.308012,-15.274237
331867592,1,3,2.0513341,-25.413551,-19.426003
331867606,1,3,-0.2814148,-21.58751,-26.148823
331867616,1,3,-1.3100756,-17.423767,-32.53155
331867626,1,3,-1.9291883,-13.5450325,38.910686
331867636,1,3,-4.5122166,-9.912986,38.910686
331867646,1,3,-9.061557,-7.294032,38.910686
331867655,1,3,-17.228573,-6.502478,38.910686
331867665,1,3,-27.519972,-6.821016,38.910686
331867675,1,3,-33.720676,-3.8811293,38.910686
331867685,1,3,-36.986286,0.9316626,38.910686
331867695,1,3,-38.849613,5.8570204,38.910686
331867705,1,3,-38.849613,7.862849,38.910686
331867715,1,3,-38.849613,5.618716,38.910686
331867725,1,3,-38.849613,3.5254688,38.910686
331867734,1,3,-38.849613,1.7567468,38.910686
331867744,1,3,-38.849613,-0.0023950196,38.910686
331867754,1,3,-38.849613,-4.639153,38.910686
331867764,1,3,-38.849613,-12.291241,38.910686
331867774,1,3,-38.849613,-18.920654,38.910686
331867784,1,3,-38.849613,-21.733604,38.910686
331867794,1,3,-38.849613,-25.311764,38.910686
331867804,1,3,-38.849613,-28.116331,38.910686
331867813,1,3,-38.849613,-28.558212,38.910686
331867823,1,3,-38.849613,-25.23632,38.910686
331867833,1,3,-38.849613,-18.077608,38.910686
331867843,1,3,-38.849613,-12.498409,-38.174217
331867853,1,3,-38.849613,-8.663983,-33.066837
331867863,1,3,-38.849613,-7.1994286,-27.0745
331867873,1,3,-38.849613,-7.1203933,-19.16375
331867883,1,3,-38.849613,-4.205654,-16.439415
331867892,1,3,-38.849613,3.6871326,-17.827328
331867902,1,3,-38.849613,12.463681,-16.146025
331867912,1,3,-38.849613,18.222506,-13.522281
331867922,1,3,-37.71198,22.108425,-5.4271145
331867932,1,3,-35.40318,24.402855,2.6620643
331867942,1,3,-31.991474,26.10212,7.253317
331867952,1,3,-28.380981,31.324461,9.730965
331867962,1,3,-24.932154,38.127514,5.774392
331867971,1,3,-20.52891,-39.16336,2.494413
331867981,1,3,-14.782061,-39.16336,0.75083864
331867991,1,3,-10.724897,36.298916,-0.61911255
331868001,1,3,-9.951306,25.978777,2.0561242
331868011,1,3,-10.327324,15.567627,4.6726832
331868021,1,3,-11.510464,7.169491,7.0976405
331868031,1,3,-13.291161,2.1004322,9.103469
331868041,1,3,-16.310083,-3.859574,12.249328
331868050,1,3,-20.42233,-13.106745,12.824132
331868060,1,3,-18.935024,-21.78869,12.7007885
331868070,1,3,-15.056291,-24.50584,10.638677
331868080,1,3,-13.201347,-21.80306,7.7921963
331868090,1,3,-11.294912,-20.076252,4.5074267
331868100,1,3,-10.341694,-20.126547,1.9758911
331868110,1,3,-10.820698,-21.28334,2.4968078
331868120,1,3,-12.32956,-23.417303,3.4811609
331868129,1,3,-13.170213,-24.57769,5.5827904
331868139,1,3,-12.5810375,-25.451872,7.5910144
331868149,1,3,-10.952424,-26.843378,11.160791
331868159,1,3,-10.665022,-28.87675,12.173884
331868169,1,3,-9.753717,-28.644434,12.48883
331868179,1,3,-7.858059,-25.750053,11.3488
331868189,1,3,-7.08327,-24.002886,9.727372
331868199,1,3,-6.8533483,-23.656805,8.626861
331868208,1,3,-5.3456836,-24.176525,7.5526943
331868218,1,3,-3.838019,-24.940536,6.6641417
331868228,1,3,-1.6789087,-24.667503,4.8091993
331868238,1,3,-0.11136841,-25.374035,4.118236
331868248,1,3,0.59516233,-26.147625,3.6895275
331868258,1,3,0.96040285,-26.624235,3.8368213
331868268,1,3,0.9783655,-26.758356,3.7050953
331868278,1,3,1.8812878,-26.981092,3.9673498
331868287,1,3,2.0824695,-26.035059,3.2680042
331868297,1,3,2.9195287,-24.52021,2.7267296
331868313,1,3,3.1638207,-23.187382,2.4357347
331868323,1,3,3.131488,-21.331242,1.9160156
331868333,1,3,3.4775684,-19.309845,-0.24189697
331868343,1,3,4.1613464,-18.10515,-0.7161108
331868353,1,3,4.502637,-16.916023,-1.4920971
331868363,1,3,5.1229467,-15.659835,-3.3206947
331868373,1,3,5.269043,-15.62391,-4.58287
331868383,1,3,4.958888,-16.270565,-5.166057
331868392,1,3,4.4319835,-15.847844,-5.5169277
331868402,1,3,3.627257,-14.554534,-5.5684204
331868412,1,3,3.984115,-12.58463,-5.7779846
331868422,1,3,3.427273,-11.649375,-5.2259326
331868432,1,3,2.3662794,-11.233839,-5.1373167
331868442,1,3,1.2166699,-10.374027,-5.4810023
331868452,1,3,0.6047424,-8.63165,-6.3623695
331868462,1,3,-0.09939331,-7.379055,-6.9311867
331868471,1,3,-0.53169435,-7.141948,-8.396938
331868481,1,3,-0.9472302,-6.971902,-8.9513855
331868491,1,3,0.14250366,-6.575526,-10.019565
331868501,1,3,-0.8945398,-5.054689,-10.038724
331868511,1,3,-1.4262341,-3.5110986,-9.532178
331868521,1,3,-2.166295,-3.923042,-8.440049
331868531,1,3,-3.446433,-6.9695067,-7.155121
331868540,1,3,-5.522915,-10.554852,-5.1864147
331868550,1,3,-10.716515,-13.936619,-9.832752
331868560,1,3,-16.07178,-13.424085,-14.530583
331868570,1,3,-12.527149,-10.353669,-15.837067
331868580,1,3,-6.860533,-9.466314,-15.305372
331868590,1,3,-4.829557,-9.540561,-14.997612
331868600,1,3,-5.0810337,-8.610095,-14.37371
331868610,1,3,-8.914263,-7.8712316,-14.499448
331868619,1,3,-11.89726,-8.646021,-15.827487
331868629,1,3,-10.409952,-11.172766,-15.126944
331868639,1,3,-7.755073,-12.81096,-13.295951
331868649,1,3,-6.758745,-12.494817,-12.410992
331868659,1,3,-7.2581067,-12.51757,-12.054133
331868669,1,3,-7.5598793,-13.5606,-11.639795
331868679,1,3,-6.915619,-16.318466,-10.284214
331868689,1,3,-6.170768,-20.060684,-8.917855
331868698,1,3,-5.1528845,-21.515657,-8.340655
331868708,1,3,-3.5482213,-20.700153,-11.791879
331868718,1,3,-2.6488917,-17.600998,-13.210928
331868728,1,3,-3.1255004,-14.494658,-14.786851
331868742,1,3,-3.629652,-14.006074,-14.839541
331868751,1,3,-4.87626,-15.784376,-14.4264
331868761,1,3,-6.2893214,-16.374748,-14.519806
331868771,1,3,-6.7946706,-13.959372,-15.426321
331868781,1,3,-6.5012803,-11.335628,-17.245338
331868791,1,3,-6.878496,-10.129735,-19.954105
331868801,1,3,-8.398136,-10.359657,-23.775358
331868811,1,3,-10.304571,-11.158396,-28.737839
331868821,1,3,-12.571458,-11.40149,-34.60324
331868830,1,3,-15.134129,-10.352472,38.910686
331868840,1,3,-18.40812,-7.707173,38.910686
331868850,1,3,-22.690414,-4.8570995,38.910686
331868860,1,3,-28.021729,-2.767445,38.910686
331868870,1,3,-34.1422,-2.743495,38.910686
331868880,1,3,-38.849613,-4.2655296,38.910686
331868890,1,3,-38.849613,-5.23671,38.910686
331868900,1,3,-38.849613,-5.579198,38.910686
331868909,1,3,-38.849613,-5.4247193,38.910686
331868919,1,3,-38.849613,-2.3004162,38.910686
331868929,1,3,-38.849613,2.8416908,38.910686
331868939,1,3,-38.849613,5.771997,38.910686
331868949,1,3,-38.849613,7.139553,38.910686
331868959,1,3,-38.849613,3.1446607,-38.425694
331868969,1,3,-38.849613,-4.3445654,-34.863102
331868979,1,3,-38.849613,-10.229129,-33.587753
331868988,1,3,-38.849613,-11.292517,-32.0753
331868998,1,3,-38.849613,-13.46959,-33.44525
331869008,1,3,-38.849613,-14.761703,-33.764984
331869018,1,3,-38.849613,-15.366446,-30.692175
331869028,1,3,-38.849613,-16.027472,-29.547356
331869038,1,3,-38.849613,-16.338823,-29.750933
331869048,1,3,-38.849613,-15.801142,-28.426487
331869058,1,3,-38.849613,-11.867322,-28.428883
331869067,1,3,-38.849613,-3.2189062,-30.416748
331869077,1,3,-38.849613,5.0654664,-29.443172
331869087,1,3,-38.849613,11.366763,-17.089663
331869097,1,3,-38.849613,14.8323555,-3.7015028
331869107,1,3,-38.849613,17.901573,11.573932
331869117,1,3,-38.849613,21.095331,14.012062
331869127,1,3,-36.731216,28.033703,13.790523
331869137,1,3,-31.028675,31.203512,13.0803995
331869146,1,3,-25.062681,29.404852,14.379697
331869156,1,3,-20.40796,25.33811,13.990506
331869166,1,3,-15.362853,25.170458,11.688892
331869176,1,3,-13.292358,24.228018,6.6138463
331869186,1,3,-9.912986,22.326372,3.6488123
331869196,1,3,-6.963519,17.004639,4.0571632
331869206,1,3,-5.0487013,10.334509,5.261858
331869216,1,3,-3.974535,4.6523256,7.085665
331869225,1,3,-4.8642845,0.20477417,8.61728
331869235,1,3,-7.2066135,-3.3530273,9.211246
331869245,1,3,-11.508069,-7.4808435,10.250684
331869255,1,3,-12.166699,-14.348562,10.96919
331869265,1,3,-11.248209,-18.665585,10.653047
331869275,1,3,-8.909472,-18.466799,7.508386
331869285,1,3,-7.1706886,-17.17708,5.088219
331869295,1,3,-5.8881555,-16.074173,2.6177564
331869304,1,3,-6.565946,-15.029945,1.5016773
331869314,1,3,-7.8400965,-17.318386,3.4200878
331869324,1,3,-10.705737,-22.288052,4.0583606
331869334,1,3,-14.106665,-27.042166,5.8666005
331869344,1,3,-14.463523,-30.38202,7.0796776
331869354,1,3,-11.425441,-29.606033,7.113208
331869364,1,3,-9.371712,-25.728497,4.8870373
331869374,1,3,-7.6784325,-22.149141,2.6584716
331869383,1,3,-7.3706727,-19.460732,-0.16405883
331869393,1,3,-7.613767,-18.859581,-2.2680836
331869403,1,3,-7.6963954,-20.258272,-3.5266662
331869413,1,3,-7.723938,-23.287971,-3.4500256
331869423,1,3,-7.218589,-25.718918,-3.359015
331869433,1,3,-6.277346,-27.264902,-1.8764977
331869443,1,3,-5.379214,-29.559332,0.26584718
331869453,1,3,-4.218827,-30.692175,0.6622229
331869462,1,3,-2.633324,-29.373716,-0.556842
331869472,1,3,-0.9915381,-27.47207,-3.3398547
331869482,1,3,-0.18561402,-26.086554,-5.795947
331869492,1,3,-0.11256592,-25.654251,-7.8796144
331869509,1,3,-0.16166382,-25.648264,-8.792117
331869519,1,3,-0.14489868,-24.800426,-10.300979
331869528,1,3,0.36284545,-24.274721,-11.381133
331869538,1,3,1.8788928,-24.507038,-10.965597
331869548,1,3,3.3721876,-25.627907,-8.938213
331869558,1,3,4.470304,-25.557253,-7.838899
331869568,1,3,5.0870214,-22.64012,-6.993457
331869578,1,3,4.5852647,-18.847607,-6.5922914
331869588,1,3,3.4356556,-15.4299135,-6.5372057
331869598,1,3,2.838098,-13.037289,-6.4473925
331869608,1,3,2.814148,-12.6445055,-6.9024463
331869617,1,3,3.060835,-13.693524,-6.8533483
331869627,1,3,3.1207104,-16.741186,-6.5180454
331869637,1,3,2.7315197,-19.276314,-6.2617784
331869647,1,3,2.0453467,-18.65361,-5.7660093
331869657,1,3,1.6381934,-15.901732,-6.021079
331869667,1,3,1.3807287,-13.218113,-5.718109
331869677,1,3,1.1053015,-11.566747,-5.366041
331869687,1,3,1.0945239,-10.102192,-4.815187
331869696,1,3,1.1879296,-8.462802,-4.663103
331869706,1,3,1.2741504,-6.375542,-4.888235
331869716,1,3,1.5663428,-4.28469,-5.9216857
331869726,1,3,1.7387842,-2.5123756,-7.268884
331869736,1,3,1.5232325,-1.0466236,-8.892708
331869746,1,3,1.3196558,0.26105714,-10.075848
331869756,1,3,0.8921448,1.5639478,-10.581196
331869766,1,3,0.17004639,2.0190015,-11.572735
331869775,1,3,-1.3100756,1.104104,-12.889996
331869785,1,3,-3.0500574,-0.17842895,-13.105547
331869795,1,3,-5.101392,-2.3950195,-13.752202
331869805,1,3,-7.7502832,-5.957611,-13.730647
331869815,1,3,-9.131012,-9.926159,-14.827566
331869825,1,3,-8.964558,-11.861334,-14.398857
331869835,1,3,-7.09285,-11.141631,-15.432308
331869845,1,3,-6.052214,-9.645941,-17.147142
331869854,1,3,-6.956334,-9.108259,-17.865648
331869864,1,3,-9.347761,-9.984837,-18.228493
331869874,1,3,-11.063793,-12.438534,-18.521883
331869884,1,3,-11.715238,-17.399817,-17.409397
331869894,1,3,-9.586065,-21.988674,-14.973662
331869904,1,3,-6.3348265,-25.231531,-12.684024
331869914,1,3,-4.517007,-23.6113,-12.819342
331869924,1,3,-3.9122643,-17.860859,-12.125984
331869933,1,3,-4.7960267,-14.153368,-10.086625
331869943,1,3,-5.19839,-13.960568,-10.523716
331869953,1,3,-5.5660253,-15.291002,-14.07074
331869963,1,3,-5.7564297,-16.237036,-18.266813
331869973,1,3,-5.715714,-16.367563,-22.359901
331869983,1,3,-6.3204565,-16.385527,-26.508076
331869993,1,3,-7.9670324,-16.656164,-30.597572
331870003,1,3,-10.338101,-16.266973,-36.130066
331870012,1,3,-14.907799,-15.793957,38.910686
331870022,1,3,-21.292921,-15.204782,38.910686
331870032,1,3,-28.291168,-14.409635,38.910686
331870047,1,3,-35.77201,-14.4311905,38.910686
331870057,1,3,-38.849613,-13.728252,38.910686
331870066,1,3,-38.849613,-12.319981,38.910686
331870076,1,3,-38.849613,-11.506871,38.910686
331870086,1,3,-38.849613,-12.349918,38.910686
331870096,1,3,-38.849613,-13.494738,38.910686
331870106,1,3,-38.849613,-13.470787,38.910686
331870116,1,3,-38.849613,-13.528268,38.910686
331870126,1,3,-38.849613,-15.7113285,38.910686
331870136,1,3,-38.849613,-20.349283,38.910686
331870145,1,3,-38.849613,-25.072262,38.910686
331870155,1,3,-38.849613,-27.09246,38.910686
331870165,1,3,-38.849613,-28.500732,-35.144516
331870175,1,3,-38.849613,-31.771132,-29.149782
331870185,1,3,-38.849613,-32.562687,-27.079288
331870195,1,3,-38.849613,-29.067154,-26.27456
331870205,1,3,-38.849613,-25.065077,-23.93343
331870215,1,3,-38.849613,-19.65832,-21.265379
331870224,1,3,-38.849613,-13.0313015,-17.92193
331870234,1,3,-38.849613,-7.9442797,-16.682508
331870244,1,3,-38.849613,-5.0966015,-12.87323
331870254,1,3,-38.849613,-3.2476466,-11.803854
331870264,1,3,-38.849613,-1.4549744,-9.756112
331870274,1,3,-38.849613,3.2189062,-7.8053684
331870284,1,3,-38.849613,8.88193,-2.6524842
331870294,1,3,-38.849613,13.111534,-0.6514453
331870303,1,3,-38.631664,19.834354,-2.3447242
331870313,1,3,-32.739918,27.745104,-2.210603
331870323,1,3,-27.452911,31.510075,-2.0213964
331870333,1,3,-22.126389,32.20463,-0.39877075
331870343,1,3,-17.670454,31.95914,1.6010705
331870353,1,3,-13.986914,29.782068,1.1340418
331870363,1,3,-10.726095,26.29492,0.3796106
331870373,1,3,-8.327483,21.484522,0.31374756
331870382,1,3,-6.3791347,15.650255,1.6729212
331870392,1,3,-5.3923864,8.970546,3.798501
331870402,1,3,-4.5457473,2.9746141,5.845045
331870412,1,3,-5.7528367,-0.8801697,7.835306
331870422,1,3,-10.698552,-3.615282,10.887759
331870432,1,3,-15.453863,-5.0966015,10.508148
331870442,1,3,-15.952027,-5.1624646,10.929671
331870452,1,3,-13.324691,-8.774154,9.863888
331870461,1,3,-12.608581,-13.140275,9.546548
331870471,1,3,-13.783338,-17.236956,8.859178
331870481,1,3,-15.90772,-19.756516,8.004155
331870491,1,3,-16.78789,-20.621119,7.7419004
331870501,1,3,-16.608263,-21.40429,6.509663
331870511,1,3,-15.840659,-19.676283,3.7949085
331870521,1,3,-15.63828,-16.39391,-0.06346802
331870531,1,3,-15.019168,-14.013259,-3.0165272
331870540,1,3,-15.190412,-14.2132435,-3.1937585
331870550,1,3,-17.664467,-19.95171,-2.645299
331870560,1,3,-20.549267,-25.747658,-1.9112256
331870570,1,3,-21.503683,-29.418024,-2.0513341
331870580,1,3,-19.027233,-31.993868,-1.3316308
331870590,1,3,-16.293318,-36.36837,-0.24548951
331870600,1,3,-15.702946,-39.111866,1.4358143
331870610,1,3,-13.955779,-37.546722,2.0513341
331870619,1,3,-11.135643,-32.75788,0.40595582
331870629,1,3,-8.88672,-29.43479,-1.7004639
331870639,1,3,-7.176676,-27.718758,-2.9303064
331870649,1,3,-6.043832,-26.734406,-4.188889
331870659,1,3,-5.015171,-26.435028,-4.6894484
331870669,1,3,-4.388873,-26.673332,-4.190087
331870679,1,3,-3.359015,-26.52963,-4.0882983
331870689,1,3,-2.1842577,-25.623116,-4.003275
331870699,1,3,-1.2945081,-24.982449,-3.9338195
331870714,1,3,-0.64545774,-23.8999,-3.3889527
331870724,1,3,-0.29578492,-22.163511,-3.1997461
331870734,1,3,-0.120948486,-20.094213,-3.6200721
331870744,1,3,-0.05388794,-18.144669,-3.8990917
331870754,1,3,0.20597167,-16.378342,-4.7062135
331870764,1,3,0.2694397,-14.879059,-5.163662
331870774,1,3,0.008382568,-13.81567,-5.052294
331870783,1,3,-0.78915894,-13.0313015,-4.7325587
331870793,1,3,-1.9423609,-12.333153,-4.604425
331870803,1,3,-2.7279272,-11.5751295,-5.1612673
331870813,1,3,-3.2751892,-10.715318,-5.7528367
331870823,1,3,-3.2105236,-9.764495,-6.531218
331870833,1,3,-3.190166,-8.649613,-7.0952454
331870843,1,3,-3.3793726,-7.8664417,-7.3994126
331870853,1,3,-3.7386255,-7.3143897,-8.200547
331870862,1,3,-4.5146117,-6.971902,-8.89151
331870872,1,3,-5.7612195,-6.7359924,-8.899893
331870882,1,3,-6.668932,-6.3671594,-9.043593
331870892,1,3,-7.317982,-6.1372375,-10.212363
331870902,1,3,-7.620952,-6.4330225,-11.427835
331870912,1,3,-8.469987,-7.515571,-12.438534
331870922,1,3,-9.741742,-9.092691,-14.221626
331870932,1,3,-10.754835,-10.1896105,-16.672928
331870941,1,3,-11.236234,-10.267448,-17.565073
331870951,1,3,-10.779983,-9.627978,-18.376986
331870961,1,3,-10.3440895,-9.9572935,-18.329084
331870971,1,3,-10.69496,-10.75723,-16.908838
331870981,1,3,-10.047107,-11.552377,-17.019009
331870991,1,3,-9.1202345,-11.909235,-17.030983
331871001,1,3,-8.093968,-11.577524,-17.686022
331871011,1,3,-7.0641103,-10.390792,-18.068027
331871020,1,3,-5.9049206,-9.170529,-19.338585
331871030,1,3,-4.90021,-8.274793,-19.23081
331871040,1,3,-4.594845,-8.786129,-17.106426
331871050,1,3,-3.422483,-10.611134,-14.312636
331871060,1,3,-2.9243188,-14.513819,-13.225298
331871070,1,3,-3.4428406,-22.042562,-10.050699
331871080,1,3,-2.1555176,-31.932795,-9.823173
331871090,1,3,-3.075205,-36.943176,-10.194401
331871099,1,3,0.15567628,-31.602283,-14.736555
331871109,1,3,4.0978785,-26.296118,-19.366127
331871119,1,3,5.5899754,-24.763304,-22.331161
331871129,1,3,4.467909,-25.12136,-26.075775
331871139,1,3,1.287323,-24.647146,-32.727943
331871149,1,3,-1.8477576,-23.732248,38.910686
331871163,1,3,-6.285729,-23.884333,38.910686
331871172,1,3,-14.08511,-21.138443,38.910686
331871182,1,3,-25.109385,-14.685062,38.910686
331871192,1,3,-33.9997,-8.996891,38.910686
331871202,1,3,-38.849613,-10.993139,38.910686
331871212,1,3,-38.849613,-17.145945,38.910686
331871222,1,3,-38.849613,-18.58056,38.910686
331871232,1,3,-38.849613,-14.982044,38.910686
331871242,1,3,-38.849613,-14.774876,38.910686
331871251,1,3,-38.849613,-19.96608,38.910686
331871261,1,3,-38.849613,-23.91906,38.910686
331871271,1,3,-38.849613,-24.651936,38.910686
331871281,1,3,-38.849613,-24.939339,38.910686
331871291,1,3,-38.849613,-26.248217,38.910686
331871301,1,3,-38.849613,-27.395432,38.910686
331871311,1,3,-38.849613,-29.9114,38.910686
331871321,1,3,-38.849613,-32.890804,-38.849613
331871330,1,3,-38.849613,-34.482292,-34.3829
331871340,1,3,-38.849613,-31.518457,-32.481255
331871350,1,3,-38.849613,-26.09254,-29.94014
331871360,1,3,-38.849613,-21.374352,-26.560766
331871370,1,3,-38.849613,-15.298187,-24.27951
331871380,1,3,-38.849613,-9.310638,-19.386486
331871390,1,3,-38.849613,-3.9685473,-19.000887
331871399,1,3,-38.849613,1.6801062,-17.718355
331871409,1,3,-38.849613,6.3959,-10.778786
331871419,1,3,-38.849613,8.582553,-6.507268
331871429,1,3,-38.849613,12.2146,-1.8333875
331871439,1,3,-38.849613,17.15313,3.2045362
331871449,1,3,-38.849613,19.457138,6.375542
331871459,1,3,-32.533947,22.727537,7.931107
331871469,1,3,-27.39663,26.856552,6.786288
331871479,1,3,-22.858067,29.744946,5.9121056
331871488,1,3,-18.163828,30.001213,3.935017
331871498,1,3,-14.246774,28.907887,2.4393275
331871508,1,3,-11.311677,27.228977,1.7363892
331871518,1,3,-9.377699,23.708298,1.1819421
331871528,1,3,-8.320298,19.136206,1.2034973
331871538,1,3,-7.8101587,14.147381,1.419049
331871548,1,3,-7.67484,8.9585705,2.3159838
331871558,1,3,-7.4221654,4.388873,3.5685792
331871567,1,3,-7.701185,1.0118958,4.2248144
331871577,1,3,-10.06028,-3.681145,6.074967
331871587,1,3,-13.409715,-10.368039,7.373068
331871597,1,3,-13.105547,-14.935342,9.443562
331871607,1,3,-10.054292,-16.801062,9.883048
331871617,1,3,-9.636361,-17.51358,8.110734
331871627,1,3,-9.562116,-16.472944,6.1743603
331871637,1,3,-8.496332,-14.855108,4.188889
331871646,1,3,-8.357421,-13.86357,1.5208374
331871656,1,3,-8.590935,-13.398937,0.2323169
331871666,1,3,-9.527388,-14.675482,0.8202942
331871676,1,3,-11.7367935,-18.074015,1.0957215
331871686,1,3,-13.807287,-21.95275,3.578159
331871696,1,3,-15.419136,-26.912834,4.695436
331871706,1,3,-15.332915,-29.841944,6.73719
331871716,1,3,-13.160632,-30.154493,6.7922754
331871725,1,3,-11.385922,-29.724586,6.187533
331871735,1,3,-10.572814,-28.801308,4.1757164
331871745,1,3,-8.977731,-26.165588,1.1999048
331871755,1,3,-8.783734,-23.720274,-0.89932984
331871765,1,3,-7.97302,-22.29883,-3.0428724
331871775,1,3,-5.9755735,-21.730013,-6.612649
331871785,1,3,-4.8175817,-22.042562,-8.59333
331871795,1,3,-3.742218,-26.567951,-8.029303
331871804,1,3,-3.6320472,-33.299152,-4.405638
331871814,1,3,-1.4429992,-36.603085,-0.8837622
331871824,1,3,0.5161267,-34.20088,0.6262976
331871840,1,3,2.0585194,-28.636051,-0.11496094
331871850,1,3,2.9937744,-24.299868,0.123343505
331871860,1,3,3.9038818,-22.079685,-0.0742456
331871869,1,3,5.054689,-19.410437,0.2814148
331871879,1,3,5.7348742,-17.900375,-0.48499146
331871889,1,3,6.8329906,-16.59988,-1.4897021
331871899,1,3,7.147936,-15.64307,-2.017804
331871909,1,3,6.1983104,-14.801221,-2.0046313
331871919,1,3,4.2715173,-13.84441,-1.1915222
331871929,1,3,2.5243506,-14.295872,-0.25985962
331871939,1,3,1.3735437,-14.871874,-0.7041357
331871948,1,3,1.0418335,-13.274396,-1.6190332
331871958,1,3,1.5507752,-10.599159,-2.2285657
331871968,1,3,2.2704785,-8.769364,-2.4788451
331871978,1,3,2.4584875,-8.704699,-2.4632776
331871988,1,3,1.9794836,-9.718989,-3.2356713
331871998,1,3,0.6430628,-11.273357,-1.5807129
331872008,1,3,-0.26105714,-12.292438,-1.6369958
331872018,1,3,-1.1843371,-11.867322,-1.2058923
331872027,1,3,-1.9818786,-11.03146,-1.6322058
331872037,1,3,-2.5051904,-9.453142,-2.2992187
331872047,1,3,-3.0249097,-7.7359133,-2.8644433
331872057,1,3,-2.5878186,-6.7407823,-3.624862
331872067,1,3,-1.8142273,-6.468948,-4.27511
331872077,1,3,-1.1963123,-6.3228517,-5.273833
331872087,1,3,-0.5604346,-5.8079224,-6.6377964
331872097,1,3,-0.75203615,-5.0822315,-7.8005786
331872106,1,3,-1.3160633,-5.0187635,-8.673563
331872116,1,3,-1.8884729,-5.132527,-9.466314
331872126,1,3,-2.2968237,-5.415139,-10.102192
331872136,1,3,-2.9614418,-5.6714063,-10.11297
331872146,1,3,-4.477489,-6.5671434,-10.100995
331872156,1,3,-6.277346,-7.355105,-10.510543
331872166,1,3,-8.357421,-7.96823,-10.544073
331872176,1,3,-9.154963,-8.26641,-11.3499975
331872185,1,3,-9.072334,-8.070019,-11.171569
331872195,1,3,-9.251961,-8.566985,-10.69496
331872205,1,3,-9.575288,-8.929831,-10.12255
331872215,1,3,-10.959609,-9.498648,-9.271121
331872225,1,3,-11.794273,-10.807526,-9.713001
331872235,1,3,-11.703263,-12.009826,-10.48779
331872245,1,3,-10.938054,-12.061318,-11.946358
331872255,1,3,-10.178833,-11.464958,-13.227693
331872264,1,3,-9.368119,-10.996732,-13.613291
331872274,1,3,-7.9179344,-10.68538,-13.475577
331872284,1,3,-6.3228517,-11.08415,-12.904366
331872294,1,3,-5.0870214,-11.975098,-12.457694
331872304,1,3,-4.184099,-13.335468,-11.593092
331872314,1,3,-3.9913,-14.801221,-10.232721
331872324,1,3,-3.7194653,-16.166382,-9.960886
331872334,1,3,-3.2548316,-17.933907,-8.443642
331872343,1,3,-2.562671,-19.170935,-7.714358
331872358,1,3,-1.9639161,-19.943327,-7.8784165
331872368,1,3,-2.6680517,-20.714523,-8.02571
331872378,1,3,-4.1146436,-21.88928,-9.617201
331872387,1,3,-5.748047,-23.084396,-12.444522
331872397,1,3,-7.037765,-22.740711,-16.78789
331872407,1,3,-8.302335,-20.719315,-20.84625
331872417,1,3,-10.012379,-18.785336,-24.672295
331872427,1,3,-12.888798,-17.062119,-29.317434
331872437,1,3,-17.486038,-16.101717,-36.1133
331872447,1,3,-23.207739,-15.190412,38.910686
331872457,1,3,-28.796516,-12.440929,38.910686
331872466,1,3,-34.278717,-9.693842,38.910686
331872476,1,3,-38.849613,-7.540719,38.910686
331872486,1,3,-38.849613,-6.716832,38.910686
331872496,1,3,-38.849613,-5.2426977,38.910686
331872506,1,3,-38.849613,-5.6103334,38.910686
331872516,1,3,-38.849613,-7.9837976,38.910686
331872526,1,3,-38.849613,-10.12255,38.910686
331872536,1,3,-38.849613,-10.575209,38.910686
331872545,1,3,-38.849613,-11.3643675,38.910686
331872555,1,3,-38.849613,-12.360696,38.910686
331872565,1,3,-38.849613,-13.377381,38.910686
331872575,1,3,-38.849613,-15.967595,38.910686
331872585,1,3,-38.849613,-19.50863,38.910686
331872595,1,3,-38.849613,-22.787413,-37.24495
331872605,1,3,-38.849613,-25.278234,-33.409325
331872615,1,3,-38.849613,-24.565716,-30.173653
331872624,1,3,-38.849613,-22.676044,-27.882818
331872634,1,3,-38.849613,-20.61992,-24.498655
331872644,1,3,-38.849613,-14.8251705,-22.801783
331872654,1,3,-38.849613,-9.799222,-17.938696
331872664,1,3,-38.849613,-7.1275783,-17.483643
331872674,1,3,-38.849613,-3.7050953,-14.898219
331872684,1,3,-38.849613,-0.54366946,-10.9632015
331872694,1,3,-38.849613,3.0572424,-10.814711
331872703,1,3,-38.289177,6.4869103,-8.364606
331872713,1,3,-36.555183,7.7419004,-2.9207263
331872723,1,3,-36.151623,9.353748,5.6342835
331872733,1,3,-33.565002,11.996653,6.204298
331872743,1,3,-29.879066,17.050144,4.26074
331872753,1,3,-26.156008,23.94301,1.8381774
331872763,1,3,-22.652094,29.400063,-0.05748047
331872773,1,3,-19.10028,31.385534,-0.96519285
331872782,1,3,-15.8873625,31.840588,0.28500733
331872792,1,3,-11.842175,31.659763,-1.6645386
331872802,1,3,-7.8029737,29.524603,-3.5482213
331872812,1,3,-5.5444703,26.224266,-2.2118006
331872822,1,3,-3.9589672,21.242626,-0.5053491
331872832,1,3,-3.453618,14.813196,2.3435266
331872842,1,3,-2.8045678,7.437733,5.2019825
331872852,1,3,-3.004552,1.5064673,8.265212
331872861,1,3,-4.3062453,-0.5400769,8.756191
331872871,1,3,-10.091414,-0.33889526,7.884404
331872881,1,3,-14.053974,-3.6536024,9.092691
331872891,1,3,-9.897418,-10.356065,10.772798
331872901,1,3,-8.287965,-13.903089,10.668614
331872911,1,3,-8.429272,-14.709012,10.003997
331872921,1,3,-7.4389305,-14.081517,7.521559
331872931,1,3,-6.8305955,-12.534335,6.0414367
331872940,1,3,-6.702462,-12.04096,4.309838
331872950,1,3,-6.4402075,-11.851754,4.113446
331872960,1,3,-6.725215,-12.986994,5.676196
331872970,1,3,-7.5670643,-15.188016,7.919132
331872980,1,3,-9.164542,-17.82134,10.091414
331872990,1,3,-10.775193,-19.14339,10.886561
331873000,1,3,-10.44468,-19.394869,11.640992
331873010,1,3,-8.141869,-19.482286,11.027867
331873019,1,3,-6.333629,-19.434385,9.444759
331873029,1,3,-5.0666637,-19.564915,7.150331
331873039,1,3,-3.9146595,-20.849842,4.9373326
331873049,1,3,-2.6045837,-24.068748,3.1207104
331873059,1,3,-1.7495618,-26.50089,2.494413
331873069,1,3,-0.8418494,-28.705507,3.6799476
331873079,1,3,0.19040406,-29.895832,3.5063086
331873089,1,3,1.3112732,-28.452831,1.6214283
331873098,1,3,2.3483167,-26.42904,-0.13292359
331873108,1,3,4.4954515,-25.865013,-0.5005591
331873118,1,3,6.333629,-25.666227,0.5676196
331873128,1,3,8.350236,-25.673412,0.74365354
331873138,1,3,9.510623,-24.113056,1.6753162
331873155,1,3,9.600436,-21.915627,1.9112256
331873165,1,3,9.078321,-19.445164,1.1819421
331873175,1,3,7.604187,-17.742304,1.4513818
331873184,1,3,6.8677187,-16.71005,1.4837146
331873194,1,3,6.308481,-15.801142,0.92208254
331873204,1,3,5.7133193,-14.855108,0.026345216
331873214,1,3,5.4702244,-13.794115,-0.69455564
331873224,1,3,5.1385145,-12.694801,-1.4477893
331873234,1,3,4.805607,-11.570339,-1.8860779
331873244,1,3,4.343368,-10.671009,-2.1603076
331873254,1,3,4.3218126,-10.153686,-2.3004162
331873263,1,3,4.5277843,-9.728569,-2.8536658
331873273,1,3,4.4271936,-9.292676,-3.2775843
331873283,1,3,4.101471,-8.472382,-3.7242553
331873293,1,3,3.747008,-7.2736745,-3.4811609
331873303,1,3,3.2440538,-6.2989016,-2.445315
331873313,1,3,2.6560767,-5.708529,-1.4585669
331873323,1,3,1.7531543,-5.163662,-1.1220666
331873333,1,3,1.1364368,-5.051096,-1.7399817
331873342,1,3,0.46104127,-6.1108923,-2.205813
331873352,1,3,-0.37482056,-7.2413416,-2.4932153
331873362,1,3,-1.3280383,-8.023315,-2.506388
331873372,1,3,-1.8896704,-7.9502673,-3.6164794
331873382,1,3,-2.3267615,-7.2161937,-4.629573
331873392,1,3,-2.1782703,-6.4306273,-5.7827744
331873402,1,3,-2.1746778,-6.4258375,-5.197192
331873412,1,3,-2.1710851,-6.9060388,-3.9853125
331873421,1,3,-2.3806493,-7.259304,-3.5350487
331873431,1,3,-2.7866051,-6.692882,-3.8799317
331873441,1,3,-3.3793726,-6.030659,-4.9576902
331873451,1,3,-4.5565248,-5.436694,-5.971981
331873461,1,3,-5.660629,-4.9840355,-6.843768
331873471,1,3,-6.0055113,-4.980443,-7.270082
331873481,1,3,-5.795947,-5.811515,-7.747888
331873491,1,3,-5.635481,-6.973099,-6.532416
331873500,1,3,-5.4905825,-7.3119946,-6.3695545
331873510,1,3,-5.701344,-7.052135,-7.562274
331873520,1,3,-6.9611244,-6.332432,-9.8590975
331873530,1,3,-8.188572,-5.3768187,-11.775113
331873540,1,3,-8.162227,-4.8594947,-13.971347
331873550,1,3,-9.241183,-6.086942,-15.586787
331873560,1,3,-10.207573,-8.064031,-17.798588
331873570,1,3,-11.227852,-9.546548,-18.270407
331873579,1,3,-11.730805,-10.297386,-17.517174
331873589,1,3,-11.150013,-11.474539,-16.039446
331873599,1,3,-11.972703,-13.53186,-14.732963
331873609,1,3,-13.221705,-15.631095,-12.761862
331873619,1,3,-12.989388,-17.23456,-11.09852
331873629,1,3,-12.668456,-19.440374,-10.360854
331873639,1,3,-12.591815,-21.72163,-10.528506
331873653,1,3,-12.173884,-23.138283,-10.643467
331873663,1,3,-10.6183195,-24.7657,-11.015892
331873673,1,3,-10.257869,-23.01494,-10.77639
331873683,1,3,-10.611134,-19.743343,-12.500805
331873693,1,3,-11.697275,-17.142353,-13.838423
331873702,1,3,-11.767928,-16.05741,-14.703025
331873712,1,3,-12.00743,-15.02755,-16.113691
331873722,1,3,-13.039684,-14.323414,-19.04759
331873732,1,3,-14.865887,-14.16654,-24.362139
331873742,1,3,-18.17221,-14.6000395,-31.30051
331873752,1,3,-25.120163,-14.679074,39.026844
331873762,1,3,-31.431038,-13.986914,38.910686
331873772,1,3,-38.849613,-12.450509,38.910686
331873781,1,3,-38.849613,-11.948752,38.910686
331873791,1,3,-38.849613,-13.451627,38.910686
331873801,1,3,-38.849613,-13.685142,38.910686
331873811,1,3,-38.849613,-11.611054,38.910686
331873821,1,3,-38.849613,-10.025552,38.910686
331873831,1,3,-38.849613,-11.196716,38.910686
331873841,1,3,-38.849613,-14.441968,38.910686
331873851,1,3,-38.849613,-18.026115,38.910686
331873860,1,3,-38.849613,-22.04855,38.910686
331873870,1,3,-38.849613,-26.195526,-36.383938
331873880,1,3,-38.849613,-28.729456,-32.37827
331873890,1,3,-38.849613,-30.422735,-29.323421
331873900,1,3,-38.849613,-29.311447,-27.866053
331873910,1,3,-38.849613,-24.515419,-27.685228
331873920,1,3,-38.849613,-20.037931,-27.854076
331873930,1,3,-38.849613,-16.407082,-28.076815
331873939,1,3,-38.849613,-12.864847,-27.255322
331873949,1,3,-38.849613,-9.365724,-24.272326
331873959,1,3,-38.849613,-5.692961,-20.537292
331873969,1,3,-38.849613,-2.4728577,-15.361655
331873979,1,3,-37.235367,-0.09101074,-10.639874
331873989,1,3,-35.761234,2.7399023,-3.2272887
331873999,1,3,-32.527958,4.4259963,0.5939648
331874009,1,3,-29.851524,5.9755735,2.4764502
331874018,1,3,-27.97742,9.1130495,5.974376
331874028,1,3,-25.90573,12.264895,6.7359924
331874038,1,3,-22.873634,15.244299,6.983877
331874048,1,3,-19.854712,18.153051,7.211404
331874058,1,3,-18.010548,20.162472,6.175558
331874068,1,3,-16.914825,21.998255,5.2977834
331874078,1,3,-14.607224,23.849604,3.4440382
331874088,1,3,-10.647059,25.329727,-1.7244141
331874097,1,3,-7.5203614,25.086632,-5.500162
331874107,1,3,-5.2235374,23.187382,-6.2330384
331874117,1,3,-4.728966,19.373314,-5.5432725
331874127,1,3,-5.0894165,14.97007,-5.019961
331874137,1,3,-5.716912,10.5692215,-4.6128078
331874147,1,3,-6.724017,6.589896,-3.7853284
331874157,1,3,-8.091574,2.9925768,-2.0549269
331874167,1,3,-9.625584,0.48259643,0.7244934
331874176,1,3,-11.326047,-3.3003368,2.5219555
331874186,1,3,-11.893667,-8.435259,-2.3087988
331874196,1,3,-9.916578,-13.279186,3.1542406
331874206,1,3,-7.794591,-16.789087,3.1793885
331874216,1,3,-6.531218,-16.792679,0.9927356
331874226,1,3,-3.5769618,-15.161671,-1.2537928
331874236,1,3,-0.7580237,-14.111455,-2.325564
331874246,1,3,0.13172607,-13.8683605,-3.3362622
331874255,1,3,-0.026345216,-15.641872,-1.5016773
331874265,1,3,0.5041516,-18.854792,-0.34847534
331874275,1,3,1.8501526,-20.952827,1.3016931
331874285,1,3,2.1615052,-21.277353,1.1256592
331874295,1,3,1.7459693,-19.484682,0.92567503
331874305,1,3,1.8609302,-17.102835,0.25027955
331874315,1,3,2.217788,-15.371235,0.920885
331874325,1,3,3.018922,-16.219072,2.5973988
331874334,1,3,3.8368213,-20.737276,3.427273
331874344,1,3,4.1876917,-26.096132,6.685697
331874354,1,3,4.5050316,-29.990435,8.652008
331874364,1,3,5.5827904,-27.913952,8.527467
331874374,1,3,6.6485744,-23.422094,7.6461
331874384,1,3,7.63652,-21.017494,7.6880126
331874394,1,3,8.115523,-20.28821,8.8388195
331874404,1,3,7.8963795,-20.544477,10.405163
331874413,1,3,6.234236,-20.454664,11.31048
331874430,1,3,4.172124,-19.487076,10.432705
331874440,1,3,2.811753,-17.635727,8.630453
331874450,1,3,2.1531227,-16.591497,6.8653235
331874460,1,3,2.8608508,-16.03705,5.9192905
331874470,1,3,3.6883302,-15.529306,6.028264
331874479,1,3,3.9589672,-14.99881,6.319259
331874489,1,3,3.5889368,-14.72937,6.690487
331874499,1,3,2.8716285,-14.348562,6.7623377
331874509,1,3,1.5998731,-13.557008,6.605464
331874519,1,3,0.52091676,-12.664864,6.187533
331874529,1,3,-0.3544629,-12.024196,5.932463
331874539,1,3,-0.98674804,-11.505673,5.8031325
331874549,1,3,-1.4334192,-11.100916,5.932463
331874558,1,3,-2.0405567,-10.403965,6.0641894
331874568,1,3,-2.5411158,-9.410031,6.036647
331874578,1,3,-3.0009594,-8.560997,5.710924
331874588,1,3,-3.2775843,-7.7981834,5.195995
331874598,1,3,-3.5673816,-7.501201,4.126619
331874608,1,3,-3.7757483,-7.374265,2.9722192
331874618,1,3,-3.9781275,-7.1144056,1.971101
331874628,1,3,-3.984115,-7.3024144,1.2298425
331874637,1,3,-2.7195446,-7.818541,1.0633887
331874647,1,3,-1.9998413,-7.5778418,1.287323
331874657,1,3,-1.607058,-7.122788,1.1939173
331874667,1,3,-1.0849439,-6.444998,1.1005114
331874677,1,3,-0.83346677,-5.6091356,1.8525476
331874687,1,3,-0.85382444,-5.302573,1.5531702
331874697,1,3,-1.343606,-4.62119,0.9903406
331874707,1,3,-2.086062,-3.9038818,0.4071533
331874716,1,3,-3.102748,-3.7482057,0.55803955
331874726,1,3,-3.2715967,-3.5578015,0.58198977
331874736,1,3,-3.2213013,-2.6812243,0.5999524
331874746,1,3,-3.2236962,-1.7184265,0.34967285
331874756,1,3,-3.3817675,-1.1567944,0.21195923
331874766,1,3,-3.9565723,-1.4082714,-0.16645385
331874776,1,3,-4.8008165,-2.2944288,1.0154883
331874786,1,3,-5.3768187,-4.1302114,3.0955627
331874795,1,3,-5.798342,-6.525231,5.889353
331874805,1,3,-7.914342,-9.342971,11.502081
331874815,1,3,-9.660312,-9.231603,10.849439
331874825,1,3,-9.138197,-6.0402393,9.019644
331874835,1,3,-8.980125,-5.659431,6.308481
331874845,1,3,-9.321416,-7.303612,5.398374
331874855,1,3,-9.22322,-8.556208,4.623585
331874865,1,3,-9.250763,-8.480764,3.3003368
331874875,1,3,-8.438851,-7.970625,2.450105
331874884,1,3,-7.3850427,-8.301138,2.5363257
331874894,1,3,-6.910829,-10.831476,2.858456
331874904,1,3,-7.0090246,-13.766572,3.06802
331874914,1,3,-7.716753,-15.632293,3.634442
331874924,1,3,-7.916737,-17.445322,4.077521
331874934,1,3,-8.192164,-20.394789,3.810476
331874944,1,3,-8.869955,-22.374273,4.014053
331874954,1,3,-9.078321,-22.793402,2.6728418
331874963,1,3,-8.313113,-20.258272,0.83945435
331874973,1,3,-7.1838613,-18.588943,-0.8789722
331874983,1,3,-6.1887302,-17.841698,-0.6430628
331874993,1,3,-5.181625,-17.52795,0.22752686
331875003,1,3,-3.9901025,-17.411793,1.1364368
331875013,1,3,-3.5925293,-17.183067,2.2848487
331875023,1,3,-3.333867,-17.121994,3.08239
331875032,1,3,-3.1051428,-16.486116,3.37099
331875042,1,3,-2.7566674,-15.30178,2.6488917
331875052,1,3,-2.4285498,-14.162948,1.6262183
331875062,1,3,-2.0381615,-13.463602,0.45265868
331875072,1,3,-1.9148182,-13.677957,0.52091676
331875082,1,3,-1.8836828,-14.190491,1.1663746
331875097,1,3,-2.2585034,-14.522201,0.70293826
331875107,1,3,-2.4345374,-13.620476,0.27662477
331875117,1,3,-2.2980213,-12.177477,-0.5161267
331875127,1,3,-2.123185,-11.182346,-0.5029541
331875137,1,3,-1.8573376,-10.45905,-0.48499146
331875147,1,3,-1.2861255,-10.190808,-0.08023316
331875157,1,3,-1.1244617,-10.485395,0.6047424
331875167,1,3,-0.59156984,-10.708133,-0.05149292
331875176,1,3,-0.32811767,-10.68059,0.8095166
331875186,1,3,0.10897339,-10.4003725,1.2801379
331875196,1,3,0.98794556,-9.659114,1.2561878
331875206,1,3,2.2632935,-9.25675,1.4873071
331875216,1,3,3.3626075,-10.147697,2.0824695
331875226,1,3,4.5637097,-11.242222,1.4465919
331875236,1,3,5.373226,-10.923684,-0.24429199
331875246,1,3,6.2809386,-9.680669,-2.384242
331875255,1,3,6.5156507,-9.105865,-3.781736
331875265,1,3,8.8388195,-8.000563,-4.5541296
331875275,1,3,10.357262,-6.659352,-4.1565566
331875285,1,3,11.29132,-5.3432884,-1.9651135
331875295,1,3,12.410992,-4.135001,-0.5065466
331875305,1,3,11.917617,-3.8164637,-0.3161426
331875315,1,3,10.945239,-3.2967443,-0.82268924
331875325,1,3,10.1189575,-2.830913,-1.2585827
331875335,1,3,9.826765,-2.4896228,-1.7950672
331875344,1,3,10.057884,-1.287323,-2.0992346
331875354,1,3,9.558523,-0.15088624,-1.3304334
331875364,1,3,9.693842,0.9065149,-3.2500415
331875374,1,3,10.3440895,2.4405248,-4.1397915
331875384,1,3,8.414901,1.7447717,-2.1890478
331875394,1,3,8.79571,3.117118,-2.1686902
331875404,1,3,9.236393,2.0333717,-0.9675879
331875413,1,3,9.309441,-2.5686584,2.4129822
331875423,1,3,9.793235,-6.079757,2.9207263
331875433,1,3,8.303533,-5.0019984,0.84065187
331875443,1,3,6.546786,-1.8764977,-1.541195
331875453,1,3,8.068821,-0.27183473,-2.1076171
331875463,1,3,9.50224,-0.8813672,-2.2441332
331875473,1,3,8.49274,-2.022594,-3.3793726
331875483,1,3,7.543114,-2.6369164,-4.4786863
331875492,1,3,7.397018,-2.6512866,-5.1684523
331875502,1,3,7.332352,-1.9639161,-5.372029
331875512,1,3,6.9515443,-0.552052,-6.4869103
331875522,1,3,6.650969,0.44427612,-7.4497085
331875532,1,3,6.2797413,1.6094531,-8.037685
331875542,1,3,5.8570204,2.5590785,-8.089178
331875552,1,3,5.2870054,2.43813,-8.976533
331875562,1,3,4.253555,2.7243347,-8.471184
331875571,1,3,4.106261,3.4440382,-9.244776
331875581,1,3,4.24637,5.0091834,-10.135723
331875591,1,3,5.156477,6.4569726,-11.448194
331875601,1,3,6.347999,7.7886033,-12.028986
331875611,1,3,7.345525,9.248368,-13.060041
331875621,1,3,8.013736,9.924961,-14.8251705
331875631,1,3,9.190887,9.935739,-16.433426
331875641,1,3,10.745255,10.10818,-16.502882
331875650,1,3,10.397977,11.24342,-16.823814
331875660,1,3,10.445878,12.893588,-15.650255
331875670,1,3,11.07936,15.496974,-14.938934
331875680,1,3,10.7237,18.732645,-15.707736
331875690,1,3,10.002799,19.121836,-16.325651
331875700,1,3,9.665101,16.477734,-17.852476
331875710,1,3,7.6712475,9.644744,-22.630539
331875720,1,3,4.663103,5.205575,-21.234243
331875729,1,3,-0.23590942,0.23950195,-14.354549
331875739,1,3,-7.1359606,-3.7386255,-12.396621
331875749,1,3,-9.53577,-3.2153137,-15.639478
331875759,1,3,-22.474863,-10.254276,-21.04264
331875769,1,3,-38.849613,-21.51446,-19.002085
331875779,1,3,-38.849613,-14.983242,-21.394709
331875789,1,3,-38.849613,-16.28254,-11.524834
331875799,1,3,-38.849613,-39.15857,-10.615924
331875809,1,3,-36.896473,-39.15857,-23.78015
331875818,1,3,-8.352631,-37.382664,38.910686
331875828,1,3,-2.689607,-37.094063,-26.751171
331875838,1,3,15.446678,-14.48867,-8.91067
331875848,1,3,10.605146,-27.335556,7.3371425
331875858,1,3,-6.387517,-39.15857,9.065149
331875868,1,3,-17.587826,-39.15857,7.7131605
331875878,1,3,-21.434227,-25.924889,5.6330857
331875888,1,3,-18.010548,-12.994179,3.969745
331875897,1,3,-14.4311905,-6.70845,0.53289187
331875907,1,3,-12.082873,-4.7864466,2.403402
331875917,1,3,-11.463761,-4.5229945,2.569856
331875927,1,3,-12.800182,-4.58766,4.157754
331875937,1,3,-13.50791,-6.4354177,4.8355446
331875947,1,3,-12.668456,-9.040001,4.1529636
331875957,1,3,-10.80992,-11.03625,2.682422
331875967,1,3,-9.607621,-12.558285,0.737666
331875976,1,3,-8.637638,-12.957056,-1.4537768
331875986,1,3,-8.26641,-12.425362,-3.4476306
331876004,1,3,-8.586145,-12.20023,-3.97693
331876014,1,3,-9.560918,-11.6876955,-3.9877076
331876024,1,3,-10.673405,-10.611134,-4.0260277
331876034,1,3,-12.333153,-9.380094,-4.1469765
331876044,1,3,-14.530583,-8.55022,-3.930227
331876054,1,3,-16.530424,-7.829319,-3.382965
331876063,1,3,-18.185383,-7.8664417,-1.8106347
331876073,1,3,-17.559086,-7.7921963,-0.71730834
331876083,1,3,-14.783258,-7.545509,-0.6490503
331876093,1,3,-12.816947,-6.9826794,-1.299298
331876103,1,3,-11.821816,-5.892946,-2.1615052
331876113,1,3,-10.764416,-4.5960426,-3.006947
331876123,1,3,-9.304651,-4.3589354,-3.502716
331876133,1,3,-8.115523,-4.482279,-5.1684523
331876143,1,3,-7.9107494,-4.4331813,-6.2905188
331876152,1,3,-6.998247,-3.7362304,-7.8640466
331876162,1,3,-5.8091197,-2.0022364,-5.7612195
331876172,1,3,-3.8080812,0.14130615,-2.2118006
331876182,1,3,-1.4513818,0.1353186,-2.0070264
331876192,1,3,0.5712122,-1.5867004,-3.006947
331876202,1,3,1.714834,-4.6427455,-2.6249413
331876212,1,3,2.6129663,-8.273595,-0.5771997
331876222,1,3,3.4476306,-11.715238,1.5735278
331876231,1,3,3.4775684,-15.434704,3.2272887
331876241,1,3,5.1840196,-19.55773,3.2117212
331876251,1,3,5.4654346,-23.147863,0.35206786
331876261,1,3,5.0415163,-23.938221,2.7219398
331876271,1,3,1.3735437,-28.32829,3.182981
331876281,1,3,1.648971,-27.957064,0.8945398
331876291,1,3,1.2921131,-25.956024,2.0190015
331876301,1,3,0.6933582,-29.706625,6.2150755
331876310,1,3,2.4022045,-32.682438,10.239906
331876320,1,3,5.4905825,-29.398865,9.257948
331876330,1,3,5.1385145,-27.54512,7.676038
331876340,1,3,5.146897,-27.954668,5.374424
331876350,1,3,5.325326,-26.637407,2.2872436
331876360,1,3,5.2498827,-24.24119,-1.4058765
331876370,1,3,5.1756372,-23.321503,-3.5194812
331876380,1,3,5.2091675,-23.535856,-4.277505
331876389,1,3,4.470304,-24.299868,-3.7829332
331876399,1,3,3.5398388,-26.230253,-3.6967127
331876409,1,3,2.4273522,-26.716442,-3.3410523
331876419,1,3,1.421444,-24.538172,-4.5062294
331876429,1,3,1.7627344,-21.824615,-6.427035
331876439,1,3,3.4643958,-20.585194,-8.046068
331876452,1,3,5.550458,-18.666782,-8.53585
331876462,1,3,6.701265,-16.349602,-7.822134
331876472,1,3,7.2461314,-14.004877,-6.8234105
331876482,1,3,7.1024303,-11.941567,-6.2869263
331876492,1,3,6.5934887,-9.993219,-6.8042507
331876502,1,3,6.2414207,-8.375383,-7.540719
331876512,1,3,6.0198817,-6.988667,-8.242459
331876522,1,3,5.9192905,-5.8187,-8.672366
331876531,1,3,5.846243,-4.975653,-8.731044
331876541,1,3,5.733677,-3.9146595,-9.226812
331876551,1,3,5.7779846,-3.06323,-9.273516
331876561,1,3,5.6905665,-2.0441492,-9.3309965
331876571,1,3,5.9779687,-0.97237796,-9.3872795
331876581,1,3,6.004314,0.30057496,-8.971744
331876591,1,3,5.7863674,1.4250367,-8.418493
331876601,1,3,5.3432884,2.1806653,-8.353828
331876610,1,3,4.655918,2.7099645,-8.135881
331876620,1,3,4.02962,2.9602442,-7.9670324
331876630,1,3,3.5637891,3.0380824,-8.066425
331876640,1,3,3.0416749,2.950664,-8.455616
331876650,1,3,2.4860303,3.3961377,-8.144264
331876660,1,3,2.4465125,4.078718,-7.8616514
331876670,1,3,2.0657043,4.7229786,-7.218589
331876680,1,3,2.3064039,5.4331017,-7.0257897
331876689,1,3,2.4608827,6.079757,-7.2389464
331876699,1,3,2.4321423,6.6138463,-7.1730833
331876709,1,3,2.4632776,6.6797094,-7.777826
331876719,1,3,2.44771,6.6844997,-8.242459
331876729,1,3,2.5554857,6.666537,-7.1311707
331876739,1,3,1.5807129,6.864126,-9.235195
331876749,1,3,1.2705579,7.442523,-9.974059
331876759,1,3,1.4130615,8.808882,-10.991942
331876768,1,3,1.4968872,10.854229,-11.928394
331876778,1,3,2.325564,12.849279,-13.634846
331876788,1,3,2.8297155,14.673087,-13.686339
331876798,1,3,3.624862,16.447796,-14.354549
331876808,1,3,4.988826,18.555414,-16.108902
331876818,1,3,5.854625,20.804337,-19.284697
331876828,1,3,5.0654664,21.730013,-21.761147
331876838,1,3,4.374503,22.350323,-23.62567
331876847,1,3,4.446354,21.458178,-26.66495
331876857,1,3,1.3723462,17.123192,-26.382338
331876867,1,3,0.0,12.673245,-24.338188
331876877,1,3,0.9807605,11.163186,-23.911875
331876887,1,3,2.6979895,11.33443,-23.856789
331876897,1,3,2.4788451,8.258027,-22.098845
331876907,1,3,2.990182,0.6993457,-24.915388
331876917,1,3,-3.6679723,-10.857821,-1.5902929
331876926,1,3,-9.520203,-16.112494,-14.052777
331876936,1,3,-19.758911,-8.691525,-31.948362
331876946,1,3,-38.849613,-9.546548,-24.091501
331876956,1,3,-38.849613,3.0296998,-9.486672
331876966,1,3,-38.849613,-39.15857,3.2787817
331876976,1,3,-38.849613,-39.15857,11.885284
331876986,1,3,-34.591267,-6.8653235,-19.50863
331876996,1,3,-14.661112,1.6190332,-28.015741
331877005,1,3,-2.687212,-16.748371,-21.419857
331877015,1,3,6.9850745,-39.15857,1.1256592
331877025,1,3,11.963122,-39.15857,19.986439
331877035,1,3,12.199032,-39.15857,27.450516
331877045,1,3,13.16662,-37.555103,18.024918
331877055,1,3,-0.18920654,-22.793402,9.885443
331877065,1,3,-14.726975,-2.342329,4.439169
331877075,1,3,-17.94229,1.6908838,7.2018237
331877085,1,3,-21.052221,-3.0165272,8.487949
331877094,1,3,-12.928315,0.7544311,6.8234105
331877104,1,3,-6.0342517,1.0538086,7.33834
331877114,1,3,-5.332511,-2.955454,7.7610607
331877124,1,3,-7.076085,-5.1121693,6.604266
331877134,1,3,-8.801697,-6.4809227,4.86189
331877144,1,3,-8.981323,-7.732321,3.373385
331877154,1,3,-8.220904,-8.284372,2.2261705
331877164,1,3,-7.7419004,-8.679551,0.80113405
331877173,1,3,-7.7059755,-8.601712,-0.803529
331877183,1,3,-7.8317137,-8.284372,-2.5878186
331877193,1,3,-7.7862086,-8.465197,-3.7242553
331877203,1,3,-7.8616514,-8.859178,-4.566105
331877213,1,3,-8.28078,-9.0148535,-5.4654346
331877223,1,3,-9.030421,-9.016051,-6.009104
331877233,1,3,-10.75244,-8.90588,-7.492819
331877243,1,3,-11.523637,-8.364606,-6.245013
331877252,1,3,-12.500805,-8.032895,-5.698949
331877262,1,3,-13.117522,-8.0436735,-5.0582814
331877272,1,3,-13.788128,-7.8784165,-3.6009119
331877282,1,3,-13.155842,-7.732321,-2.4908204
331877292,1,3,-11.876902,-7.9514647,-0.7532337
331877302,1,3,-10.158475,-7.9526625,0.24069947
331877312,1,3,-8.180189,-7.764653,-0.11496094
331877322,1,3,-6.4557753,-8.258027,-0.52570677
331877331,1,3,-4.9600854,-9.229208,-0.5628296
331877341,1,3,-4.078718,-9.728569,-0.7927515
331877351,1,3,-3.0057495,-9.830358,-0.24309449
331877361,1,3,-1.905238,-9.857901,-0.120948486
331877371,1,3,-0.48618898,-10.432705,-0.32452515
331877389,1,3,0.99992067,-11.245814,0.12813355
331877399,1,3,2.8321106,-11.499686,0.35206786
331877409,1,3,5.23671,-12.412189,2.3806493
331877419,1,3,8.673563,-14.541361,5.557643
331877428,1,3,12.348721,-17.415384,7.9981675
331877438,1,3,12.838502,-21.66894,8.353828
331877448,1,3,8.947793,-23.828049,9.280701
331877458,1,3,5.572013,-23.717878,7.984995
331877468,1,3,4.2559495,-23.29396,5.84265
331877478,1,3,5.205575,-23.926245,4.812792
331877488,1,3,7.5922117,-24.562122,2.926714
331877498,1,3,9.963282,-24.034021,3.309917
331877507,1,3,11.34401,-23.170616,1.3687537
331877517,1,3,11.400293,-20.927681,1.5304174
331877527,1,3,10.715318,-18.852396,1.5483801
331877537,1,3,9.382489,-17.665665,3.8583765
331877547,1,3,8.614885,-17.969831,2.9985645
331877557,1,3,7.7862086,-17.624949,2.8033705
331877567,1,3,6.3994923,-17.300423,0.6502478
331877577,1,3,6.1599903,-16.784296,-3.7314405
331877586,1,3,6.76593,-16.50408,-5.9145007
331877596,1,3,7.692803,-15.447876,-7.156318
331877606,1,3,8.192164,-14.2060585,-7.460486
331877616,1,3,8.473579,-13.104349,-7.7670484
331877626,1,3,7.4808435,-12.5391245,-6.7850904
331877636,1,3,6.274951,-13.529466,-5.9612036
331877646,1,3,5.670209,-15.03234,-4.4331813
331877656,1,3,5.0750465,-15.234719,-4.805607
331877665,1,3,5.1924024,-12.227772,-5.908513
331877675,1,3,5.4905825,-10.342892,-6.0617943
331877685,1,3,6.3180614,-9.914184,-6.309679
331877695,1,3,6.8677187,-10.148895,-6.3839245
331877705,1,3,6.983877,-9.892628,-7.0329747
331877715,1,3,6.702462,-9.168135,-7.933502
331877725,1,3,6.526428,-7.6413097,-8.034093
331877735,1,3,6.3611717,-6.016289,-7.374265
331877744,1,3,6.0258694,-4.3864784,-6.644982
331877754,1,3,5.661826,-2.8009753,-6.7276096
331877764,1,3,5.5444703,-1.5352075,-6.8569407
331877774,1,3,5.215155,-0.4394861,-7.2928343
331877784,1,3,5.205575,0.6753955,-7.9119473
331877794,1,3,5.0427136,1.5687377,-8.547825
331877804,1,3,4.9229627,2.2010229,-8.728649
331877814,1,3,4.614005,3.06802,-8.098759
331877823,1,3,4.702621,3.857179,-7.0533323
331877833,1,3,4.9433203,4.296665,-5.5923705
331877843,1,3,4.9457154,4.763694,-4.700226
331877853,1,3,4.91937,5.22713,-4.8283596
331877863,1,3,4.8379393,5.7827744,-5.8666005
331877873,1,3,4.5134144,6.347999,-6.8341885
331877883,1,3,4.0463853,7.1024303,-7.129973
331877893,1,3,3.8392162,7.70837,-7.232959
331877903,1,3,3.7410204,7.8053684,-7.6808276
331877912,1,3,3.8966968,7.531139,-8.340655
331877922,1,3,3.5793567,7.9909825,-8.687933
331877932,1,3,3.1051428,7.795789,-8.740623
331877942,1,3,3.4188905,8.091574,-9.131012
331877952,1,3,3.7733533,8.880733,-9.368119
331877962,1,3,4.5205994,10.087822,-10.644665
331877972,1,3,5.2007847,11.931988,-12.312796
331877982,1,3,6.0174866,13.749807,-13.461207
331877991,1,3,6.539601,16.044235,-16.28733
331878001,1,3,6.2665687,17.009428,-17.021404
331878011,1,3,5.7684045,16.644188,-17.969831
331878021,1,3,5.20318,15.467036,-17.500408
331878031,1,3,4.517007,12.628938,-15.987953
331878041,1,3,4.8163843,10.086625,-12.661271
331878051,1,3,5.999524,9.437574,-9.386082
331878061,1,3,7.2006264,9.793235,-8.716674
331878070,1,3,8.216114,9.443562,-12.231365
331878080,1,3,6.5300207,7.2006264,-18.297949
331878090,1,3,3.241659,5.180427,-20.357666
331878100,1,3,0.19758911,1.7687219,-19.496656
331878110,1,3,-5.1504893,-0.7209009,-5.315746
331878120,1,3,-19.71101,-6.1743603,-21.119282
331878130,1,3,-38.03171,-7.2078114,-16.077766
331878140,1,3,-38.849613,-29.307854,-17.747095
331878149,1,3,-38.849613,-39.15857,-4.58766
331878159,1,3,-38.849613,-39.15857,5.7851696
331878169,1,3,-30.873,-39.15857,0.4514612
331878179,1,3,-23.24606,-33.48357,-19.029627
331878189,1,3,-16.94117,14.287489,38.910686
331878199,1,3,0.18800904,11.109298,-31.977104
331878209,1,3,4.0200405,-25.425528,-3.7853284
331878219,1,3,7.380253,-32.756683,16.06579
331878229,1,3,11.231444,-35.610348,27.734325
331878238,1,3,6.9383717,-31.943573,21.464165
331878248,1,3,3.3111145,-21.641396,9.812395
331878258,1,3,1.0933264,-9.620793,1.4334192
331878268,1,3,-6.229446,-1.6825012,-0.88735473
331878278,1,3,-8.419691,5.485792,-0.6777905
331878288,1,3,-10.086625,-1.4310242,1.7507592
331878298,1,3,-10.269844,-4.7181883,1.8309925
331878308,1,3,-6.8329906,-3.622467,2.0896544
331878317,1,3,-5.981561,-4.1002736,1.2454102
331878327,1,3,-6.074967,-4.829557,0.17363891
331878337,1,3,-6.149213,-5.5384827,-0.62390256
331878347,1,3,-6.2617784,-6.526428,-1.8896704
331878357,1,3,-6.3863196,-7.4784484,-2.882406
331878367,1,3,-6.495293,-8.022118,-4.042793
331878377,1,3,-6.9503465,-8.869955,-4.381688
331878387,1,3,-7.9921803,-9.382489,-4.787644
331878396,1,3,-9.375304,-8.978929,-5.6642213
331878406,1,3,-10.784773,-8.127499,-6.580316
331878416,1,3,-12.261303,-7.1048255,-6.72282
331878426,1,3,-13.294753,-6.3108764,-5.9635987
331878436,1,3,-13.9952965,-5.9707837,-4.9109874
331878446,1,3,-13.515095,-6.085745,-3.065625
331878456,1,3,-12.606185,-7.0976405,-1.5376025
331878466,1,3,-10.768008,-8.461604,1.771117
331878476,1,3,-9.078321,-8.859178,2.2501209
331878485,1,3,-7.8867993,-7.994575,0.43589357
331878495,1,3,-6.357579,-6.7324,-1.5483801
331878505,1,3,-4.6738806,-5.863008,-2.8333082
331878515,1,3,-3.617677,-5.4235215,-2.1387525
331878525,1,3,-3.2572265,-6.0474243,0.8238867
331878535,1,3,-2.7087672,-7.4880285,5.6738014
331878555,1,3,-1.7543519,-8.469987,8.871152
331878565,1,3,-0.086220704,-9.417217,10.770403
331878575,1,3,0.9568103,-10.42073,9.635163
331878584,1,3,1.8585352,-10.468631,7.9933777
331878594,1,3,2.6177564,-12.066109,5.715714
331878604,1,3,3.2835717,-14.586866,3.1350806
331878614,1,3,3.502716,-17.684824,4.0894957
331878624,1,3,3.302732,-20.453466,6.5767236
331878634,1,3,4.3912683,-21.206701,7.33355
331878644,1,3,5.4893847,-25.127348,10.10339
331878654,1,3,5.960006,-25.971592,14.391672
331878663,1,3,3.4009278,-22.432951,14.746136
331878673,1,3,2.8404932,-18.838026,9.047186
331878683,1,3,2.2010229,-21.486917,7.2389464
331878693,1,3,3.2332764,-27.789412,4.8283596
331878703,1,3,6.332432,-30.773605,3.0440698
331878713,1,3,5.0403185,-30.04073,-0.24309449
331878723,1,3,2.9051588,-25.14531,-2.2285657
331878733,1,3,1.9279907,-22.068907,-2.889591
331878742,1,3,3.0871801,-21.577929,-2.4273522
331878752,1,3,4.1876917,-23.587349,-2.4081922
331878762,1,3,5.4402866,-23.428082,-3.7733533
331878772,1,3,6.1587925,-22.453308,-6.8749037
331878782,1,3,6.9096313,-20.073856,-8.592133
331878792,1,3,7.608977,-18.192568,-8.2233
331878802,1,3,7.8149486,-16.27775,-7.3215747
331878812,1,3,7.5670643,-14.283896,-6.4066772
331878821,1,3,7.5179663,-12.753479,-6.422245
331878831,1,3,7.4269557,-11.601475,-7.005432
331878841,1,3,7.308402,-10.318942,-7.738308
331878851,1,3,7.268884,-9.091495,-8.472382
331878861,1,3,7.0641103,-7.7131605,-8.771759
331878871,1,3,6.4569726,-6.619834,-8.173004
331878881,1,3,5.315746,-5.9839563,-7.794591
331878891,1,3,4.254752,-5.1696496,-6.939569
331878901,1,3,3.4081128,-4.191284,-7.1072206
331878910,1,3,2.4872277,-3.0416749,-7.9251194
331878920,1,3,1.7902771,-1.9016455,-8.543035
331878930,1,3,1.1759546,-0.68497556,-8.82445
331878940,1,3,0.8981323,0.64186525,-9.890233
331878950,1,3,-0.1101709,1.9160156,-10.147697
331878960,1,3,-0.65623534,3.37099,-9.116642
331878970,1,3,-0.89932984,4.8894324,-7.2856493
331878980,1,3,-0.803529,6.046227,-6.163583
331878989,1,3,0.18561402,7.2581067,-6.901249
331878999,1,3,1.2825329,7.2796617,-8.361013
331879009,1,3,1.583108,6.8952613,-9.139395
331879019,1,3,1.8022522,6.615044,-9.170529
331879029,1,3,1.8381774,6.725215,-9.005274
331879039,1,3,1.5723304,6.868916,-8.814869
331879049,1,3,1.3016931,7.509584,-8.938213
331879059,1,3,1.4465919,8.624465,-9.136999
331879068,1,3,1.9267932,9.542955,-9.72378
331879078,1,3,1.9435583,9.825567,-10.025552
331879088,1,3,2.2824535,9.906999,-10.197993
331879098,1,3,2.577041,9.8028145,-10.818303
331879108,1,3,2.3327491,10.214758,-11.40149
331879118,1,3,2.405797,10.830278,-12.102034
331879128,1,3,2.5782385,11.984677,-12.773837
331879138,1,3,3.070415,13.298346,-13.7629795
331879148,1,3,3.117118,13.976136,-14.121036
331879157,1,3,2.3782544,14.184504,-14.620397
331879167,1,3,3.307522,15.372433,-13.733042
331879177,1,3,3.6571949,17.076488,-14.8251705
331879187,1,3,3.98651,19.271524,-15.8238945
331879197,1,3,4.103866,21.035456,-16.416662
331879207,1,3,3.436853,20.223545,-17.433348
331879217,1,3,3.434458,17.302818,-18.253641
331879227,1,3,3.7589831,14.952106,-15.68618
331879236,1,3,5.346881,14.889836,-10.946437
331879246,1,3,10.626701,15.520924,-20.718117
331879256,1,3,7.515571,18.102755,-24.933352
331879266,1,3,2.274071,9.475895,-30.003607
331879276,1,3,-3.458408,0.5712122,-16.937578
331879286,1,3,-4.742139,-6.108497,4.550537
331879296,1,3,-18.949394,-11.729609,-30.894554
331879306,1,3,-28.43487,-14.418017,-26.344017
331879315,1,3,-38.849613,-20.666624,-15.992743
331879325,1,3,-38.849613,-30.57482,-8.816067
331879335,1,3,-38.849613,-39.15857,14.329402
331879345,1,3,-38.849613,-39.15857,11.360775
331879355,1,3,-28.389364,-8.454419,-8.332273
331879365,1,3,-13.2564335,-4.360133,-11.54639
331879375,1,3,-2.0070264,-9.386082,-6.021079
331879385,1,3,3.1602283,-22.192251,7.404203
331879394,1,3,4.28948,-31.053823,18.963764
331879404,1,3,3.109933,-29.524603,21.82222
331879414,1,3,3.4332604,-22.159918,16.876505
331879424,1,3,-0.2838098,-13.329481,11.890075
331879434,1,3,-4.9780483,-7.253317,7.5610766
331879444,1,3,-8.193362,-3.3422499,5.334906
331879454,1,3,-9.984837,-2.9135413,5.146897
331879464,1,3,-9.087902,-2.8165429,5.533693
331879473,1,3,-7.897577,-4.0954833,4.973258
331879483,1,3,-6.556366,-4.5696974,3.2213013
331879493,1,3,-5.9348583,-5.2630553,2.9159362
331879503,1,3,-6.7359924,-6.5443907,2.6776319
331879513,1,3,-7.411388,-7.5814342,1.8333875
331879523,1,3,-8.053253,-8.866363,0.8478369
331879533,1,3,-8.378976,-9.804012,0.11256592
331879543,1,3,-8.214917,-10.976375,0.19998413
331879552,1,3,-8.109536,-12.079281,0.6334827
331879562,1,3,-8.27599,-12.199032,0.35206786
331879572,1,3,-8.220904,-11.787088,-0.26105714
331879582,1,3,-8.087981,-11.108101,-1.0298584
331879592,1,3,-8.2233,-10.532099,-0.8071216
331879602,1,3,-8.721463,-10.202784,-0.33171022
331879612,1,3,-9.267529,-9.759705,-0.09699829
331879622,1,3,-9.051976,-9.461525,0.8202942
331879631,1,3,-9.377699,-10.17045,2.0046313
331879641,1,3,-9.509425,-10.779983,2.262096
331879651,1,3,-9.2184305,-10.647059,2.3686743
331879661,1,3,-9.260343,-10.641071,3.1434631
331879671,1,3,-8.7334385,-10.066267,2.9925768
331879681,1,3,-7.620952,-9.524993,2.7566674
331879691,1,3,-6.192323,-9.493857,2.6153612
331879701,1,3,-4.629573,-10.154882,2.523153
331879710,1,3,-3.1123278,-11.588302,2.2249732
331879720,1,3,-2.015409,-12.5511,3.0177245
331879740,1,3,-1.3424084,-12.561877,4.8163843
331879750,1,3,-0.43349853,-12.30082,6.6413894
331879760,1,3,0.64186525,-12.3068075,7.1539235
331879770,1,3,1.7435743,-12.410992,6.9192114
331879780,1,3,2.9937744,-13.221705,6.8952613
331879789,1,3,3.937412,-14.528189,6.6258216
331879799,1,3,4.8942223,-15.584393,6.255791
331879809,1,3,5.2846107,-16.748371,6.370752
331879819,1,3,4.9624805,-18.270407,7.1359606
331879829,1,3,3.9972875,-19.036812,6.8389783
331879839,1,3,3.4212854,-19.426003,5.302573
331879849,1,3,3.4847534,-19.223625,4.2906775
331879859,1,3,3.676355,-18.741028,3.3063245
331879868,1,3,4.5684996,-17.197437,-4.398453
331879878,1,3,4.687053,-17.818945,3.5158887
331879888,1,3,4.091891,-15.967595,3.8751416
331879898,1,3,5.576803,-12.0253935,0.8861572
331879908,1,3,7.477251,-9.679471,-2.889591
331879918,1,3,8.546627,-10.111773,-2.842888
331879928,1,3,10.086625,-12.467274,-3.624862
331879938,1,3,10.12734,-15.216757,-4.24637
331879947,1,3,8.85798,-17.541122,-1.4286292
331879957,1,3,9.983639,-16.027472,-5.891748
331879967,1,3,10.477013,-11.278147,-6.4725404
331879977,1,3,11.038645,-9.485475,-6.450985
331879987,1,3,11.922407,-10.872191,-3.67396
331879997,1,3,11.114088,-13.072017,-2.337539
331880007,1,3,8.965755,-12.672049,-1.5771203
331880017,1,3,7.677235,-10.6746025,-2.0070264
331880027,1,3,7.97302,-8.278385,-2.44771
331880036,1,3,8.813672,-7.3347473,-3.4093103
331880046,1,3,9.49266,-7.0317774,-4.691843
331880056,1,3,9.067544,-6.277346,-5.5432725
331880066,1,3,8.193362,-5.300178,-6.1911254
331880076,1,3,7.364685,-3.885919,-6.380332
331880086,1,3,6.0617943,-2.2417383,-6.124065
331880096,1,3,5.2870054,-0.73407346,-5.908513
331880106,1,3,5.031936,1.1436218,-6.734795
331880115,1,3,4.9361353,3.1063404,-7.7442956
331880125,1,3,5.029541,5.367239,-8.562195
331880135,1,3,4.980443,7.218589,-8.981323
331880145,1,3,4.4427614,8.022118,-9.004076
331880155,1,3,3.5254688,7.94907,-7.994575
331880165,1,3,2.633324,7.6077795,-6.739585
331880175,1,3,1.8705102,7.2317615,-6.030659
331880185,1,3,1.8537451,7.4293504,-6.356382
331880194,1,3,2.2968237,8.777746,-7.2724767
331880204,1,3,1.6190332,9.88185,-7.2724767
331880214,1,3,1.8693128,10.994337,-8.035291
331880224,1,3,1.4166541,11.6385975,-8.046068
331880234,1,3,1.1340418,10.856624,-9.302256
331880244,1,3,0.3185376,10.527308,-7.5934095
331880254,1,3,-0.034727782,10.42552,-7.795789
331880264,1,3,0.48259643,10.552456,-8.612491
331880273,1,3,0.30416748,10.486593,-9.754914
331880283,1,3,-0.05628296,10.620714,-10.183623
331880293,1,3,-0.46343628,10.481803,-10.380014
331880303,1,3,-0.6538403,10.516531,-10.675799
331880313,1,3,-0.60234743,10.389595,-11.458971
331880323,1,3,-0.61791503,10.277029,-12.369079
331880333,1,3,-0.36164796,10.684182,-12.837305
331880343,1,3,-0.082628176,11.106903,-13.091177
331880352,1,3,0.6706055,11.705658,-13.876743
331880362,1,3,1.1424243,13.061239,-14.513819
331880372,1,3,1.6178356,14.081517,-15.821499
331880382,1,3,1.7603394,14.867084,-17.021404
331880392,1,3,1.7088464,16.56635,-18.18658
331880402,1,3,1.3196558,19.56731,-20.298988
331880412,1,3,1.6082556,23.05805,-23.041285
331880422,1,3,0.37482056,23.006557,-24.383694
331880431,1,3,-0.49576905,19.226019,-22.369482
331880441,1,3,-0.21195923,14.93654,-21.61984
331880451,1,3,0.27782226,13.711487,-20.318148
331880461,1,3,1.045426,12.094849,-22.744303
331880471,1,3,-1.3663586,7.6736426,-19.630777
331880481,1,3,-8.437654,-3.4188905,-18.477575
331880491,1,3,-20.198397,-12.379856,-2.5279431
331880501,1,3,-26.00153,-22.310804,-19.198477
331880510,1,3,-38.400547,-12.078083,-38.242474
331880520,1,3,-38.849613,-39.15857,-16.329243
331880530,1,3,-38.849613,-39.15857,11.484118
331880540,1,3,-38.849613,-39.15857,18.737434
331880550,1,3,-30.210777,-39.15857,4.7672863
331880560,1,3,-20.405567,-30.39639,-12.311598
331880570,1,3,-8.323891,-15.954423,-15.443086
331880580,1,3,2.9794042,-13.632451,-5.149292
331880589,1,3,10.559641,-18.978134,10.912907
331880599,1,3,8.866363,-31.965128,20.977976
331880609,1,3,7.5467067,-24.388483,23.14547
331880619,1,3,0.27542725,-13.6504135,13.361814
331880629,1,3,-4.0655456,-11.003918,6.431825
331880639,1,3,-5.1924024,-9.806408,4.663103
331880649,1,3,-4.740941,-5.7049365,5.277426
331880659,1,3,-4.181704,-5.4953723,6.4473925
331880668,1,3,-5.156477,-9.154963,4.870272
331880678,1,3,-4.5062294,-8.371791,1.3759388
331880688,1,3,-3.7230577,-6.5372057,-0.10298584
331880698,1,3,-3.9410048,-7.644902,0.41074586
331880708,1,3,-4.749324,-8.572972,0.05508545
331880718,1,3,-5.2259326,-8.339458,-0.77957886
331880728,1,3,-5.283413,-8.485554,-1.6142431
331880746,1,3,-5.1145644,-8.5154915,-1.9064355
331880756,1,3,-5.18881,-8.735834,-1.8381774
331880766,1,3,-5.2558703,-8.786129,-1.7160316
331880776,1,3,-5.366041,-8.884325,-1.8022522
331880786,1,3,-5.5827904,-8.655601,-2.4117846
331880796,1,3,-5.7588243,-7.852072,-3.3566198
331880806,1,3,-5.8953404,-6.413862,-4.0020776
331880815,1,3,-6.3611717,-5.2570677,-4.4080334
331880825,1,3,-6.8138304,-4.453539,-4.8666797
331880835,1,3,-7.2640944,-4.079916,-4.853507
331880845,1,3,-7.6305323,-4.2248144,-4.531377
331880855,1,3,-7.8161464,-4.315825,-2.8859985
331880865,1,3,-8.814869,-5.882168,0.6706055
331880875,1,3,-9.946516,-6.6210313,2.1148024
331880885,1,3,-10.374027,-5.962401,2.0213964
331880894,1,3,-9.562116,-4.7888417,0.7975415
331880904,1,3,-8.332273,-3.7553906,-0.13292359
331880914,1,3,-7.003037,-3.490741,-1.2478051
331880924,1,3,-5.9300685,-4.179309,-0.021555176
331880934,1,3,-5.4115467,-5.012776,1.5591577
331880944,1,3,-4.7624965,-5.4630394,2.4261549
331880954,1,3,-3.5997143,-5.8031325,3.2201037
331880964,1,3,-3.2404613,-6.2941113,4.1314087
331880973,1,3,-3.3135095,-6.70845,4.5792775
331880983,1,3,-2.830913,-7.556287,5.6486535
331880993,1,3,-2.396217,-8.264015,7.505991
331881003,1,3,-2.1315675,-8.186176,8.164621
331881013,1,3,-1.4873071,-7.0748878,8.1143265
331881023,1,3,-0.7604187,-7.4197707,7.325167
331881033,1,3,-0.20118164,-9.831555,6.404282
331881043,1,3,-0.24788453,-13.175002,5.7863674
331881052,1,3,-1.0597961,-17.013021,7.938292
331881062,1,3,-1.4920971,-19.593655,9.308244
331881072,1,3,-1.7519568,-22.521566,11.278147
331881082,1,3,-3.102748,-27.46369,12.809762
331881092,1,3,-5.061874,-26.351202,11.920012
331881102,1,3,-6.3743443,-23.8041,8.58375
331881112,1,3,-1.7651294,-23.087988,3.7673657
331881121,1,3,2.2920337,-27.131979,2.3447242
331881131,1,3,5.597161,-29.063562,-0.7209009
331881141,1,3,7.4125853,-25.797953,-3.6751575
331881151,1,3,6.326444,-21.958736,-4.045188
331881161,1,3,4.884642,-22.097649,-4.4978466
331881171,1,3,4.811594,-23.141876,-5.8953404
331881181,1,3,4.877457,-23.647224,-6.228248
331881191,1,3,5.797145,-22.856869,-6.1420274
331881200,1,3,6.47733,-23.030508,-4.423601
331881210,1,3,7.643705,-21.830603,-4.996011
331881220,1,3,7.7682457,-18.804497,-6.827003
331881230,1,3,7.7766285,-16.385527,-8.400531
331881240,1,3,8.326285,-15.675403,-9.334589
331881250,1,3,8.769364,-16.232244,-9.057964
331881260,1,3,8.158634,-15.850239,-8.369396
331881274,1,3,6.763535,-14.446758,-8.357421
331881284,1,3,5.7384667,-12.631333,-8.926238
331881294,1,3,5.1756372,-11.27216,-9.405242
331881304,1,3,4.970863,-9.764495,-9.76689
331881314,1,3,4.62119,-8.29515,-9.715397
331881324,1,3,3.979325,-6.9587293,-9.693842
331881334,1,3,3.368595,-5.691764,-9.177715
331881344,1,3,3.4895434,-4.3768983,-10.466235
331881353,1,3,2.645299,-3.5182836,-10.775193
331881363,1,3,2.2357507,-2.3219714,-11.235037
331881373,1,3,2.022594,-1.4082714,-11.6385975
331881383,1,3,1.2933105,-0.30177248,-11.312875
331881393,1,3,0.81670165,1.2490027,-9.860295
331881403,1,3,0.4071533,2.7291248,-8.378976
331881413,1,3,-0.016765136,3.8607714,-7.1706886
331881423,1,3,0.37482056,5.1480947,-6.8820887
331881432,1,3,0.9136999,5.7875648,-7.3515124
331881442,1,3,0.9017249,5.83786,-7.1371584
331881452,1,3,1.0466236,5.574408,-6.835386
331881462,1,3,1.2837305,5.077441,-6.8892736
331881472,1,3,1.3915063,4.55892,-6.758745
331881482,1,3,0.9400452,4.55892,-5.722899
331881492,1,3,0.6933582,5.100194,-4.8307543
331881501,1,3,0.33650026,5.749244,-4.045188
331881511,1,3,0.3903882,6.822213,-4.5158095
331881521,1,3,0.083825685,7.9275146,-5.3073635
331881531,1,3,0.16286133,9.45434,-6.219866
331881541,1,3,0.5448669,11.412268,-6.8976564
331881551,1,3,-0.020357667,12.543915,-7.325167
331881561,1,3,0.8250842,14.140195,-7.437733
331881571,1,3,1.8729053,15.797549,-9.079519
331881580,1,3,2.4165747,16.987873,-9.835148
331881590,1,3,2.6345215,18.1291,-9.84832
331881600,1,3,3.4643958,18.634449,-11.255394
331881610,1,3,3.6416273,18.142273,-13.240866
331881620,1,3,3.8440063,16.66335,-15.31615
331881630,1,3,4.069138,15.461048,-16.477734
331881640,1,3,3.9074743,15.559244,-15.069463
331881650,1,3,4.4427614,15.735278,-15.202387
331881659,1,3,4.9133825,15.937657,-12.357103
331881669,1,3,5.9564137,13.839621,-14.8814535
331881679,1,3,5.17444,11.803854,-16.178356
331881689,1,3,4.6547203,9.923763,-18.681152
331881699,1,3,4.61161,6.807843,-22.734722
331881709,1,3,-1.1508069,0.61552,-19.251167
331881719,1,3,-11.053015,-2.6009912,-11.491303
331881729,1,3,-16.779507,-9.0076685,-1.8693128
331881738,1,3,-18.029707,-11.054213,-22.993385
331881748,1,3,-38.849613,-27.415789,-18.306332
331881758,1,3,-38.849613,-32.50281,4.6822634
331881768,1,3,-38.849613,-35.366055,18.71588
331881778,1,3,-38.849613,-39.15857,8.381371
331881788,1,3,-21.200712,-39.15857,-2.3974144
331881798,1,3,-13.588143,-10.735675,-19.248772
331881807,1,3,-0.60234743,-0.104183346,-17.174685
331881817,1,3,8.940608,-15.011982,-2.499203
331881827,1,3,7.013815,-39.15857,10.570418
331881837,1,3,10.289004,-39.15857,21.45698
331881847,1,3,3.6116896,-25.530909,17.671652
331881857,1,3,-0.66940796,-18.996098,10.539284
331881867,1,3,-5.6486535,-13.621674,3.812871
331881877,1,3,-6.5204406,-6.9287915,0.11136841
331881886,1,3,-6.133645,-3.864364,1.1029065
331881896,1,3,-5.845045,-3.1698084,3.549419
331881906,1,3,-6.1851377,-4.381688,4.038003
331881916,1,3,-5.879773,-3.7158728,2.7482848
331881926,1,3,-5.388794,-3.4308655,2.1698878
331881936,1,3,-5.2977834,-3.9517822,1.4106665
331881946,1,3,-5.579198,-4.461921,0.92687255
331881956,1,3,-5.7121215,-5.100194,0.2574646
331881965,1,3,-5.8785753,-6.308481,-0.28979737
331881982,1,3,-6.1767554,-7.540719,-0.7747888
331881992,1,3,-6.444998,-8.465197,-1.1831397
331882002,1,3,-6.612649,-8.568182,-1.8453625
331882011,1,3,-6.610254,-8.137079,-2.7027795
331882021,1,3,-6.5575633,-7.5514965,-3.3626075
331882031,1,3,-6.5431933,-6.695277,-4.085903
331882041,1,3,-6.671327,-5.8558226,-4.819977
331882051,1,3,-6.9503465,-5.019961,-5.17444
331882061,1,3,-7.411388,-4.7553115,-4.799619
331882071,1,3,-8.037685,-5.173242,-2.8512707
331882080,1,3,-9.201665,-5.908513,-1.2633728
331882090,1,3,-10.369237,-6.582711,-0.9400452
331882100,1,3,-10.885364,-7.181466,0.11256592
331882110,1,3,-10.479408,-7.3131924,1.2801379
331882120,1,3,-9.127419,-6.822213,1.0190808
331882130,1,3,-8.081993,-6.2809386,0.17124389
331882140,1,3,-7.477251,-6.0761647,0.21914428
331882150,1,3,-7.450906,-6.3923073,0.24788453
331882159,1,3,-6.9946547,-6.652167,0.23111938
331882169,1,3,-6.551576,-7.276069,-0.067060545
331882179,1,3,-6.4545774,-7.294032,-0.81550413
331882189,1,3,-6.1061025,-8.9442005,3.0668225
331882199,1,3,-6.2174706,-11.267369,5.637876
331882209,1,3,-5.950426,-12.20502,7.176676
331882219,1,3,-5.5217175,-12.153526,6.927594
331882229,1,3,-4.493057,-10.96919,5.987549
331882238,1,3,-3.1051428,-10.163265,4.748126
331882248,1,3,-2.1710851,-10.673405,3.5218763
331882258,1,3,-1.2825329,-12.039763,3.6536024
331882268,1,3,-0.91609496,-14.370117,5.7995396
331882278,1,3,-0.8346643,-16.312477,7.2581067
331882288,1,3,-1.0574012,-17.398619,6.589896
331882298,1,3,-0.05628296,-21.830603,7.7622585
331882308,1,3,-4.517007,-28.21812,10.912907
331882317,1,3,-7.6005945,-25.07346,12.928315
331882327,1,3,-3.1554382,-23.727459,5.127737
331882337,1,3,0.2562671,-24.504642,0.83346677
331882347,1,3,2.6153612,-24.604036,-3.0356872
331882357,1,3,5.9839563,-21.811443,-6.0905347
331882367,1,3,7.756271,-20.695364,-6.8976564
331882377,1,3,9.202863,-23.061644,-6.3036914
331882387,1,3,10.007589,-25.497377,-4.8570995
331882396,1,3,7.763456,-24.40405,-5.253475
331882406,1,3,6.8246083,-20.977976,-6.370752
331882416,1,3,6.284531,-20.463047,-6.1983104
331882426,1,3,7.195836,-20.938457,-4.8175817
331882436,1,3,8.739427,-22.17908,-4.6978307
331882446,1,3,9.467512,-21.642593,-4.8283596
331882456,1,3,8.93462,-20.104992,-5.532495
331882466,1,3,8.119116,-18.972147,-6.6916847
331882475,1,3,7.96823,-17.901573,-7.2365513
331882485,1,3,8.206534,-16.39391,-7.5586815
331882495,1,3,8.236472,-13.989309,-7.5538917
331882505,1,3,8.192164,-11.609858,-7.4293504
331882515,1,3,8.370593,-9.42081,-7.5023985
331882525,1,3,8.458012,-7.7419004,-6.9898643
331882535,1,3,8.334668,-6.4725404,-6.4797254
331882545,1,3,8.220904,-5.4750147,-6.2893214
331882554,1,3,7.995773,-4.614005,-6.319259
331882564,1,3,7.629335,-3.930227,-6.028264
331882574,1,3,7.4317455,-3.1183155,-5.1935997
331882584,1,3,6.842571,-2.4441175,-5.3265233
331882594,1,3,6.612649,-1.5747254,-6.030659
331882604,1,3,6.644982,0.07544312,-5.9145007
331882614,1,3,6.541996,1.2561878,-6.561156
331882629,1,3,6.4881077,2.0513341,-6.8581386
331882639,1,3,7.05453,2.577041,-5.494175
331882649,1,3,6.41985,2.3998096,-5.3121533
331882659,1,3,5.86181,1.9327807,-4.685856
331882669,1,3,5.2403026,0.9029224,-4.445156
331882678,1,3,4.749324,0.38320312,-4.531377
331882688,1,3,4.1002736,0.60354495,-4.9696655
331882698,1,3,3.551814,0.9304651,-5.7779846
331882708,1,3,3.326682,1.465752,-6.3156667
331882718,1,3,3.121908,2.020199,-6.6749196
331882728,1,3,3.0404773,2.6860144,-6.4629602
331882738,1,3,3.3913476,3.187771,-6.8976564
331882748,1,3,3.5182836,3.681145,-7.5694594
331882757,1,3,3.685935,4.1098537,-8.459209
331882767,1,3,3.7613783,5.1313295,-8.7897215
331882777,1,3,3.857179,6.201903,-9.910591
331882787,1,3,4.580475,6.9443593,-11.352392
331882797,1,3,5.052294,6.9263964,-12.389436
331882807,1,3,5.53489,6.835386,-14.273119
331882817,1,3,6.9060388,6.9455566,-11.71883
331882827,1,3,8.110734,6.7312026,-12.291241
331882836,1,3,8.346643,7.284452,-10.340497
331882846,1,3,8.935818,8.180189,-11.390713
331882856,1,3,8.683144,9.109457,-11.926
331882866,1,3,9.412427,10.460248,-11.893667
331882876,1,3,10.145303,12.170292,-10.339299
331882886,1,3,10.162067,12.755874,-9.067544
331882896,1,3,12.525952,10.441088,-14.071938
331882906,1,3,15.586787,11.299702,-17.75907
331882915,1,3,13.373789,13.276791,-16.538807
331882925,1,3,9.304651,12.20502,-12.106824
331882935,1,3,6.652167,8.702304,1.3172607
331882945,1,3,1.4489868,1.099314,4.9780483
331882955,1,3,-13.026511,2.9470716,-8.822055
331882965,1,3,-25.103397,-5.867798,-7.284452
331882975,1,3,-38.849613,-33.386574,-1.9375708
331882985,1,3,-38.849613,-20.097807,-8.056846
331882994,1,3,-38.849613,-39.15857,7.4006104
331883004,1,3,-34.93615,-39.15857,-3.117118
331883014,1,3,-12.057726,-13.051659,-16.384329
331883024,1,3,-0.7592212,6.580316,-19.431992
331883034,1,3,7.7993813,-2.2525158,-5.388794
331883044,1,3,12.6936035,-23.471191,3.742218
331883054,1,3,17.94229,-33.399746,16.189135
331883064,1,3,14.486276,-31.33404,21.272564
331883073,1,3,3.2847693,-18.800903,15.035933
331883083,1,3,-2.894381,-8.018525,8.206534
331883093,1,3,-9.477093,-2.0609143,4.679868
331883103,1,3,-13.751004,-0.2945874,2.4932153
331883113,1,3,-14.0443945,-1.3304334,2.3566992
331883123,1,3,-12.245735,0.39996827,3.8200562
331883133,1,3,-9.633966,2.7566674,4.0020776
331883143,1,3,-7.1599107,2.2656884,4.27032
331883152,1,3,-6.358777,-0.37242553,3.7793407
331883162,1,3,-6.051017,-2.242936,2.7327173
331883172,1,3,-5.830675,-3.1937585,1.6681311
331883182,1,3,-5.994734,-4.205654,0.2335144
331883192,1,3,-6.3456044,-5.478607,-1.3843213
331883202,1,3,-7.060518,-6.9707046,-2.6045837
331883212,1,3,-7.9742174,-8.170609,-3.1817834
331883222,1,3,-9.002878,-8.971744,-3.5134935
331883231,1,3,-9.740544,-8.725056,-4.3146276
331883241,1,3,-10.081835,-8.316706,-4.566105
331883251,1,3,-10.571616,-8.109536,-4.372108
331883261,1,3,-11.11289,-8.196955,-3.859574
331883271,1,3,-11.711645,-8.477172,-3.051255
331883281,1,3,-12.187057,-8.551417,-1.956731
331883291,1,3,-12.129577,-8.635242,-1.6657361
331883301,1,3,-11.760743,-8.634046,-0.9735754
331883310,1,3,-11.270962,-8.993299,0.3305127
331883320,1,3,-10.488988,-9.78126,1.1076965
331883330,1,3,-9.7393465,-10.417137,1.7064514
331883340,1,3,-8.813672,-10.608739,1.4406042
331883350,1,3,-8.474776,-10.565629,1.0035132
331883360,1,3,-8.576565,-9.131012,-0.45026368
331883370,1,3,-7.2317615,-9.772877,1.5663428
331883380,1,3,-6.5683413,-11.32006,2.4632776
331883389,1,3,-6.124065,-13.098362,3.6200721
331883399,1,3,-5.471422,-13.979729,4.3924656
331883409,1,3,-4.2499623,-13.894706,4.3230104
331883426,1,3,-2.9111462,-13.833632,4.5205994
331883436,1,3,-1.8992505,-14.161751,4.2571473
331883446,1,3,-0.9915381,-14.899417,4.1457787
331883456,1,3,-0.040715333,-16.356787,4.3122325
331883465,1,3,0.81670165,-18.986517,5.102589
331883475,1,3,1.5136523,-21.598286,7.0952454
331883485,1,3,1.5495776,-22.794598,9.013656
331883495,1,3,0.8430469,-21.595892,8.672366
331883505,1,3,-0.09220825,-19.872675,6.6210313
331883515,1,3,-0.7005432,-19.768492,5.149292
331883525,1,3,-0.9472302,-21.650976,4.381688
331883535,1,3,-0.9472302,-24.690256,3.1614258
331883544,1,3,-0.80592406,-26.845774,3.2236962
331883554,1,3,0.7472461,-27.110424,2.5339308
331883564,1,3,0.33650026,-29.888647,1.778302
331883574,1,3,0.10657837,-27.460096,7.9442797
331883584,1,3,2.6057813,-26.44341,4.7816563
331883594,1,3,6.0198817,-25.918901,0.8705896
331883604,1,3,7.260502,-26.023085,-0.64066774
331883614,1,3,6.927594,-25.394392,-2.1076171
331883623,1,3,5.85223,-23.28917,-3.126698
331883633,1,3,4.470304,-22.01981,-5.708529
331883643,1,3,4.454736,-20.113375,-6.148015
331883653,1,3,5.5025573,-18.421293,-5.8558226
331883663,1,3,5.997129,-16.672928,-5.052294
331883673,1,3,6.270161,-15.722106,-6.3767395
331883683,1,3,5.4486694,-14.861096,-5.485792
331883693,1,3,4.7612987,-14.415623,-5.2870054
331883702,1,3,4.132606,-13.794115,-6.1516075
331883712,1,3,3.549419,-11.741583,-6.815028
331883722,1,3,3.6009119,-8.741821,-7.932305
331883732,1,3,3.3494349,-6.0079064,-9.099876
331883742,1,3,3.4835558,-3.8559813,-9.711804
331883752,1,3,3.290757,-2.46687,-9.916578
331883762,1,3,3.4919386,-1.2298425,-9.637559
331883772,1,3,3.7015028,0.35326537,-9.44955
331883782,1,3,3.5805542,2.2573059,-8.816067
331883791,1,3,3.5829492,4.091891,-7.916737
331883801,1,3,3.7386255,5.3696337,-7.2796617
331883811,1,3,4.0559654,5.845045,-6.197113
331883821,1,3,4.2583447,6.157595,-5.0475035
331883831,1,3,4.5038342,5.980364,-4.4020457
331883841,1,3,4.540957,5.603148,-3.923042
331883851,1,3,4.5984373,4.916975,-4.1876917
331883861,1,3,4.245172,4.1876917,-4.1218286
331883870,1,3,4.1948767,3.7086878,-4.643943
331883880,1,3,4.0894957,3.5003211,-5.0642686
331883890,1,3,3.8452039,3.5506165,-4.9014072
331883900,1,3,3.7781434,3.9266346,-4.7445335
331883910,1,3,3.6140845,4.472699,-5.2486854
331883920,1,3,3.417693,5.021158,-6.0833497
331883930,1,3,3.497926,5.7097263,-6.8976564
331883939,1,3,3.7553906,6.2007055,-7.899972
331883949,1,3,3.7242553,6.654562,-8.592133
331883959,1,3,3.8523889,7.223379,-8.948991
331883969,1,3,4.0894957,7.8029737,-9.030421
331883979,1,3,4.382886,8.765772,-8.836425
331883989,1,3,4.966073,10.188413,-8.875942
331883999,1,3,4.8020144,11.01709,-8.823252
331884009,1,3,5.4750147,12.462484,-9.750125
331884018,1,3,5.8737855,13.930631,-12.28645
331884028,1,3,6.283334,14.524596,-14.026432
331884038,1,3,6.2150755,14.346167,-13.816868
331884048,1,3,7.5023985,14.3306,-13.990506
331884058,1,3,8.019723,14.948514,-14.233601
331884068,1,3,8.153844,15.097006,-15.578404
331884078,1,3,8.806487,14.964082,-16.56156
331884088,1,3,9.363329,14.35934,-18.233284
331884097,1,3,9.346563,13.683944,-19.077528
331884107,1,3,8.6208725,13.258828,-19.400856
331884117,1,3,8.220904,13.570181,-19.864292
331884127,1,3,7.1898484,13.075609,-18.088385
331884137,1,3,4.798422,10.243499,-19.294277
331884147,1,3,0.9304651,6.0905347,-20.31216
331884157,1,3,-2.4788451,3.8212538,-13.626464
331884167,1,3,-7.0078273,0.57959473,-10.559641
331884176,1,3,-19.518211,-4.4080334,-16.416662
331884186,1,3,-37.347935,-3.666775,-24.96329
331884196,1,3,-38.849613,-9.29028,-13.085189
331884206,1,3,-38.849613,-18.753002,-0.120948486
331884216,1,3,-38.849613,-39.15857,11.170371
331884226,1,3,-38.849613,-39.15857,-2.1411474
331884236,1,3,-21.01989,-14.857504,-33.60332
331884246,1,3,-7.113208,1.9088305,-35.737286
331884255,1,3,0.69096315,-29.451555,-20.61034
331884265,1,3,-2.5051904,-36.655773,-4.86189
331884275,1,3,35.57083,-31.866932,27.552305
331884285,1,3,20.983963,-34.369728,13.115127
331884295,1,3,-5.4654346,-34.596058,11.91163
331884305,1,3,-4.7445335,-19.887045,2.0237916
331884315,1,3,-5.8965383,-8.582553,0.2814148
331884325,1,3,-10.808723,1.5483801,2.102827
331884334,1,3,-10.544073,4.8547044,3.1039453
331884344,1,3,-9.439969,-3.0967603,8.183782
331884354,1,3,-9.811197,-5.170847,6.4485903
331884364,1,3,-6.667734,-6.0486217,6.980284
331884374,1,3,-5.229525,-7.2293663,7.2856493
331884384,1,3,-6.1108923,-7.7526784,4.821174
331884394,1,3,-6.389912,-7.5850267,2.3339465
331884404,1,3,-6.0893373,-7.8053684,0.020357667
331884413,1,3,-6.2593837,-8.680748,-2.0381615
331884423,1,3,-6.565946,-9.211246,-3.5901344
331884433,1,3,-6.908434,-9.038804,-3.9996827
331884443,1,3,-7.904762,-9.071136,-3.634442
331884453,1,3,-9.383686,-9.229208,-3.9038818
331884463,1,3,-11.003918,-8.952583,-4.1757164
331884473,1,3,-13.792917,-9.085506,-4.0559654
331884483,1,3,-16.639399,-9.447155,-2.694397
331884492,1,3,-17.545914,-9.806408,-1.6369958
331884502,1,3,-16.141233,-9.656719,-0.5149292
331884512,1,3,-14.500646,-9.181308,-0.05149292
331884522,1,3,-12.698394,-8.361013,-0.05269043
331884532,1,3,-11.250605,-7.5227566,0.7975415
331884542,1,3,-10.272239,-7.4389305,1.7256116
331884552,1,3,-9.662706,-8.287965,2.0692968
331884562,1,3,-9.127419,-8.105944,1.5783179
331884571,1,3,-8.964558,-7.5359287,0.9472302
331884581,1,3,-8.248447,-6.2797413,0.75562865
331884591,1,3,-6.819818,-4.555327,1.7375866
331884601,1,3,-5.019961,-3.6488123,5.1756372
331884621,1,3,-3.424878,-3.05844,5.982759
331884631,1,3,-2.9362938,-2.8009753,5.7121215
331884641,1,3,-1.6274158,-2.8225305,5.0977993
331884651,1,3,0.5149292,-4.035608,4.804409
331884661,1,3,3.7386255,-6.067782,5.542075
331884671,1,3,7.404203,-8.081993,6.589896
331884681,1,3,9.311836,-11.309282,7.03537
331884690,1,3,7.188651,-14.208453,6.8749037
331884700,1,3,3.9457946,-16.069384,6.4006896
331884710,1,3,2.931504,-16.913628,3.4871485
331884720,1,3,2.5950036,-20.39,-3.321892
331884730,1,3,2.4441175,-26.035059,-2.8656409
331884740,1,3,7.3299575,-33.029713,0.5616321
331884750,1,3,13.856385,-39.15857,0.40236327
331884760,1,3,18.788929,-34.860706,1.783092
331884769,1,3,18.442848,-28.295958,-1.6393908
331884779,1,3,15.948435,-25.86621,-4.132606
331884789,1,3,14.493461,-25.04472,-2.8452833
331884799,1,3,15.160474,-23.022125,-2.2022204
331884809,1,3,15.233521,-20.973186,-3.5482213
331884819,1,3,14.892231,-19.416424,-4.5373645
331884829,1,3,14.687457,-18.356627,-5.19839
331884839,1,3,14.201268,-17.098045,-5.316943
331884848,1,3,12.978611,-15.231127,-3.4763708
331884858,1,3,10.033935,-14.1378,-4.204457
331884868,1,3,8.425678,-12.26729,-3.8835242
331884878,1,3,7.599397,-12.169094,-4.7768664
331884888,1,3,7.0485425,-11.939173,-5.2870054
331884898,1,3,7.1826634,-10.437495,-6.974297
331884908,1,3,6.9946547,-8.450827,-7.7502832
331884920,1,3,7.2461314,-6.991062,-7.3994126
331884930,1,3,7.247329,-6.500083,-7.2018237
331884940,1,3,6.829398,-5.725294,-7.69879
331884950,1,3,5.755232,-4.3218126,-7.573052
331884960,1,3,4.968468,-2.718347,-7.5910144
331884970,1,3,4.5062294,-1.1999048,-7.2581067
331884979,1,3,4.149371,0.33769774,-7.557484
331884989,1,3,4.157754,1.3939013,-8.33347
331884999,1,3,4.1876917,2.269281,-8.923842
331885009,1,3,4.179309,2.7494824,-8.826844
331885019,1,3,4.077521,2.990182,-8.297545
331885029,1,3,4.1685314,3.0201197,-8.138276
331885039,1,3,4.2032595,3.1530433,-7.862849
331885048,1,3,4.3852806,3.6068995,-7.884404
331885058,1,3,4.3709106,3.974535,-8.52627
331885068,1,3,4.3936634,4.091891,-9.212442
331885078,1,3,4.4247985,4.0415955,-9.134604
331885088,1,3,4.714596,3.918252,-8.468789
331885098,1,3,4.87626,3.5949242,-8.368198
331885108,1,3,4.821174,3.4763708,-8.073611
331885118,1,3,4.750521,3.5458264,-8.194559
331885127,1,3,4.9457154,4.311035,-8.480764
331885137,1,3,5.045109,5.1947975,-9.115444
331885147,1,3,5.0283437,5.981561,-10.152488
331885157,1,3,4.939728,6.947952,-10.722503
331885167,1,3,5.8761806,8.868757,-11.365565
331885177,1,3,7.0880604,10.603949,-11.5260315
331885187,1,3,8.01613,11.8074465,-11.524834
331885197,1,3,11.292517,14.591657,-13.270803
331885206,1,3,13.433664,17.684824,-14.3114395
331885216,1,3,12.95466,20.811522,-12.995376
331885226,1,3,12.991783,23.240072,-11.285332
331885236,1,3,10.77639,22.000648,-12.466077
331885246,1,3,9.24238,18.0812,-9.783655
331885256,1,3,8.442444,15.704144,-6.758745
331885266,1,3,10.914104,14.414425,-14.356945
331885276,1,3,14.031222,19.437979,-22.581442
331885285,1,3,11.89726,20.386406,-22.28446
331885295,1,3,7.5047936,16.882492,-19.62
331885305,1,3,1.4406042,8.640033,-13.027709
331885315,1,3,-0.732876,3.2775843,-7.230564
331885325,1,3,-1.8357825,-1.1244617,-6.173163
331885335,1,3,-8.468789,-5.0989966,-6.5288234
331885345,1,3,-31.471754,-7.7047777,-31.181957
331885355,1,3,-38.849613,-3.69791,38.910686
331885364,1,3,-38.849613,-1.169967,-22.71676
331885374,1,3,-38.849613,-39.15857,-17.738712
331885384,1,3,-38.849613,-39.15857,8.754993
331885394,1,3,-21.37555,-39.15857,3.4919386
331885404,1,3,-9.200467,-24.950115,-17.22977
331885414,1,3,-1.7699194,-11.654165,-27.687624
331885424,1,3,3.2596216,-6.8246083,-21.068987
331885433,1,3,8.455616,-6.219866,-10.445878
331885443,1,3,3.6045043,-8.788525,-3.493136
331885453,1,3,-5.748047,-11.094928,-0.5029541
331885463,1,3,-13.842015,-13.203743,-2.4225624
331885473,1,3,-22.570663,-14.322217,-1.1819421
331885483,1,3,-23.869963,-11.875705,0.8322693
331885493,1,3,-19.246376,-9.013656,0.864602
331885503,1,3,-15.058685,-7.8987746,0.66940796
331885512,1,3,-11.629017,-6.581514,1.3675561
331885522,1,3,-9.0076685,-5.54926,1.9435583
331885532,1,3,-7.7359133,-5.1385145,1.9208057
331885542,1,3,-7.3515124,-4.418811,1.6956738
331885552,1,3,-6.791078,-3.2476466,0.10059082
331885562,1,3,-5.724097,-1.5687377,-1.8190173
331885572,1,3,-4.445156,-0.20716919,-3.2356713
331885582,1,3,-3.422483,-0.31374756,-4.3864784
331885591,1,3,-2.535128,-0.65743285,-5.052294
331885601,1,3,-1.4429992,-1.1484119,-4.9529004
331885611,1,3,-0.2802173,-1.8669177,-3.803291
331885627,1,3,1.0753638,-3.0404773,-1.4226416
331885637,1,3,2.8033705,-4.8103967,0.68497556
331885647,1,3,3.2093263,-7.268884,1.6621436
331885657,1,3,2.1782703,-9.710607,1.8525476
331885667,1,3,0.7604187,-11.57992,1.4310242
331885677,1,3,-0.09580078,-12.910353,0.33889526
331885687,1,3,-0.4658313,-13.600119,-2.0417542
331885697,1,3,-0.34847534,-14.158158,-4.3792934
331885706,1,3,-0.6322852,-15.4299135,-5.1947975
331885716,1,3,-0.6622229,-19.005678,-5.53968
331885726,1,3,0.38919067,-23.600523,-9.481882
331885736,1,3,0.39877075,-27.951075,-7.123986
331885746,1,3,-0.73407346,-28.904293,-4.748126
331885756,1,3,0.2215393,-27.837313,-4.2248144
331885766,1,3,0.6262976,-26.170378,-2.5195606
331885775,1,3,0.26225463,-24.40405,-0.6646179
331885785,1,3,-0.3197351,-21.593496,-2.630929
331885795,1,3,-0.38440064,-18.90868,-1.660946
331885805,1,3,-1.4765296,-18.836828,-2.743495
331885815,1,3,-1.5819104,-19.499052,-2.7794201
331885825,1,3,-1.6118481,-21.260588,-2.4189696
331885835,1,3,-2.0704944,-22.920338,-1.5352075
331885845,1,3,-2.9374914,-22.87603,-1.0346484
331885855,1,3,-3.4009278,-22.559887,-0.8909473
331885864,1,3,-3.747008,-23.267614,-0.69096315
331885874,1,3,-3.7278478,-24.146587,0.183219
331885884,1,3,-3.3302746,-23.89511,0.49576905
331885894,1,3,-2.7159522,-21.824615,0.39757323
331885904,1,3,-2.2010229,-19.861897,0.6322852
331885914,1,3,-1.4513818,-18.24406,0.48259643
331885924,1,3,-0.27422974,-17.059725,-0.11256592
331885934,1,3,1.2825329,-16.610659,-0.11496094
331885943,1,3,2.6596692,-16.664545,1.2909155
331885953,1,3,3.6368372,-16.722027,3.3039293
331885963,1,3,3.9290295,-15.663427,4.6523256
331885973,1,3,3.8990917,-13.656402,5.2965856
331885983,1,3,3.5314562,-12.92113,4.956493
331885993,1,3,3.0883777,-12.958253,3.7015028
331886003,1,3,2.499203,-13.165422,2.1639001
331886013,1,3,1.9543359,-14.225219,1.0705737
331886022,1,3,1.9411633,-14.855108,0.42511597
331886032,1,3,2.1698878,-14.607224,1.3196558
331886042,1,3,2.0070264,-15.579602,1.8453625
331886052,1,3,2.0441492,-15.229929,3.2057335
331886062,1,3,1.4298266,-13.230088,4.1948767
331886072,1,3,-0.32093263,-11.874507,3.8535864
331886082,1,3,-1.8166223,-10.632689,1.9806812
331886091,1,3,-2.7075696,-9.267529,-0.42511597
331886101,1,3,-4.008065,-8.426876,-2.4776478
331886111,1,3,-5.874983,-8.170609,-3.0476623
331886121,1,3,-7.2856493,-7.6425076,-2.9722192
331886131,1,3,-8.437654,-6.356382,-2.8907886
331886141,1,3,-9.638756,-5.158872,-3.4033227
331886151,1,3,-10.579999,-4.519402,-3.812871
331886161,1,3,-11.035052,-4.326603,-3.0919702
331886170,1,3,-10.724897,-2.623744,-6.7970653
331886180,1,3,-8.59812,-1.4358143,-0.23590942
331886190,1,3,-7.35271,-1.9986438,-0.11376343
331886200,1,3,-6.7922754,-2.5950036,-0.23471192
331886210,1,3,-6.0593996,-3.2093263,-0.43110353
331886220,1,3,-5.836663,-3.8907092,0.017962646
331886230,1,3,-5.9767714,-3.69312,-0.49816406
331886240,1,3,-6.7144375,-3.4356556,-0.77718383
331886249,1,3,-7.212601,-3.4691858,-1.0717713
331886259,1,3,-7.125183,-3.1674132,0.21794678
331886269,1,3,-6.534811,-3.333867,0.025147704
331886279,1,3,-5.6510487,-3.4679883,0.23590942
331886289,1,3,-4.9996033,-3.3123121,0.74125856
331886299,1,3,-3.930227,-2.875221,0.79993653
331886309,1,3,-2.9817994,-2.3830445,0.35087037
331886319,1,3,-2.8955786,-2.3087988,1.5867004
331886328,1,3,-3.1722033,-2.2608984,1.1448194
331886338,1,3,-3.6200721,-2.337539,1.0298584
331886348,1,3,-4.4200087,-3.234474,0.07783814
331886358,1,3,-4.8594947,-3.8799317,-0.32332763
331886368,1,3,-4.9061975,-4.5984373,0.7723938
331886385,1,3,-4.2152343,-5.1600695,2.4225624
331886394,1,3,-3.8775365,-6.8796935,3.126698
331886404,1,3,-4.079916,-8.143066,3.190166
331886414,1,3,-4.5301795,-8.759784,3.8535864
331886424,1,3,-5.157675,-8.916657,3.920647
331886434,1,3,-5.031936,-7.3754625,3.849994
331886444,1,3,-5.4259167,-7.7419004,5.6414685
331886454,1,3,-5.595963,-8.970546,6.638994
331886464,1,3,-5.567223,-9.496252,5.936056
331886473,1,3,-6.051017,-11.123669,6.356382
331886483,1,3,-6.2162733,-12.54152,6.062992
331886493,1,3,-5.5444703,-12.414584,5.083429
331886503,1,3,-4.8810496,-12.091256,5.0726514
331886513,1,3,-4.3457627,-11.791879,5.146897
331886523,1,3,-3.7853284,-11.01709,5.2319202
331886533,1,3,-3.6536024,-11.335628,5.054689
331886543,1,3,-3.7386255,-12.366683,4.4583287
331886552,1,3,-3.4188905,-13.81567,4.6355605
331886562,1,3,-3.0009594,-15.790363,4.8966174
331886572,1,3,-1.8142273,-16.354391,4.9864306
331886582,1,3,-0.36045045,-15.940052,4.2954674
331886592,1,3,0.5400769,-14.370117,3.0895753
331886602,1,3,0.737666,-12.317585,1.1520044
331886612,1,3,0.46223876,-11.033855,-0.47181883
331886622,1,3,0.49576905,-10.601554,-1.6346009
331886631,1,3,1.2430152,-10.692565,-1.9100281
331886641,1,3,2.6093738,-10.750045,-2.8369007
331886651,1,3,3.119513,-10.906919,-3.9709425
331886661,1,3,2.511178,-9.479487,-5.2355127
331886671,1,3,-0.40954834,-8.605305,-5.5097423
331886681,1,3,-3.0428724,-8.58375,-5.2870054
331886691,1,3,-4.6008325,-9.366921,-4.4715014
331886701,1,3,-4.411626,-10.753637,-3.66917
331886710,1,3,-2.4081922,-11.666141,-2.7830126
331886720,1,3,0.11496094,-11.510464,-2.6057813
331886730,1,3,2.0213964,-10.527308,-2.5590785
331886740,1,3,2.889591,-9.302256,-2.6632617
331886750,1,3,2.2956262,-8.495134,-3.7122803
331886760,1,3,0.9927356,-8.019723,-5.054689
331886770,1,3,-0.25985962,-7.355105,-6.114485
331886780,1,3,-1.0142908,-6.842571,-6.6629443
331886789,1,3,-1.2226574,-6.4569726,-7.113208
331886799,1,3,-1.2837305,-6.357579,-7.580237
331886809,1,3,-1.2789404,-6.5994763,-7.3491173
331886819,1,3,-1.3124707,-7.028185,-7.1275783
331886829,1,3,-1.2358301,-7.149133,-6.6210313
331886839,1,3,-1.0514135,-6.9204087,-6.673722
331886849,1,3,-1.1735595,-6.1540027,-6.829398
331886859,1,3,-1.4597644,-5.5097423,-8.162227
331886868,1,3,-2.151925,-6.1348424,-9.517808
331886878,1,3,-2.9566517,-6.309679,-10.447075
331886888,1,3,-3.547024,-6.476133,-11.444601
331886902,1,3,-3.9338195,-6.539601,-12.340338
331886912,1,3,-4.8008165,-6.098917,-12.89239
331886922,1,3,-5.595963,-5.733677,-13.930631
331886932,1,3,-6.8485584,-5.5732102,-14.659915
331886942,1,3,-8.169412,-5.5732102,-14.486276
331886952,1,3,-8.541837,-5.6318884,-13.6013155
331886962,1,3,-7.6221495,-6.5683413,-11.293715
331886972,1,3,-5.9755735,-7.909552,-9.1693325
331886981,1,3,-4.7181883,-8.92025,-7.8616514
331886991,1,3,-3.5601966,-9.371712,-7.5227566
331887001,1,3,-2.7961853,-9.57888,-7.794591
331887011,1,3,-2.325564,-9.902208,-8.210127
331887021,1,3,-1.8202149,-10.183623,-7.9083543
331887031,1,3,-1.1196716,-10.898537,-8.211325
331887041,1,3,0.0,-12.206217,-8.123906
331887051,1,3,0.2802173,-14.403647,-6.564749
331887060,1,3,0.5939648,-15.683785,-5.5516553
331887070,1,3,0.94842774,-16.725618,-5.315746
331887080,1,3,0.64066774,-18.553019,-4.0272255
331887090,1,3,-0.15328126,-20.489391,-2.8452833
331887100,1,3,-0.85502195,-21.865332,-1.5603552
331887110,1,3,-1.5735278,-22.78861,-0.32811767
331887120,1,3,-1.8166223,-23.272406,0.6933582
331887130,1,3,-1.9938538,-23.781347,1.84656
331887139,1,3,-2.515968,-24.76091,2.8452833
331887149,1,3,-3.1769934,-25.641079,3.8751416
331887159,1,3,-3.798501,-25.21237,4.8750625
331887169,1,3,-4.7672863,-24.763304,5.1361194
331887179,1,3,-5.367239,-24.083118,4.6331654
331887189,1,3,-5.5935683,-22.934708,4.3948607
331887199,1,3,-5.315746,-21.276155,3.7266505
331887209,1,3,-5.069059,-19.843935,4.8523097
331887218,1,3,-5.132527,-18.891914,6.5132556
331887228,1,3,-4.6523256,-17.390236,7.6856174
331887238,1,3,-4.169729,-16.107704,8.444839
331887248,1,3,-3.5805542,-14.368919,8.911868
331887258,1,3,-3.1374755,-12.981006,8.509504
331887268,1,3,-3.0764027,-12.444522,7.97781
331887278,1,3,-3.493136,-12.062516,7.098838
331887288,1,3,-4.4966493,-11.481724,6.133645
331887297,1,3,-5.692961,-10.419533,4.658313
331887307,1,3,-7.117998,-8.893905,3.617677
331887317,1,3,-8.181387,-7.0736904,2.3614893
331887327,1,3,-9.0148535,-5.7851696,1.2274475
331887337,1,3,-9.455537,-5.364844,0.79993653
331887347,1,3,-8.976533,-5.1876125,0.21914428
331887361,1,3,-8.502319,-5.266648,-0.23471192
331887370,1,3,-8.393346,-5.3995714,0.11496094
331887380,1,3,-8.383766,-5.367239,0.05388794
331887390,1,3,-8.60291,-5.300178,-0.20956421
331887400,1,3,-8.681946,-5.3923864,-0.7807764
331887410,1,3,-8.6280575,-5.5121374,-1.3244458
331887420,1,3,-8.296348,-6.004314,-1.346001
331887430,1,3,-7.828121,-6.577921,-0.74485105
331887440,1,3,-7.110813,-6.9048414,0.15088624
331887449,1,3,-6.4629602,-7.084468,0.37122804
331887459,1,3,-5.7779846,-6.941964,0.30895752
331887469,1,3,-5.243895,-6.9204087,-0.19998413
331887479,1,3,-4.6403503,-6.262976,-1.0226734
331887489,1,3,-3.9122643,-5.045109,-1.729204
331887499,1,3,-3.2787817,-3.9158568,-1.9746937
331887509,1,3,-2.687212,-3.4871485,-1.4920971
331887519,1,3,-2.1064196,-3.8116736,-0.24548951
331887528,1,3,-1.6753162,-3.612887,0.5125342
331887538,1,3,-1.0957215,-3.4883459,1.6848962
331887548,1,3,-1.0621911,-3.1997461,2.7782226
331887558,1,3,-1.4609619,-2.962639,3.5386415
331887568,1,3,-1.9866687,-2.842888,3.458408
331887578,1,3,-2.7123597,-3.6260595,3.7877233
331887588,1,3,-3.4188905,-4.907395,3.7733533
331887598,1,3,-3.5949242,-6.619834,4.6906457
331887607,1,3,-3.5673816,-8.086783,5.8091197
331887617,1,3,-3.1123278,-8.440049,6.41506
331887627,1,3,-2.2393432,-7.562274,6.907236
331887637,1,3,-1.729204,-5.874983,6.6701293
331887647,1,3,-1.5579602,-4.3397756,6.2593837
331887657,1,3,-1.4477893,-5.019961,6.114485
331887667,1,3,-1.9064355,-7.2401443,6.646179
331887677,1,3,-2.242936,-9.386082,7.2269716
331887686,1,3,-2.3004162,-10.788365,7.5910144
331887696,1,3,-1.8046472,-10.859018,8.527467
331887706,1,3,-0.94842774,-9.490265,8.702304
331887716,1,3,-0.17483643,-7.5035963,8.63165
331887726,1,3,-0.020357667,-5.8414526,8.387359
331887736,1,3,-0.61911255,-5.407954,7.33834
331887746,1,3,-1.4920971,-5.8725877,5.318141
331887756,1,3,-1.9890637,-6.4713426,3.9972875
331887765,1,3,-1.8764977,-6.46775,3.1302905
331887775,1,3,-1.0729687,-5.7935524,1.8333875
331887785,1,3,-0.3556604,-5.229525,-0.58438474
331887795,1,3,-0.56881714,-4.0882983,-1.3052857
331887805,1,3,-1.726809,-3.5362463,-0.93765014
331887815,1,3,-3.3206947,-4.7912364,0.6095325
331887825,1,3,-4.3685155,-6.807843,2.0621119
331887835,1,3,-3.9685473,-8.842412,2.3028114
331887844,1,3,-2.8955786,-10.243499,0.8981323
331887854,1,3,-1.7926722,-10.314152,-1.6274158
331887864,1,3,-1.1448194,-9.334589,-2.9817994
331887874,1,3,-0.6622229,-8.199349,-4.6882505
331887884,1,3,-0.44667113,-7.332352,-5.5360875
331887894,1,3,-1.3950989,-7.4401283,-6.673722
331887904,1,3,-2.8728259,-8.083191,-7.902367
331887914,1,3,-4.211642,-8.465197,-9.451944
331887923,1,3,-4.839137,-8.437654,-10.953622
331887933,1,3,-4.7457314,-8.248447,-12.226575
331887943,1,3,-4.0511756,-8.226892,-12.583432
331887953,1,3,-2.46687,-8.98731,-12.3104
331887963,1,3,-0.8789722,-9.962084,-12.30082
331887973,1,3,0.45744872,-10.870994,-12.2625
331887983,1,3,1.0310559,-11.814631,-11.458971
331887992,1,3,1.0298584,-12.258907,-10.144105
331888008,1,3,0.26704466,-12.279265,-8.866363
331888018,1,3,-1.0106982,-12.01222,-7.739506
331888028,1,3,-2.4489074,-11.909235,-7.4497085
331888038,1,3,-3.1817834,-11.728411,-7.868837
331888048,1,3,-3.2105236,-11.27216,-8.8388195
331888058,1,3,-2.7566674,-10.860216,-9.886641
331888068,1,3,-2.017804,-10.577603,-10.693762
331888077,1,3,-1.4920971,-10.448273,-11.138039
331888087,1,3,-1.6549585,-9.902208,-10.734478
331888097,1,3,-2.278861,-8.727451,-10.769205
331888107,1,3,-3.145858,-7.1120105,-11.829001
331888117,1,3,-4.4343786,-5.739664,-12.52236
331888127,1,3,-5.755232,-5.144502,-12.755874
331888137,1,3,-7.5934095,-5.051096,-12.977413
331888147,1,3,-9.842333,-5.581593,-13.382172
331888156,1,3,-10.336905,-7.289242,-12.912747
331888166,1,3,-9.718989,-9.068742,-11.355985
331888176,1,3,-9.001681,-10.13213,-9.602831
331888186,1,3,-7.6377172,-9.607621,-9.571695
331888196,1,3,-6.2090883,-8.7262535,-10.273437
331888206,1,3,-5.445077,-8.589738,-10.438693
331888216,1,3,-5.0331335,-9.153765,-10.14171
331888226,1,3,-4.8942223,-10.642269,-8.977731
331888235,1,3,-4.7720766,-11.94995,-8.600515
331888245,1,3,-4.3457627,-12.513977,-5.7468495
331888255,1,3,-5.1696496,-13.487553,-6.6821046
331888265,1,3,-3.4847534,-14.276711,-11.700868
331888275,1,3,-3.0332923,-18.11952,3.0883777
331888285,1,3,-5.9635987,-19.637962,9.994416
331888295,1,3,-1.3424084,-20.046314,8.738229
331888304,1,3,-1.0621911,-21.267773,7.2293663
331888314,1,3,1.900448,-21.394709,6.9048414
331888324,1,3,4.3385777,-22.253325,4.9373326
331888334,1,3,3.549419,-22.911955,1.6262183
331888344,1,3,2.205813,-24.019651,-0.6514453
331888354,1,3,2.4405248,-24.643553,-2.1674926
331888364,1,3,3.1757958,-25.06867,-3.2105236
331888374,1,3,3.5817518,-25.315357,-3.786526
331888383,1,3,3.8236487,-25.617128,-5.1504893
331888393,1,3,3.1722033,-25.853039,-5.6019506
331888403,1,3,2.6788294,-25.93806,-5.3780165
331888413,1,3,2.3267615,-24.844734,-4.949308
331888423,1,3,1.9148182,-22.795795,-4.311035
331888433,1,3,1.717229,-19.77807,-3.6404297
331888443,1,3,1.3196558,-16.99985,-1.7699194
331888453,1,3,0.47421387,-15.0012045,-0.6646179
331888462,1,3,-0.7879614,-13.104349,1.1053015
331888472,1,3,-2.5878186,-10.881771,1.6381934
331888482,1,3,-4.7541137,-8.407716,0.60833496
331888492,1,3,-7.6808276,-6.533613,0.35087037
331888502,1,3,-10.920092,-4.9157777,0.5903723
331888512,1,3,-13.030104,-2.9782069,1.3615686
331888522,1,3,-13.072017,-1.4549744,2.1734803
331888532,1,3,-11.714041,-0.10897339,2.7890003
331888546,1,3,-10.085427,0.7652087,3.8883142
331888556,1,3,-8.721463,0.81310916,4.421206
331888566,1,3,-8.313113,0.2574646,4.55892
331888576,1,3,-8.308323,-0.6442602,4.87626
331888586,1,3,-9.023236,-1.5890955,4.8894324
331888596,1,3,-9.733359,-2.1124072,4.8499146
331888606,1,3,-9.763297,-1.968706,4.269122
331888615,1,3,-9.16095,-1.5483801,3.3949401
331888625,1,3,-8.00655,-1.0897338,2.6572742
331888635,1,3,-6.9754944,-0.86699706,2.6033862
331888645,1,3,-6.187533,-1.2669654,3.1518457
331888655,1,3,-5.5827904,-2.1878502,3.8080812
331888665,1,3,-5.151687,-3.6092944,4.860692
331888675,1,3,-5.1924024,-5.3121533,5.774392
331888684,1,3,-5.245093,-6.3815293,6.0103016
331888694,1,3,-5.007986,-6.939569,6.018684
331888704,1,3,-4.543352,-6.908434,5.7468495
331888714,1,3,-3.9218445,-6.8677187,5.2510805
331888724,1,3,-3.1769934,-6.9587293,4.8283596
331888734,1,3,-2.5650659,-7.286847,4.7157936
331888744,1,3,-1.9938538,-8.315508,4.7541137
331888754,1,3,-1.5016773,-9.407637,4.893025
331888763,1,3,-0.96160036,-10.206376,4.893025
331888773,1,3,-0.5903723,-10.891352,4.6990285
331888783,1,3,-0.35087037,-11.28653,4.1876917
331888793,1,3,-0.2802173,-11.676918,3.36141
331888803,1,3,-0.18561402,-11.512859,2.6776319
331888813,1,3,0.04790039,-10.892549,1.8717078
331888823,1,3,0.42391846,-10.033935,0.8107141
331888833,1,3,0.9304651,-9.104667,0.068258055
331888842,1,3,1.407074,-8.316706,-0.8837622
331888852,1,3,2.0728893,-7.6544824,-1.350791
331888862,1,3,2.7961853,-7.359895,-1.3172607
331888872,1,3,3.1722033,-7.2485266,-1.5064673
331888882,1,3,3.2045362,-7.373068,-2.1854553
331888892,1,3,3.6895275,-7.733518,-2.3602917
331888902,1,3,4.0511756,-7.7419004,-2.4920177
331888912,1,3,4.1050634,-7.531139,-2.6129663
331888925,1,3,4.101471,-7.0006423,-3.126698
331888935,1,3,3.9877076,-6.2031007,-4.0320153
331888945,1,3,4.125421,-5.210365,-5.419929
331888954,1,3,4.4966493,-4.775669,-6.7695227
331888964,1,3,4.86189,-4.58766,-8.259225
331888974,1,3,4.877457,-4.678671,-9.055569
331888984,1,3,4.6595106,-4.8283596,-9.102272
331888994,1,3,4.022435,-4.8870373,-8.50711
331889004,1,3,2.8919861,-5.0163684,-8.381371
331889014,1,3,1.8034497,-5.1301317,-8.655601
331889023,1,3,0.8250842,-5.3037705,-9.319021
331889033,1,3,0.025147704,-5.5684204,-9.24238
331889043,1,3,-0.6442602,-6.077362,-8.238867
331889053,1,3,-0.7388635,-6.5934887,-7.557484
331889063,1,3,-0.31494507,-6.910829,-6.885681
331889073,1,3,0.0119750975,-6.995852,-6.7144375
331889083,1,3,0.20956421,-7.218589,-7.0329747
331889093,1,3,0.32093263,-7.2928343,-7.5862246
331889102,1,3,0.34847534,-7.0880604,-8.262817
331889112,1,3,0.23471192,-7.0150123,-9.369316
331889122,1,3,0.37242553,-7.2808595,-9.871073
331889132,1,3,0.5508545,-8.308323,-10.566826
331889142,1,3,0.5017566,-9.733359,-10.78118
331889152,1,3,0.22992188,-11.185939,-10.687775
331889162,1,3,-0.22992188,-12.571458,-10.11776
331889172,1,3,-0.7316785,-14.030025,-9.884246
331889181,1,3,-1.5723304,-15.555652,-9.26154
331889191,1,3,-2.0082238,-15.90772,-9.335786
331889201,1,3,-2.3052063,-15.581997,-9.707014
331889211,1,3,-2.572251,-15.518529,-8.989706
331889221,1,3,-2.5602758,-16.24422,-8.323891
331889231,1,3,-2.3578968,-17.004639,-7.5754466
331889241,1,3,-2.1962328,-17.396225,-6.375542
331889251,1,3,-2.1639001,-17.65249,-5.7851696
331889260,1,3,-2.0058289,-17.180672,-5.7767873
331889270,1,3,-2.3830445,-16.875307,-4.7038183
331889280,1,3,-3.234474,-17.253721,-2.9782069
331889290,1,3,-3.805686,-17.779427,-2.4393275
331889300,1,3,-4.103866,-18.604511,-1.1747571
331889310,1,3,-4.679868,-19.655926,0.33530274
331889320,1,3,-4.91937,-20.594772,2.0537293
331889330,1,3,-4.9109874,-21.622236,2.8476782
331889339,1,3,-4.86189,-21.785097,3.7733533
331889349,1,3,-4.59245,-21.110899,4.5840673
331889359,1,3,-4.421206,-19.848724,5.718109
331889369,1,3,-4.287085,-18.306332,7.618557
331889379,1,3,-4.3864784,-17.270485,8.790919
331889389,1,3,-4.387676,-16.505278,9.354946
331889399,1,3,-4.3517504,-16.069384,9.29028
331889409,1,3,-4.3134303,-15.481406,8.867559
331889418,1,3,-4.4786863,-14.7688875,8.965755
331889428,1,3,-4.790039,-14.02284,9.2184305
331889438,1,3,-5.381609,-13.313913,9.684261
331889448,1,3,-6.2162733,-12.985796,9.896221
331889458,1,3,-6.9515443,-12.90676,9.326206
331889468,1,3,-7.8245287,-12.797787,8.980125
331889478,1,3,-8.267608,-12.554692,8.594527
331889487,1,3,-9.220825,-12.743899,7.289242
331889497,1,3,-9.496252,-11.67093,6.397097
331889507,1,3,-9.222023,-9.680669,5.9049206
331889517,1,3,-8.596923,-8.053253,5.54926
331889527,1,3,-8.168214,-6.9922595,5.332511
331889537,1,3,-7.804171,-6.6557593,5.760022
331889547,1,3,-7.394623,-6.910829,4.7624965
331889557,1,3,-6.812633,-6.094127,4.2248144
331889566,1,3,-6.086942,-4.2978625,3.810476
331889576,1,3,-5.052294,-1.84177,2.7446923
331889586,1,3,-3.5578015,-0.15328126,1.8597326
331889596,1,3,-2.4800427,0.5161267,1.9878662
331889606,1,3,-2.1746778,0.71730834,1.8501526
331889616,1,3,-2.814148,1.4801221,-0.010777588
331889632,1,3,-3.9757323,2.4297473,-0.46343628
331889642,1,3,-5.9540186,2.5650659,-0.48738647
331889652,1,3,-7.846084,2.8919861,0.29817992
331889661,1,3,-8.431666,2.4740553,1.6046631
331889671,1,3,-8.329878,1.6094531,2.811753
331889681,1,3,-8.692723,1.1172767,2.9015663
331889691,1,3,-9.701027,0.82867676,2.4525
331889701,1,3,-10.711725,0.07664063,2.2968237
331889711,1,3,-11.494896,-0.9831555,2.151925
331889721,1,3,-12.049343,-1.4441968,1.6621436
331889731,1,3,-12.226575,-1.7160316,1.2298425
331889740,1,3,-11.870914,-2.003434,2.0776794
331889750,1,3,-11.727213,-2.2932312,3.0811927
331889760,1,3,-11.899654,-2.5171654,4.484674
331889770,1,3,-12.0816765,-3.0320947,5.4067564
331889780,1,3,-12.111614,-3.129093,6.3300366
331889790,1,3,-11.303295,-2.5375233,6.3527894
331889800,1,3,-9.789642,-1.595083,5.5923705
331889810,1,3,-7.870034,-0.9963281,4.2834926
331889819,1,3,-7.0784802,-0.5161267,2.9542565
331889829,1,3,-7.5443115,-0.5113367,2.4525
331889839,1,3,-8.533455,-0.48139894,2.4225624
331889849,1,3,-9.704619,0.11496094,1.1747571
331889859,1,3,-11.340418,1.2933105,0.14489868
331889869,1,3,-14.432387,3.0237122,-2.193838
331889879,1,3,-16.83579,5.795947,-5.508545
331889889,1,3,-19.409239,6.251001,-7.3000197
331889898,1,3,-20.248693,6.8042507,-7.5766444
331889908,1,3,-20.540886,6.2426186,-5.9001307
331889918,1,3,-20.058289,5.0810337,-1.7579443
331889928,1,3,-21.63421,5.574408,2.034569
331889938,1,3,-23.653214,6.603069,2.5578809
331889948,1,3,-23.199356,8.151449,1.2370276
331889958,1,3,-21.167183,8.265212,-0.40954834
331889967,1,3,-18.640436,8.58375,-1.7076489
331889977,1,3,-17.184265,8.800499,-2.5219555
331889987,1,3,-16.391514,7.770641,-2.569856
331889997,1,3,-16.645386,6.194718,-1.6908838
331890007,1,3,-17.596209,3.935017,0.64665526
331890017,1,3,-19.2835,1.6573535,4.3936634
331890027,1,3,-20.830683,1.1951147,6.563551
331890037,1,3,-20.898941,1.780697,8.008945
331890046,1,3,-19.627186,2.4405248,8.4520235
331890056,1,3,-18.108742,3.2476466,7.8568616
331890066,1,3,-17.1675,3.4152977,6.11688
331890076,1,3,-16.69209,4.2248144,4.6762757
331890086,1,3,-16.66694,4.60682,4.1146436
331890096,1,3,-16.737595,3.7649708,3.725453
331890106,1,3,-17.005836,3.5506165,4.2224193
331890116,1,3,-17.935104,3.5290613,4.252357
331890125,1,3,-18.982925,3.4021254,3.5266662
331890135,1,3,-19.155367,1.8657203,1.6034656
331890145,1,3,-18.10994,-0.8454419,-0.15687378
331890155,1,3,-16.882492,-3.2093263,-0.46343628
331890165,1,3,-16.007113,-4.9373326,0.039517824
331890175,1,3,-14.971267,-6.558761,-0.05508545
331890185,1,3,-13.77256,-8.110734,0.26704466
331890195,1,3,-12.516372,-10.468631,0.4418811
331890204,1,3,-11.8074465,-13.291161,1.2046949
331890214,1,3,-11.739188,-16.140038,1.8070422
331890224,1,3,-10.921289,-17.936302,3.37099
331890234,1,3,-9.610016,-17.887203,2.5902135
331890244,1,3,-8.673563,-16.40828,1.6848962
331890254,1,3,-7.9981675,-14.95091,0.674198
331890264,1,3,-7.085665,-14.385685,0.37242553
331890274,1,3,-5.7636147,-14.128221,-0.1580713
331890283,1,3,-4.785249,-14.02763,-0.77718383
331890293,1,3,-3.9410048,-14.8323555,-1.341211
331890303,1,3,-3.4548156,-16.754358,-2.074087
331890313,1,3,-4.331393,-18.16263,-2.4153771
331890323,1,3,-6.5372057,-18.827248,-2.569856
331890333,1,3,-8.986114,-18.525476,-2.1483326
331890343,1,3,-9.386082,-17.498013,-1.0765613
331890353,1,3,-8.122708,-16.310083,-0.5412744
331890362,1,3,-6.9455566,-14.419215,-1.2549902
331890372,1,3,-6.7204247,-12.888798,-2.2968237
331890382,1,3,-7.1874537,-11.523637,-2.1746778
331890399,1,3,-7.811356,-10.621912,-2.2441332
331890409,1,3,-7.662865,-9.718989,-2.962639
331890419,1,3,-7.413783,-8.5154915,-3.98651
331890429,1,3,-7.2784643,-7.223379,-4.9361353
331890438,1,3,-7.601792,-6.556366,-5.2115626
331890448,1,3,-8.187374,-5.8833656,-5.718109
331890458,1,3,-8.713081,-4.884642,-6.531218
331890468,1,3,-9.090297,-3.4943335,-7.316785
331890478,1,3,-8.33347,-1.8836828,-8.307125
331890488,1,3,-6.5276256,0.4263135,-11.141631
331890498,1,3,-4.7038183,2.5279431,-15.483801
331890508,1,3,-4.0164475,4.01525,-16.46576
331890517,1,3,-3.0440698,4.951703,-15.900535
331890527,1,3,-1.353186,5.613926,-14.864689
331890537,1,3,-0.8190967,6.4186525,-11.327245
331890547,1,3,-0.7867639,7.1072206,-7.3586974
331890557,1,3,-0.020357667,7.5610766,-4.637955
331890567,1,3,-0.33769774,8.822055,-1.4813195
331890577,1,3,-0.5376819,11.399096,-1.773512
331890587,1,3,-0.07544312,13.307926,-5.9540186
331890596,1,3,0.86699706,14.731765,-8.220904
331890606,1,3,6.316864,18.800903,-7.8233314
331890616,1,3,13.7534,21.342018,-10.169253
331890626,1,3,12.090058,23.637646,-12.915143
331890636,1,3,9.417217,21.5911,-15.567627
331890646,1,3,9.262738,13.634846,-17.098045
331890656,1,3,10.556048,6.180348,-9.1849
331890666,1,3,10.844648,1.7723144,0.14609618
331890675,1,3,10.96919,-0.24788453,6.956334
331890685,1,3,11.777509,-1.4573693,10.982362
331890695,1,3,15.058685,-2.1567152,2.381847
331890705,1,3,23.161036,4.4583287,5.567223
331890715,1,3,17.676441,-36.6438,15.928078
331890725,1,3,2.4644752,-39.15857,6.324049
331890735,1,3,8.235274,-39.15857,21.873713
331890745,1,3,13.380974,-10.346484,21.060604
331890754,1,3,13.536651,-8.171806,15.174844
331890764,1,3,8.098759,-9.249565,15.125746
331890774,1,3,7.1898484,-6.605464,12.246932
331890784,1,3,4.3469605,-5.581593,11.281739
331890794,1,3,3.0249097,-6.9850745,9.0148535
331890804,1,3,2.3926246,-8.349038,7.3826475
331890814,1,3,1.6405884,-9.216035,6.331234
331890823,1,3,0.8825647,-10.150093,5.5600376
331890833,1,3,0.37721556,-11.684103,6.0809546
331890843,1,3,-0.37362304,-13.701907,6.508466
331890853,1,3,-1.4334192,-13.571378,7.588619
331890863,1,3,-2.6644592,-10.773995,8.019723
331890873,1,3,-2.123185,-6.5767236,6.6497717
331890883,1,3,-2.0142114,-3.5158887,5.2798204
331890893,1,3,-2.327959,-1.104104,4.126619
331890902,1,3,-2.9291089,0.41673338,3.2620165
331890912,1,3,-3.8775365,1.1256592,3.5637891
331890922,1,3,-4.5684996,0.9627979,4.4343786
331890932,1,3,-4.797224,-0.24189697,4.7936316
331890942,1,3,-5.170847,-1.409469,5.2582655
331890952,1,3,-5.5049524,-2.4225624,5.5121374
331890962,1,3,-6.0390415,-3.171006,5.4738173
331890972,1,3,-6.6018715,-3.333867,5.393584
331890981,1,3,-7.228169,-3.1769934,5.1121693
331890991,1,3,-7.9119473,-2.6860144,4.538562
331891001,1,3,-8.486752,-2.0309765,3.661985
331891011,1,3,-8.978929,-1.8681152,3.1530433
331891021,1,3,-9.286688,-1.8693128,2.5542884
331891031,1,3,-9.313033,-1.8717078,2.1112096
331891041,1,3,-9.201665,-1.7339941,1.6429834
331891051,1,3,-9.187295,-1.4669495,0.9089099
331891060,1,3,-9.503437,-1.22625,-0.023950195
331891070,1,3,-10.4075575,-1.1927197,-0.4646338
331891080,1,3,-11.937975,-1.9962487,-0.37482056
331891090,1,3,-14.244379,-3.1350806,-0.39637575
331891100,1,3,-16.67173,-4.064348,-0.29578492
331891110,1,3,-17.616566,-4.6822634,0.16286133
331891120,1,3,-17.677639,-4.811594,0.9472302
331891130,1,3,-18.30753,-3.9685473,1.6250207
331891139,1,3,-18.45602,-2.8536658,1.7555493
331891149,1,3,-18.150656,-1.839375,1.8561401
331891159,1,3,-18.144669,-0.9927356,2.0453467
331891169,1,3,-18.272802,-0.42272094,1.8285974
331891179,1,3,-18.230888,-0.5113367,1.5723304
331891189,1,3,-18.362616,-0.5939648,1.22625
331891199,1,3,-18.428478,-0.75203615,0.70293826
331891209,1,3,-18.277592,-1.0298584,0.019160157
331891218,1,3,-18.257235,-1.0574012,0.44786865
331891228,1,3,-18.578167,-0.92328,0.5891748
331891238,1,3,-18.447638,-0.8490344,-0.7209009
331891256,1,3,-18.844013,-0.57959473,-1.0897338
331891266,1,3,-17.173487,-0.23111938,-1.3208532
331891276,1,3,-18.501526,-1.0681787,-3.1997461
331891285,1,3,-18.53386,-2.5267456,-3.7829332
331891295,1,3,-18.5626,-3.7793407,-3.075205
331891305,1,3,-19.193687,-4.4882665,-0.81191164
331891315,1,3,-19.659517,-5.046306,0.86699706
331891325,1,3,-19.99961,-5.4486694,1.84656
331891335,1,3,-20.045116,-6.045029,2.2129982
331891345,1,3,-19.921772,-7.220984,2.445315
331891355,1,3,-19.745739,-9.18011,2.5075855
331891364,1,3,-19.11944,-11.00272,2.205813
331891374,1,3,-17.624949,-12.179872,1.1484119
331891384,1,3,-15.276632,-12.924723,0.49097902
331891394,1,3,-12.88281,-13.729449,0.6981482
331891404,1,3,-11.099718,-14.948514,2.2309606
331891414,1,3,-9.863888,-16.24901,4.4152184
331891424,1,3,-9.316626,-17.550703,6.0270667
331891434,1,3,-9.22801,-17.761465,7.38145
331891443,1,3,-9.273516,-17.311201,7.7526784
331891453,1,3,-9.103469,-16.62383,7.67484
331891463,1,3,-9.212442,-16.087347,6.758745
331891473,1,3,-8.904682,-16.160395,5.071454
331891483,1,3,-7.8963795,-16.584312,3.5949242
331891493,1,3,-6.700067,-17.22977,2.6836195
331891503,1,3,-5.8330703,-17.771046,1.9040406
331891512,1,3,-5.2007847,-17.703985,1.4394068
331891522,1,3,-4.4080334,-16.97949,1.6094531
331891532,1,3,-3.7050953,-15.801142,1.717229
331891542,1,3,-3.434458,-14.610817,1.9878662
331891552,1,3,-3.8200562,-13.579761,2.2417383
331891562,1,3,-4.5517344,-13.361814,2.8812084
331891572,1,3,-5.9492283,-13.276791,3.0500574
331891582,1,3,-7.1144056,-12.634926,2.7638526
331891591,1,3,-7.715555,-12.383449,3.605702
331891601,1,3,-8.24725,-11.6314125,3.9122643
331891611,1,3,-8.725056,-10.661429,2.7782226
331891621,1,3,-8.929831,-9.897418,0.09220825
331891631,1,3,-8.915461,-9.729767,-1.8309925
331891641,1,3,-8.539442,-10.224339,-3.06802
331891651,1,3,-7.9430823,-10.225536,-3.8559813
331891661,1,3,-6.8976564,-9.520203,-4.429589
331891674,1,3,-5.6151233,-8.310718,-4.6008325
331891684,1,3,-4.4894643,-7.203021,-4.557722
331891694,1,3,-3.570974,-6.6090565,-4.326603
331891704,1,3,-2.8668385,-6.2545934,-4.27511
331891714,1,3,-2.5435107,-5.6881714,-3.4560132
331891724,1,3,-2.2441332,-4.6547203,-2.9746141
331891733,1,3,-2.020199,-3.8116736,-2.9698243
331891743,1,3,-1.4944922,-2.9794042,-2.9722192
331891753,1,3,-1.1771522,-2.630929,-3.2524366
331891763,1,3,-0.81789917,-2.4333398,-3.490741
331891773,1,3,-0.63108766,-2.3590941,-3.5242712
331891783,1,3,-0.1580713,-2.1890478,-3.3817675
331891793,1,3,0.26345214,-1.8944604,-3.3410523
331891803,1,3,0.4155359,-1.6262183,-3.4093103
331891812,1,3,0.5221143,-1.4849122,-3.3135095
331891822,1,3,0.7256909,-1.2585827,-3.6164794
331891832,1,3,1.0693762,-1.2717553,-4.206852
331891842,1,3,0.8921448,-1.7088464,-4.372108
331891852,1,3,0.74365354,-1.9447559,-4.3840833
331891862,1,3,0.5867798,-2.445315,-4.834347
331891872,1,3,0.53049684,-2.711162,-4.8187795
331891881,1,3,0.49337402,-2.941084,-4.956493
331891891,1,3,0.9627979,-2.8548632,-5.4462743
331891901,1,3,1.6920813,-2.44292,-5.5732102
331891911,1,3,2.4788451,-2.2441332,-5.7193065
331891921,1,3,3.317102,-2.3087988,-6.422245
331891931,1,3,3.6559973,-2.166295,-6.5851064
331891941,1,3,3.9242394,-2.0657043,-6.7276096
331891951,1,3,4.660708,-2.6536818,-7.777826
331891960,1,3,6.3456044,-3.3206947,-7.0880604
331891970,1,3,9.110654,-3.2608192,-5.630691
331891980,1,3,11.585907,-2.6632617,-3.8284388
331891990,1,3,13.388159,-2.2381458,-4.1373963
331892000,1,3,13.942606,-2.4129822,-2.8081603
331892010,1,3,12.900773,-3.0488598,0.7424561
331892020,1,3,10.98835,-4.3002577,3.7050953
331892030,1,3,9.53577,-5.078639,6.561156
331892039,1,3,9.121432,-5.157675,10.163265
331892049,1,3,9.21364,-4.2834926,7.765851
331892059,1,3,8.498727,-1.5064673,5.725294
331892069,1,3,9.547746,0.70293826,6.483318
331892079,1,3,10.262659,-0.432301,6.603069
331892089,1,3,8.986114,-2.513573,8.035291
331892099,1,3,6.046227,-5.5803957,10.322535
331892109,1,3,4.1948767,-9.715397,11.352392
331892118,1,3,2.6129663,-13.122312,13.900693
331892128,1,3,1.8118323,-16.361576,13.680351
331892138,1,3,0.9855505,-17.909956,13.457615
331892148,1,3,2.1830604,-15.597565,13.0875845
331892158,1,3,3.849994,-11.922407,13.619279
331892168,1,3,4.115841,-10.424322,12.511582
331892178,1,3,3.0476623,-9.632769,12.7007885
331892188,1,3,1.4681469,-9.241183,12.826527
331892197,1,3,-0.0490979,-8.861572,12.466077
331892207,1,3,-1.0322534,-8.863967,12.24334
331892217,1,3,-1.5867004,-8.715476,11.639795
331892227,1,3,-1.4465919,-7.965835,10.540481
331892237,1,3,-0.95321774,-6.14083,9.086704
331892247,1,3,-0.2969824,-3.5458264,7.3934255
331892257,1,3,0.16405883,-0.43709105,5.6151233
331892267,1,3,-0.16645385,2.5686584,4.038003
331892276,1,3,-0.7544311,4.7541137,2.9231215
331892286,1,3,-1.7387842,5.9755735,1.7627344
331892296,1,3,-3.1183155,6.245013,2.102827
331892306,1,3,-4.135001,5.9001307,1.6705261
331892316,1,3,-5.090614,5.6666164,1.6465759
331892326,1,3,-5.469027,5.278623,2.1483326
331892336,1,3,-5.3552637,4.590055,2.6033862
331892346,1,3,-5.283413,3.8116736,3.2835717
331892355,1,3,-5.2139573,3.258424,3.9158568
331892365,1,3,-5.1684523,2.9865894,4.071533
331892375,1,3,-5.4702244,2.9099488,4.614005
331892385,1,3,-5.5289025,3.178191,5.0666637
331892395,1,3,-5.6163206,3.3805702,5.5312977
331892405,1,3,-5.637876,3.6332445,5.6558385
331892415,1,3,-5.7133193,3.8847218,5.835465
331892425,1,3,-5.8294773,4.0511756,5.701344
331892434,1,3,-6.2593837,4.064348,5.318141
331892444,1,3,-6.774313,3.7062926,5.0259485
331892454,1,3,-7.4952135,3.1805859,4.7469287
331892464,1,3,-8.158634,2.8536658,4.60682
331892474,1,3,-8.897497,2.647694,4.416416
331892484,1,3,-9.621991,2.4273522,4.4595265
331892494,1,3,-10.577603,2.3710694,3.9469922
331892504,1,3,-11.457773,1.9327807,3.6847374
331892513,1,3,-12.836107,0.6322852,4.0739284
331892523,1,3,-14.02763,-0.18920654,4.4966493
331892533,1,3,-15.245497,-1.2597803,6.2593837
331892543,1,3,-15.992743,-1.0562036,6.725215
331892553,1,3,-16.534018,-0.23830444,5.5935683
331892563,1,3,-18.929037,0.7879614,5.264253
331892573,1,3,-22.756279,0.76640624,4.2667274
331892583,1,3,-26.431435,0.013172608,3.3159046
331892592,1,3,-26.979895,-0.9017249,2.083667
331892602,1,3,-25.653053,-2.1722827,0.19279908
331892612,1,3,-23.948997,-1.9878662,-1.651366
331892622,1,3,-22.374273,-1.5112573,-3.6967127
331892632,1,3,-20.465443,-1.7208215,-4.1709266
331892642,1,3,-19.102676,-2.75068,-4.5625124
331892652,1,3,-18.318306,-3.4991236,-4.8870373
331892662,1,3,-18.67277,-3.9242394,-4.677473
331892672,1,3,-19.272722,-3.9613624,-2.7291248
331892681,1,3,-20.104992,-3.3302746,-0.20836669
331892691,1,3,-20.971989,-2.2776635,1.4286292
331892701,1,3,-20.698956,-1.22146,2.2752686
331892711,1,3,-20.679796,-0.9172925,3.9805224
331892721,1,3,-21.054617,-1.5483801,4.667893
331892731,1,3,-20.10619,-2.0453467,4.4080334
331892741,1,3,-18.463205,-2.3327491,4.1565566
331892751,1,3,-16.714842,-2.5279431,3.920647
331892760,1,3,-15.102993,-2.8045678,3.9601648
331892770,1,3,-14.541361,-3.1542406,3.7829332
331892780,1,3,-14.146183,-3.434458,3.5170863
331892790,1,3,-13.789325,-3.9972875,3.6847374
331892800,1,3,-13.428875,-4.670288,4.0104604
331892810,1,3,-13.533058,-5.812712,4.8918276
331892820,1,3,-14.086308,-7.1898484,6.3204565
331892839,1,3,-14.400055,-8.57417,5.8965383
331892849,1,3,-14.568904,-9.610016,4.24637
331892859,1,3,-14.36413,-10.381212,1.7567468
331892869,1,3,-14.07074,-11.551179,-0.49816406
331892879,1,3,-14.353352,-13.032498,-1.9196081
331892889,1,3,-13.885126,-13.662389,-4.813989
331892899,1,3,-13.392949,-14.564114,-6.74677
331892909,1,3,-11.445798,-15.246695,-8.648416
331892918,1,3,-10.773995,-16.448994,-17.592615
331892928,1,3,-6.7838926,-18.09078,-23.296354
331892938,1,3,-1.4621594,-18.560204,-26.019493
331892948,1,3,3.0416749,-17.990189,-27.418184
331892958,1,3,4.381688,-15.70534,-26.24223
331892968,1,3,5.133724,-14.138998,-26.397905
331892978,1,3,7.1191955,-17.357904,-23.686743
331892988,1,3,10.884167,-24.139402,-11.682905
331892997,1,3,15.875387,-26.890081,-0.8454419
331893007,1,3,8.783734,-22.407803,-0.15447876
331893017,1,3,-2.5339308,-16.396303,-4.813989
331893027,1,3,-22.39942,-10.402767,-13.642032
331893037,1,3,-30.990355,-3.935017,-20.92289
331893047,1,3,-3.4823585,-4.120631,-8.283175
331893057,1,3,1.7339941,-5.932463,-7.721543
331893067,1,3,-1.3364209,-5.037924,-8.703501
331893076,1,3,-9.074729,-6.199508,-11.03146
331893086,1,3,-10.090218,-6.4354177,-10.660232
331893096,1,3,-6.709647,-5.9911413,-9.612411
331893106,1,3,-5.0654664,-4.477489,-9.114246
331893116,1,3,-4.3026524,-3.2153137,-9.004076
331893126,1,3,-4.167334,-2.9470716,-8.6208725
331893136,1,3,-4.4259963,-3.478766,-8.349038
331893145,1,3,-4.360133,-4.4583287,-9.263935
331893155,1,3,-4.517007,-5.3504734,-9.352551
331893165,1,3,-4.3397756,-5.8570204,-9.689052
331893178,1,3,-3.8883142,-6.0103016,-10.144105
331893188,1,3,-4.035608,-6.1983104,-10.888956
331893198,1,3,-3.7027001,-6.062992,-11.44939
331893208,1,3,-3.549419,-5.2043777,-11.97869
331893218,1,3,-3.558999,-4.502637,-12.054133
331893227,1,3,-3.6200721,-3.9733374,-11.432626
331893237,1,3,-3.065625,-3.4021254,-10.356065
331893247,1,3,-2.2345533,-2.4249573,-9.78126
331893257,1,3,-1.4932947,-1.1460168,-8.711884
331893267,1,3,-0.8466394,0.041912843,-7.373068
331893277,1,3,0.26584718,1.3831238,-5.6714063
331893287,1,3,1.5196398,2.877616,-4.237987
331893297,1,3,3.5254688,4.064348,-3.9577699
331893306,1,3,5.4331017,4.3002577,-3.4200878
331893316,1,3,7.5754466,4.287085,-2.1052222
331893326,1,3,10.865006,5.603148,-0.9196875
331893336,1,3,13.101954,6.9611244,0.74125856
331893346,1,3,12.50799,7.5754466,1.3699511
331893356,1,3,10.194401,7.387438,2.7207422
331893366,1,3,8.077204,7.117998,2.4812403
331893376,1,3,7.5514965,7.5910144,4.7457314
331893385,1,3,7.237749,9.111852,5.1456995
331893395,1,3,7.042555,11.431428,4.2296047
331893405,1,3,7.6640625,14.228811,4.6762757
331893415,1,3,8.325088,14.324612,4.8582973
331893425,1,3,8.125104,11.766731,3.8583765
331893435,1,3,7.0892577,10.145303,3.5721717
331893445,1,3,5.6390734,9.619596,2.9638367
331893455,1,3,5.4247193,8.705896,1.902843
331893464,1,3,4.58287,6.849756,1.8022522
331893474,1,3,2.8979735,4.172124,5.4558544
331893484,1,3,1.595083,0.75083864,10.899734
331893494,1,3,0.81789917,-2.2393432,14.063555
331893504,1,3,-1.0118958,-4.325405,15.746056
331893514,1,3,-3.730243,-4.6906457,18.5135
331893524,1,3,-5.0283437,-3.1422656,17.0717
331893533,1,3,-5.285808,0.7089258,13.24326
331893543,1,3,-6.035449,4.975653,11.785892
331893553,1,3,-6.13604,7.625742,8.668774
331893563,1,3,-7.442523,8.875942,7.946675
331893573,1,3,-9.847123,7.2161937,7.66047
331893583,1,3,-11.836186,3.8236487,7.0150123
331893593,1,3,-12.285253,1.7304016,7.458091
331893603,1,3,-10.671009,1.1280541,8.63165
331893612,1,3,-8.435259,1.6669335,9.138197
331893622,1,3,-6.6485744,2.3171813,9.53098
331893632,1,3,-5.795947,1.9543359,10.661429
331893642,1,3,-5.926476,1.2537928,10.751243
331893652,1,3,-6.483318,1.043031,9.873468
331893662,1,3,-7.162306,1.4394068,8.768167
331893672,1,3,-7.5203614,2.3602917,7.4006104
331893682,1,3,-7.36708,3.3817675,6.15041
331893691,1,3,-7.037765,4.2200246,4.990023
331893701,1,3,-6.3767395,4.3457627,4.331393
331893711,1,3,-5.7827744,4.045188,3.8954992
331893721,1,3,-5.3456836,3.5829492,3.5841467
331893731,1,3,-5.071454,3.1326857,3.490741
331893741,1,3,-4.821174,2.574646,3.3997302
331893751,1,3,-4.6152024,1.9806812,3.612887
331893761,1,3,-4.5301795,1.5531702,4.038003
331893770,1,3,-4.355343,1.4525794,4.3062453
331893780,1,3,-4.1373963,1.3747412,4.5684996
331893790,1,3,-3.747008,1.2921131,4.966073
331893800,1,3,-3.7589831,1.3088782,5.1792297
331893810,1,3,-3.8200562,1.228645,5.2917957
331893820,1,3,-3.930227,1.1951147,5.205575
331893830,1,3,-4.142186,1.0885364,4.8080015
331893840,1,3,-4.55892,0.90052736,4.491859
331893849,1,3,-4.89542,0.84065187,4.3948607
331893859,1,3,-5.373226,0.7592212,4.261937
331893869,1,3,-6.0270667,0.552052,4.3134303
331893879,1,3,-6.7898803,1.219065,3.5961218
331893889,1,3,-7.4329433,2.3531067,2.8919861
331893899,1,3,-8.175399,3.3206947,2.623744
331893909,1,3,-9.200467,3.7709582,3.065625
331893919,1,3,-10.874586,2.9770093,4.8822474
331893928,1,3,-12.809762,0.85023195,7.276069
331893938,1,3,-14.880257,-0.14968872,9.214838
331893948,1,3,-16.887283,-0.90531737,9.624386
331893958,1,3,-19.124231,-0.8490344,8.995693
331893968,1,3,-21.33244,0.26345214,7.691605
331893978,1,3,-23.595732,1.3160633,7.4856334
331893988,1,3,-24.839945,1.4669495,7.0186048
331893998,1,3,-24.126228,0.6586304,5.698949
331894007,1,3,-21.993464,0.025147704,4.0272255
331894017,1,3,-21.351599,-1.2909155,4.748126
331894027,1,3,-21.036654,-1.9363732,6.0414367
331894037,1,3,-21.059406,-1.84656,6.5695386
331894047,1,3,-21.029469,-0.17004639,5.621111
331894057,1,3,-20.768412,2.0609143,3.509901
331894067,1,3,-20.566032,3.051255,1.7112415
331894077,1,3,-19.87986,3.0871801,1.0190808
331894086,1,3,-19.209253,3.4440382,0.80113405
331894096,1,3,-18.887123,3.0931678,0.3676355
331894106,1,3,-17.8405,2.8560607,0.38559815
331894116,1,3,-17.305214,2.1363573,1.8681152
331894126,1,3,-17.531544,0.74485105,3.9781275
331894136,1,3,-17.76865,-0.068258055,5.4977674
331894146,1,3,-17.963844,0.08861572,6.12646
331894156,1,3,-18.448835,0.26704466,6.187533
331894165,1,3,-18.712288,0.069455564,6.5012803
331894175,1,3,-17.99498,-0.23590942,6.7575474
331894185,1,3,-16.937578,-0.69216067,6.971902
331894195,1,3,-15.825091,-0.9412427,7.5179663
331894205,1,3,-15.209572,-0.9448352,7.721543
331894215,1,3,-14.8886385,-0.9831555,7.3634877
331894225,1,3,-14.859899,-1.5112573,6.891669
331894235,1,3,-14.954502,-2.1076171,6.148015
331894244,1,3,-14.756913,-2.7195446,5.7684045
331894254,1,3,-15.097006,-3.7003052,5.070256
331894264,1,3,-15.28741,-4.9840355,4.340973
331894274,1,3,-14.463523,-5.716912,3.9481897
331894284,1,3,-13.824053,-6.6473765,2.8859985
331894294,1,3,-12.927118,-7.611372,2.7363098
331894304,1,3,-11.528426,-8.764574,3.530259
331894314,1,3,-10.14171,-9.580078,3.578159
331894323,1,3,-8.855585,-9.562116,3.6703675
331894333,1,3,-8.095166,-9.45434,3.5362463
331894343,1,3,-7.6856174,-9.475895,3.473976
331894353,1,3,-7.6233473,-9.341774,3.7577856
331894363,1,3,-7.6808276,-8.909472,4.198469
331894373,1,3,-7.764653,-8.2712,4.2200246
331894383,1,3,-7.683223,-7.806566,4.133804
331894393,1,3,-7.3922276,-7.6077795,3.514691
331894402,1,3,-7.1431456,-7.5658665,2.6764343
331894412,1,3,-6.8162255,-7.5538917,2.1758752
331894422,1,3,-6.5455885,-7.4856334,1.3855188
331894432,1,3,-6.0905347,-7.620952,0.7268884
331894442,1,3,-5.54926,-7.7586656,-0.028740235
331894452,1,3,-4.973258,-7.732321,-0.554447
331894462,1,3,-4.460724,-7.521559,-1.0669812
331894472,1,3,-3.9589672,-7.1144056,-1.595083
331894481,1,3,-3.5194812,-6.739585,-1.6896863
331894491,1,3,-3.197351,-6.3719497,-1.8764977
331894501,1,3,-2.9279113,-5.9528213,-1.719624
331894523,1,3,-2.9422815,-5.81391,-1.3998889
331894533,1,3,-3.3206947,-6.0977197,-1.6238233
331894543,1,3,-3.859574,-6.5671434,-0.8143066
331894553,1,3,-4.4954515,-7.2808595,-0.2562671
331894563,1,3,-5.3217335,-7.7790236,0.17483643
331894572,1,3,-6.070177,-7.7694435,0.25027955
331894582,1,3,-6.605464,-7.413783,-0.7220984
331894592,1,3,-6.695277,-6.500083,-2.015409
331894602,1,3,-5.8402553,-5.637876,-3.3302746
331894612,1,3,-4.566105,-5.2343154,-4.455934
331894622,1,3,-3.4069152,-5.054689,-4.26074
331894632,1,3,-2.6141639,-4.996011,-3.9433997
331894642,1,3,-1.3759388,-4.7325587,-3.5889368
331894651,1,3,-1.0322534,-4.684658,-3.2847693
331894661,1,3,0.029937744,-3.822451,-1.8741028
331894671,1,3,1.0370435,-2.9123437,-1.4286292
331894681,1,3,2.1698878,-1.8166223,-0.9807605
331894691,1,3,3.5182836,-0.8562195,0.25985962
331894701,1,3,4.9433203,-0.24788453,1.353186
331894711,1,3,7.5179663,-0.07304809,-1.895658
331894721,1,3,10.448273,0.50774413,-0.5999524
331894730,1,3,12.227772,0.3221301,0.183219
331894740,1,3,13.804893,-0.04670288,0.5053491
331894750,1,3,14.683865,-0.34727782,1.7339941
331894760,1,3,14.958095,-0.4921765,3.3302746
331894770,1,3,14.368919,0.37601808,5.407954
331894780,1,3,13.8013,1.1124866,5.8103175
331894790,1,3,15.082636,1.4501843,5.5803957
331894800,1,3,17.409397,1.5232325,6.5946865
331894809,1,3,18.306332,1.0226734,6.5922914
331894819,1,3,18.541044,0.1963916,7.252119
331894829,1,3,17.738712,-0.068258055,7.6808276
331894839,1,3,15.135326,-1.045426,6.3982944
331894849,1,3,12.852872,-2.3734643,4.758904
331894859,1,3,11.441009,-4.357738,4.7038183
331894869,1,3,9.920171,-6.646179,6.5204406
331894879,1,3,8.004155,-7.884404,9.83874
331894888,1,3,5.1624646,-8.419691,13.677957
331894898,1,3,1.8405725,-9.0076685,14.420413
331894908,1,3,0.2802173,-7.850874,14.079123
331894918,1,3,0.42032593,-4.3948607,13.380974
331894928,1,3,1.2346326,-0.9903406,11.784694
331894938,1,3,1.6310083,1.7543519,9.377699
331894948,1,3,1.0717713,3.514691,7.4341407
331894958,1,3,-0.58079225,4.059558,6.046227
331894967,1,3,-2.8249254,3.942202,4.968468
331894977,1,3,-5.3337083,3.314707,4.766089
331894987,1,3,-7.4736586,2.081272,4.7133985
331894997,1,3,-7.5814342,1.1915222,4.188889
331895007,1,3,-8.516689,0.6861731,5.0678616
331895017,1,3,-8.873548,0.7220984,4.3301954
331895027,1,3,-8.970546,1.0166858,4.1829014
331895037,1,3,-9.388476,1.3783337,4.463119
331895046,1,3,-9.462722,1.047821,5.151687
331895056,1,3,-8.938213,-0.98674804,5.484595
331895066,1,3,-8.491542,-2.7937903,5.9695864
331895076,1,3,-8.538244,-3.5182836,6.9970493
331895086,1,3,-8.05924,-3.5386415,7.2928343
331895096,1,3,-7.191046,-2.4956102,6.9539394
331895106,1,3,-6.534811,-0.88855225,5.9216857
331895116,1,3,-6.5910935,0.21555176,4.5613146
331895125,1,3,-6.709647,0.7197034,2.943479
331895135,1,3,-8.389753,0.50894165,3.3566198
331895145,1,3,-10.160871,-0.5760022,3.3877552
331895155,1,3,-11.388318,-2.0537293,3.8404138
331895165,1,3,-12.254117,-3.1578333,4.390071
331895175,1,3,-12.498409,-3.7685633,5.076244
331895185,1,3,-12.409794,-3.5685792,5.612728
331895195,1,3,-12.415781,-3.1997461,5.7684045
331895204,1,3,-12.9678335,-2.9291089,5.5468655
331895214,1,3,-14.464721,-2.906356,5.6019506
331895224,1,3,-16.276552,-2.899171,5.606741
331895234,1,3,-18.253641,-2.2728736,4.5780797
331895244,1,3,-19.452349,-0.97237796,2.6536818
331895254,1,3,-20.339703,-0.017962646,0.42751098
331895264,1,3,-21.259392,0.5676196,-1.1100916
331895274,1,3,-21.09174,0.20118164,-1.3795313
331895283,1,3,-20.597168,-1.1100916,0.086220704
331895293,1,3,-19.774479,-2.3087988,2.8572583
331895303,1,3,-18.895506,-2.2489233,5.351671
331895313,1,3,-17.973425,-1.0059083,6.9455566
331895323,1,3,-17.266893,0.46223876,7.3850427
331895333,1,3,-17.084871,2.217788,8.049661
331895343,1,3,-17.847685,4.3230104,8.380174
331895353,1,3,-18.366207,6.7946706,7.6472974
331895362,1,3,-19.149378,8.993299,7.8101587
331895372,1,3,-20.108583,9.696237,8.805289
331895382,1,3,-21.031864,9.995614,9.883048
331895392,1,3,-21.49051,10.653047,9.538165
331895402,1,3,-22.191053,12.415781,8.630453
331895412,1,3,-22.561085,15.507751,7.211404
331895422,1,3,-22.641317,17.993782,5.0570836
331895432,1,3,-23.733446,17.676441,5.237908
331895441,1,3,-25.89136,13.971347,7.946675
331895451,1,3,-28.558212,8.921448,11.354788
331895461,1,3,-30.529314,4.24637,14.17133
331895471,1,3,-31.221474,2.1746778,12.244537
331895481,1,3,-30.64188,1.7639319,9.433982
331895491,1,3,-29.00249,1.2609777,6.868916
331895501,1,3,-28.072023,0.18561402,5.9911413
331895511,1,3,-27.449318,0.82867676,4.467909
331895520,1,3,-26.33803,2.9099488,2.6740394
331895530,1,3,-25.158484,3.4057178,1.9351758
331895540,1,3,-24.85671,2.2812562,0.2969824
331895550,1,3,-24.811205,0.6981482,-0.67898804
331895560,1,3,-24.554937,-1.5004797,-1.890868
331895570,1,3,-24.650738,-3.4093103,-2.5411158
331895580,1,3,-24.15976,-5.2319202,-3.7278478
331895590,1,3,-23.956182,-6.0977197,-5.5696177
331895599,1,3,-23.51071,-7.219786,-6.4066772
331895609,1,3,-22.459295,-10.032737,-7.0078273
331895619,1,3,-21.342018,-12.922328,-7.1024303
331895629,1,3,-19.46193,-14.785653,-7.984995
331895639,1,3,-17.731527,-15.753241,-8.0580435
331895649,1,3,-17.25492,-16.603474,-7.716753
331895659,1,3,-17.445322,-17.218992,-6.4186525
331895668,1,3,-17.660873,-16.416662,-6.2617784
331895678,1,3,-17.24893,-14.450351,-7.4401283
331895688,1,3,-16.767532,-13.634846,-8.873548
331895698,1,3,-16.514856,-14.010864,-9.857901
331895708,1,3,-16.632214,-14.744938,-11.191926
331895718,1,3,-16.913628,-15.608342,-12.060121
331895728,1,3,-17.905167,-15.815512,-12.378658
331895738,1,3,-19.012863,-14.537768,-12.519964
331895747,1,3,-18.641634,-11.674522,-12.305611
331895768,1,3,-17.227375,-8.273595,-11.41586
331895778,1,3,-15.695761,-6.295309,-11.048225
331895788,1,3,-13.723462,-5.5169277,-11.284135
331895798,1,3,-11.618239,-4.956493,-11.426639
331895808,1,3,-9.869876,-4.693041,-12.188254
331895817,1,3,-8.418493,-4.679868,-13.324691
331895827,1,3,-7.5371265,-4.7864466,-13.788128
331895837,1,3,-7.0736904,-4.6355605,-14.07074
331895847,1,3,-6.6569567,-4.064348,-14.131813
331895857,1,3,-6.094127,-2.9698243,-13.535453
331895867,1,3,-5.309758,-1.1100916,-12.031381
331895877,1,3,-4.291875,1.4418018,-10.807526
331895887,1,3,-3.1686108,5.116959,-9.020841
331895896,1,3,-2.222578,11.803854,-6.692882
331895906,1,3,-0.8430469,20.11457,-4.2104445
331895916,1,3,2.6608667,18.727856,-6.1348424
331895926,1,3,3.4129028,14.087505,-9.224418
331895936,1,3,3.5482213,11.407478,-12.027788
331895946,1,3,3.1865735,8.281978,-10.558444
331895956,1,3,5.4738173,7.594607,-8.937016
331895966,1,3,9.9081955,9.067544,-10.729688
331895975,1,3,16.08615,12.094849,-12.769047
331895985,1,3,19.174526,15.007193,-10.867401
331895995,1,3,17.800983,14.531781,-11.009905
331896005,1,3,12.91634,11.05062,-9.883048
331896015,1,3,10.20398,7.628137,-7.317982
331896025,1,3,9.596844,5.2247353,-3.4679883
331896035,1,3,11.150013,3.6009119,-1.472937
331896045,1,3,15.068265,1.3543836,0.13292359
331896054,1,3,18.466799,-2.327959,1.0466236
331896064,1,3,20.582798,-5.7312818,3.2715967
331896074,1,3,19.914587,-7.9502673,5.1456995
331896084,1,3,16.714842,-8.989706,8.28557
331896094,1,3,13.389357,-8.584948,10.006392
331896104,1,3,12.22897,-7.804171,9.012459
331896114,1,3,13.8492,-6.0031166,8.781339
331896124,1,3,14.941329,-4.5122166,8.277187
331896133,1,3,14.3114395,-4.749324,6.646179
331896143,1,3,12.102034,-5.367239,6.514453
331896153,1,3,10.195599,-5.2415004,5.8498354
331896163,1,3,9.188493,-4.9600854,5.9959316
331896173,1,3,9.163344,-3.681145,3.1398706
331896183,1,3,6.2989016,-4.414021,5.4043617
331896193,1,3,3.6164794,-0.6825806,9.237591
331896203,1,3,6.7755103,-0.21435425,6.2306433
331896212,1,3,6.302494,-2.0166063,5.2882032
331896222,1,3,4.6032276,-5.2822156,7.125183
331896232,1,3,3.321892,-10.712922,6.9922595
331896242,1,3,2.955454,-13.673166,7.0401597
331896252,1,3,4.8307543,-14.053974,8.25204
331896262,1,3,5.967191,-13.809683,7.714358
331896272,1,3,5.724097,-11.864926,5.52531
331896282,1,3,5.2187476,-8.25683,4.1146436
331896291,1,3,4.6978307,-6.072572,2.386637
331896301,1,3,3.6404297,-5.3265233,2.2752686
331896311,1,3,2.8967762,-5.095404,2.4728577
331896321,1,3,2.689607,-4.707411,2.318379
331896331,1,3,2.5123756,-4.4319835,2.6680517
331896341,1,3,1.714834,-5.4630394,3.8140686
331896351,1,3,1.2202624,-7.5107813,4.9385304
331896361,1,3,1.0442286,-8.777746,5.80433
331896370,1,3,1.2513977,-8.8879175,5.454657
331896380,1,3,1.2058923,-9.212442,4.7349534
331896390,1,3,0.9831555,-10.38241,3.8080812
331896400,1,3,0.77957886,-11.451786,4.132606
331896410,1,3,0.85023195,-12.705579,4.8259645
331896420,1,3,1.3400134,-15.530504,4.02962
331896430,1,3,2.0261865,-17.21061,4.3397756
331896439,1,3,3.002157,-17.331558,4.2643323
331896449,1,3,3.1734009,-16.634607,3.2500415
331896459,1,3,2.3040087,-15.056291,2.7842102
331896469,1,3,1.6621436,-13.370196,1.6621436
331896479,1,3,1.531615,-11.70925,0.05628296
331896495,1,3,0.92567503,-10.825488,-1.0394385
331896505,1,3,0.39996827,-10.322535,-1.3939013
331896515,1,3,-0.5233118,-11.341615,-1.0909314
331896525,1,3,-0.9077124,-12.685221,-0.25387207
331896535,1,3,-0.14370117,-13.155842,-0.34727782
331896545,1,3,0.6370752,-12.222982,-2.3195765
331896555,1,3,0.5939648,-12.122392,-1.9363732
331896565,1,3,0.29099488,-13.328283,-1.5100598
331896574,1,3,0.9029224,-13.020524,-2.14953
331896584,1,3,1.4346167,-11.572735,-3.690725
331896594,1,3,1.341211,-10.067465,-4.277505
331896604,1,3,0.79993653,-9.296268,-4.0583606
331896614,1,3,0.6514453,-8.547825,-4.381688
331896624,1,3,0.63587767,-7.6796303,-3.7146752
331896634,1,3,0.37003052,-7.3119946,-2.9231215
331896644,1,3,0.37601808,-6.702462,-2.459685
331896653,1,3,0.39517823,-6.2593837,-2.0405567
331896663,1,3,0.064665526,-5.9911413,-1.2298425
331896673,1,3,-0.33650026,-5.7528367,-0.613125
331896683,1,3,-0.91609496,-5.070256,0.0071850587
331896693,1,3,-1.3304334,-4.31822,0.0
331896703,1,3,-1.7747095,-3.615282,-0.3293152
331896713,1,3,-2.015409,-2.9147387,-0.803529
331896723,1,3,-2.347119,-2.591411,-1.7459693
331896732,1,3,-2.217788,-2.6093738,-3.5649865
331896742,1,3,-2.5375233,-2.7854078,-4.973258
331896752,1,3,-3.1722033,-2.8812084,-6.1120896
331896762,1,3,-3.9661524,-3.3422499,-6.516848
331896772,1,3,-6.0498195,-4.813989,-5.7540345
331896782,1,3,-8.496332,-6.533613,-5.718109
331896792,1,3,-9.57888,-6.7479677,-6.898854
331896802,1,3,-9.920171,-5.8103175,-7.306007
331896811,1,3,-10.229129,-4.4595265,-9.103469
331896821,1,3,-11.128458,-3.7745507,-10.524914
331896831,1,3,-11.56076,-4.7205834,-11.551179
331896841,1,3,-11.692486,-6.4665527,-12.189452
331896851,1,3,-11.869717,-8.022118,-12.695998
331896861,1,3,-12.097243,-9.071136,-13.391751
331896871,1,3,-12.678036,-10.418335,-13.216915
331896881,1,3,-13.068424,-11.551179,-14.307847
331896890,1,3,-12.942685,-12.5511,-15.512542
331896900,1,3,-12.242143,-14.258749,-15.859819
331896910,1,3,-11.2446165,-16.049026,-16.311281
331896920,1,3,-9.942924,-16.930393,-15.470629
331896930,1,3,-8.6077,-17.268091,-14.2132435
331896940,1,3,-6.5946865,-17.139957,-12.897181
331896950,1,3,-4.4691067,-16.33523,-12.94029
331896960,1,3,-2.494413,-13.693524,-11.71883
331896969,1,3,-0.920885,-15.016772,-8.462802
331896979,1,3,-0.3065625,-16.73041,-11.534414
331896989,1,3,0.9029224,-16.284935,-7.476053
331897004,1,3,1.0190808,-17.521963,-7.5287437
331897013,1,3,1.1520044,-17.42736,-6.915619
331897023,1,3,-0.5113367,-17.356707,-10.370435
331897033,1,3,-3.5530114,-17.554296,-15.761623
331897043,1,3,-6.267766,-17.45131,-20.010387
331897053,1,3,-9.116642,-17.27288,-24.085514
331897063,1,3,-11.693683,-16.785494,-27.634933
331897073,1,3,-14.052777,-14.798825,-32.010635
331897083,1,3,-17.292042,-12.769047,-36.039055
331897092,1,3,-20.483404,-11.504477,38.910686
331897102,1,3,-22.97662,-10.4075575,38.910686
331897112,1,3,-25.257875,-9.842333,38.910686
331897122,1,3,-27.656488,-8.994495,38.910686
331897132,1,3,-30.043125,-8.149054,38.910686
331897142,1,3,-33.048874,-7.811356,38.910686
331897152,1,3,-37.71078,-8.283175,38.910686
331897162,1,3,-38.849613,-9.433982,38.910686
331897171,1,3,-38.849613,-11.432626,38.910686
331897181,1,3,-38.849613,-14.39287,38.910686
331897191,1,3,-38.849613,-14.911391,38.910686
331897201,1,3,-38.849613,-13.081596,38.910686
331897211,1,3,-38.849613,-14.754518,38.910686
331897221,1,3,-38.849613,-17.001045,38.910686
331897231,1,3,-38.849613,-18.115929,38.910686
331897241,1,3,-38.849613,-20.94205,38.910686
331897250,1,3,-38.849613,-25.479416,-32.10284
331897260,1,3,-38.849613,-28.288773,-25.461452
331897270,1,3,-38.849613,-28.254045,-20.113375
331897280,1,3,-38.849613,-26.273365,-18.514698
331897290,1,3,-38.849613,-21.339624,-20.113375
331897300,1,3,-38.849613,-14.015655,-23.131098
331897310,1,3,-38.849613,-3.8811293,-25.526117
331897319,1,3,-38.849613,4.667893,-27.273285
331897329,1,3,-38.849613,10.000404,-22.812561
331897339,1,3,-38.849613,14.221626,-17.519567
331897349,1,3,-36.49411,16.720829,-8.756191
331897359,1,3,-38.495148,14.380895,2.0549269
331897369,1,3,-38.849613,17.016613,9.1693325
331897379,1,3,-36.327656,21.844973,13.519885
331897389,1,3,-33.538654,28.470795,20.22594
331897398,1,3,-31.065798,33.513508,18.42728
331897408,1,3,-25.078249,36.94078,4.987628
331897418,1,3,-15.717316,-39.16336,-5.3337083
331897428,1,3,-4.963678,-39.16336,-9.235195
331897438,1,3,6.382727,-39.16336,-5.093009
331897448,1,3,7.388635,30.411959,1.2070899
331897458,1,3,2.0489392,14.29707,2.687212
331897468,1,3,-2.2237756,4.87626,4.0511756
331897477,1,3,-3.2727942,0.2838098,5.660629
331897487,1,3,-3.4703834,-4.934938,3.5398388
331897497,1,3,-7.6329274,-10.539284,2.9350965
331897507,1,3,-11.730805,-16.927998,1.726809
331897517,1,3,-11.681707,-19.649939,0.92687255
331897527,1,3,-10.847043,-21.277353,1.3986914
331897537,1,3,-12.319981,-22.755081,0.9089099
331897547,1,3,-12.563075,-23.580164,-0.067060545
331897556,1,3,-9.613608,-21.858147,-0.32692015
331897566,1,3,-7.2904396,-19.506237,0.8705896
331897576,1,3,-6.3863196,-21.235441,3.549419
331897586,1,3,-6.5048733,-24.047194,5.6630235
331897596,1,3,-6.868916,-25.984764,5.918093
331897606,1,3,-6.779103,-27.13557,4.3840833
331897616,1,3,-6.1767554,-27.884014,3.854784
331897626,1,3,-5.125342,-29.312645,3.1841784
331897635,1,3,-3.98651,-30.532906,2.650089
331897645,1,3,-1.9998413,-31.46457,1.5890955
331897655,1,3,0.62989014,-30.803543,0.75562865
331897665,1,3,3.8332288,-29.606033,-0.5029541
331897675,1,3,6.876101,-28.53067,-1.4741346
331897685,1,3,9.789642,-27.373877,-1.585503
331897695,1,3,11.605067,-26.389523,-1.0154883
331897705,1,3,11.67093,-25.47702,0.16645385
331897714,1,3,10.661429,-23.915468,0.96519285
331897724,1,3,8.994495,-21.940773,1.22625
331897734,1,3,8.178991,-20.162472,0.77718383
331897750,1,3,8.054451,-18.719473,0.79993653
331897760,1,3,8.23767,-17.646503,1.1304492
331897770,1,3,8.225695,-16.557968,0.8981323
331897780,1,3,7.629335,-15.286212,0.3305127
331897790,1,3,7.4784484,-13.942606,-0.40236327
331897800,1,3,7.3575,-12.783417,-1.0382409
331897810,1,3,7.125183,-12.086466,-1.7543519
331897820,1,3,6.588699,-12.043356,-2.6668541
331897829,1,3,5.8175025,-12.017011,-2.6441016
331897839,1,3,4.9109874,-11.922407,-2.9446764
331897849,1,3,4.4511437,-11.34401,-3.1003528
331897859,1,3,4.5840673,-10.418335,-3.0596375
331897869,1,3,4.8523097,-9.460327,-2.8656409
331897879,1,3,4.998406,-8.570578,-2.8404932
331897889,1,3,4.712201,-7.9083543,-2.7123597
331897899,1,3,4.3218126,-7.36708,-2.572251
331897908,1,3,4.142186,-7.1850586,-2.4369323
331897918,1,3,4.0727305,-7.2018237,-2.4010072
331897928,1,3,4.160149,-6.9683094,-2.3854394
331897938,1,3,4.096681,-6.364764,-2.7446923
331897948,1,3,4.1661363,-5.564828,-2.9087512
331897958,1,3,4.191284,-4.9780483,-3.1817834
331897968,1,3,4.2200246,-4.6738806,-3.7122803
331897977,1,3,3.8954992,-4.4715014,-4.103866
331897987,1,3,3.4727783,-4.423601,-4.150569
331897997,1,3,2.9159362,-4.439169,-3.8212538
331898007,1,3,2.090852,-4.8283596,-3.307522
331898017,1,3,1.3771362,-5.3145485,-3.0967603
331898027,1,3,1.0023156,-5.725294,-3.0428724
331898037,1,3,0.5508545,-5.676196,-2.9099488
331898047,1,3,0.22872436,-5.271438,-3.2763867
331898056,1,3,0.07903565,-4.364923,-3.8966968
331898066,1,3,-0.28500733,-3.4703834,-4.4691067
331898076,1,3,-0.6753955,-2.8979735,-4.6403503
331898086,1,3,-1.3004956,-2.511178,-5.0666637
331898096,1,3,-1.9339783,-2.1950355,-5.0582814
331898106,1,3,-3.2955468,-2.0513341,-4.0415955
331898116,1,3,-4.658313,-2.7842102,-3.7841308
331898126,1,3,-6.3276415,-4.3397756,-5.004393
331898135,1,3,-9.286688,-6.2941113,-4.749324
331898145,1,3,-10.957214,-7.010222,-5.685776
331898155,1,3,-10.825488,-6.213878,-7.364685
331898165,1,3,-9.598041,-4.1829014,-9.53577
331898175,1,3,-8.083191,-2.6441016,-10.935659
331898185,1,3,-7.96823,-2.5051904,-12.790602
331898195,1,3,-8.683144,-3.598517,-15.30178
331898205,1,3,-11.193124,-5.773195,-16.050224
331898214,1,3,-13.252841,-8.244855,-15.095808
331898224,1,3,-14.911391,-13.074411,-14.683865
331898234,1,3,-14.760506,-16.276552,-13.385764
331898244,1,3,-13.233681,-15.580799,-13.778547
331898254,1,3,-9.062754,-12.543915,-16.254997
331898264,1,3,-7.176676,-9.922565,-18.933826
331898274,1,3,-6.060597,-8.155042,-19.877464
331898283,1,3,-4.9912205,-8.174202,-19.0907
331898293,1,3,-5.0175657,-10.438693,-16.65736
331898303,1,3,-6.4545774,-14.340179,-11.9691105
331898313,1,3,-7.369475,-18.337467,-12.981006
331898328,1,3,-8.696316,-24.521408,-4.184099
331898338,1,3,-10.305769,-33.937428,-7.989785
331898348,1,3,-11.327245,-38.978943,-8.02571
331898358,1,3,-6.277346,-35.266663,-10.484198
331898368,1,3,-1.1855347,-28.536657,-16.483723
331898378,1,3,1.6884887,-23.078407,-20.539688
331898387,1,3,2.0309765,-18.915865,-23.375391
331898397,1,3,0.8370593,-15.217954,-26.452991
331898407,1,3,-0.7867639,-12.197834,-29.892239
331898417,1,3,-2.43813,-9.635163,-33.131504
331898427,1,3,-4.3852806,-7.5910144,-34.98405
331898437,1,3,-6.763535,-6.5048733,-36.02828
331898447,1,3,-10.154882,-6.659352,-37.207825
331898457,1,3,-14.845529,-7.5179663,39.1921
331898466,1,3,-19.269129,-8.781339,38.910686
331898476,1,3,-22.715563,-9.630374,38.910686
331898486,1,3,-25.17405,-9.123827,38.910686
331898496,1,3,-28.745024,-8.55501,38.910686
331898506,1,3,-35.87859,-6.450985,38.910686
331898516,1,3,-38.849613,-2.74589,38.910686
331898526,1,3,-38.849613,0.123343505,38.910686
331898535,1,3,-38.849613,-0.67898804,38.910686
331898545,1,3,-38.849613,-1.3974938,38.910686
331898555,1,3,-38.849613,-0.80233157,38.910686
331898565,1,3,-38.849613,-4.6990285,38.910686
331898575,1,3,-38.849613,-11.624228,38.910686
331898585,1,3,-38.849613,-17.63812,-37.15873
331898595,1,3,-38.849613,-20.924088,-33.74343
331898605,1,3,-38.849613,-23.546635,-31.549593
331898614,1,3,-38.849613,-26.44341,-31.328053
331898624,1,3,-38.849613,-28.093578,-31.645393
331898634,1,3,-38.849613,-26.21349,-36.492912
331898644,1,3,-38.849613,-18.563797,-39.12384
331898654,1,3,-38.849613,-8.509504,38.910686
331898664,1,3,-38.849613,-1.3028907,-37.553905
331898674,1,3,-38.849613,3.0201197,-29.44437
331898684,1,3,-38.849613,7.38145,-24.61242
331898693,1,3,-38.849613,12.849279,-19.701431
331898703,1,3,-38.849613,15.96041,-13.658796
331898713,1,3,-38.849613,18.233284,-6.013894
331898723,1,3,-38.849613,22.138363,-0.27422974
331898733,1,3,-38.271214,24.98125,7.1527257
331898743,1,3,-37.28686,28.309132,15.61912
331898753,1,3,-31.411879,36.26898,13.803695
331898763,1,3,-24.621998,-39.16336,7.296427
331898772,1,3,-16.371157,-39.16336,1.6334033
331898782,1,3,-10.72849,-39.16336,-0.18561402
331898792,1,3,-1.9950513,-39.16336,2.530338
331898802,1,3,-0.7592212,31.51726,2.4872277
331898812,1,3,-3.8799317,19.684666,6.037844
331898822,1,3,-6.221063,9.148974,4.5205994
331898832,1,3,-8.270002,2.3004162,4.740941
331898842,1,3,-8.817265,-2.2980213,2.430945
331898851,1,3,-10.176438,-7.8568616,1.3519886
331898861,1,3,-11.258986,-14.894627,1.2058923
331898871,1,3,-11.845767,-22.755081,0.5724097
331898881,1,3,-11.346405,-25.471033,0.803529
331898891,1,3,-10.281818,-23.925047,-0.429906
331898901,1,3,-8.977731,-20.515738,-1.4956897
331898911,1,3,-7.401808,-19.01885,-2.0237916
331898921,1,3,-6.0785594,-20.095411,-0.9687854
331898930,1,3,-5.144502,-21.639002,1.3292358
331898940,1,3,-4.87626,-22.662872,4.360133
331898950,1,3,-4.60682,-23.285578,5.8270826
331898960,1,3,-3.5649865,-23.467598,6.643784
331898970,1,3,-2.6560767,-22.50959,6.5767236
331898980,1,3,-1.5699353,-20.950434,5.686974
331898990,1,3,-0.38679564,-20.760029,4.4499464
331899000,1,3,0.008382568,-22.192251,3.4476306
331899009,1,3,2.7087672,-23.082,2.4920177
331899019,1,3,4.839137,-24.924969,2.1615052
331899029,1,3,7.747888,-26.075775,2.3878345
331899039,1,3,11.011103,-25.568031,2.8440857
331899049,1,3,11.797866,-24.19808,2.0453467
331899059,1,3,11.458971,-21.667742,0.11256592
331899069,1,3,10.283016,-19.485878,-0.9340576
331899078,1,3,9.011261,-18.57697,-1.2585827
331899088,1,3,8.087981,-17.924326,-1.5495776
331899105,1,3,7.4808435,-17.264498,-1.2178674
331899115,1,3,7.225774,-16.32086,-1.0837463
331899125,1,3,6.251001,-15.889757,-1.3915063
331899135,1,3,5.9288707,-14.722185,-1.3244458
331899145,1,3,5.7935524,-13.747412,-1.7280066
331899155,1,3,5.494175,-12.949871,-1.9375708
331899165,1,3,4.8475194,-12.181069,-1.9579284
331899174,1,3,4.1122484,-11.490107,-1.8321899
331899184,1,3,3.4033227,-10.782378,-1.966311
331899194,1,3,2.7638526,-10.123748,-2.0022364
331899204,1,3,2.3686743,-10.106982,-1.3903089
331899214,1,3,2.2513185,-10.48779,-1.2717553
331899224,1,3,2.2896388,-10.479408,-1.526825
331899234,1,3,2.027384,-10.340497,-1.84177
331899244,1,3,1.2669654,-10.760822,-1.6034656
331899253,1,3,0.48379394,-11.679313,-0.81550413
331899263,1,3,-0.14609618,-12.662468,-0.59276736
331899273,1,3,-0.54606444,-12.804972,-0.6430628
331899283,1,3,-0.62989014,-12.323573,-0.7759863
331899293,1,3,0.068258055,-11.134446,-1.2442126
331899303,1,3,1.1484119,-9.570498,-2.1902454
331899313,1,3,2.13995,-8.117919,-3.0428724
331899323,1,3,2.4405248,-7.05932,-3.6847374
331899332,1,3,1.8094373,-6.4246397,-3.9481897
331899342,1,3,0.7197034,-5.9779687,-3.7613783
331899352,1,3,-0.17723145,-5.870193,-3.7278478
331899362,1,3,-1.096919,-5.7276893,-4.0272255
331899372,1,3,-2.4417224,-5.380411,-4.5349693
331899382,1,3,-2.6441016,-4.750521,-4.4834766
331899392,1,3,-3.9242394,-5.7205043,-5.083429
331899402,1,3,-5.6330857,-7.8879967,-5.1768346
331899411,1,3,-7.091653,-9.090297,-5.190007
331899421,1,3,-7.7179503,-8.377778,-6.1073
331899431,1,3,-7.6461,-6.182743,-6.819818
331899441,1,3,-7.2712793,-4.3421702,-7.298822
331899451,1,3,-7.6173596,-3.6260595,-7.212601
331899461,1,3,-8.29994,-3.1841784,-8.017328
331899471,1,3,-9.278306,-3.0452673,-9.466314
331899480,1,3,-10.42073,-3.5087037,-10.813513
331899490,1,3,-11.56076,-4.5122166,-12.141552
331899500,1,3,-12.52236,-5.879773,-13.19536
331899510,1,3,-13.239668,-8.068821,-14.202466
331899520,1,3,-13.906681,-9.928554,-13.585749
331899530,1,3,-13.562996,-10.888956,-13.353432
331899540,1,3,-12.103231,-10.890154,-13.4169
331899550,1,3,-10.047107,-10.219548,-13.828843
331899559,1,3,-8.50711,-9.633966,-13.6504135
331899569,1,3,-7.4712634,-9.396859,-12.583432
331899579,1,3,-6.8976564,-9.566906,-11.1955185
331899589,1,3,-6.1156826,-9.26154,-9.544153
331899599,1,3,-5.931266,-9.037606,-7.676038
331899609,1,3,-5.555248,-9.627978,-7.9155397
331899619,1,3,-5.0498986,-11.700868,-6.291716
331899629,1,3,-5.6881714,-15.7113285,-5.4750147
331899643,1,3,-5.7839723,-20.025955,-4.9852333
331899653,1,3,-5.4187317,-23.262825,-6.397097
331899663,1,3,-4.477489,-23.727459,-9.022038
331899673,1,3,-2.2932312,-22.278471,-13.616883
331899683,1,3,-0.53528684,-21.121677,-18.354233
331899693,1,3,0.124541014,-20.640278,-22.5048
331899702,1,3,-1.0202783,-18.863174,-24.272326
331899712,1,3,-2.43813,-16.772322,-26.699678
331899722,1,3,-4.4583287,-15.425123,-29.937744
331899732,1,3,-6.9623218,-14.594051,-32.14595
331899742,1,3,-9.036408,-13.380974,-34.5757
331899752,1,3,-11.4697485,-12.209809,-38.07482
331899762,1,3,-13.961766,-10.920092,38.910686
331899772,1,3,-17.505198,-8.879535,38.910686
331899781,1,3,-22.085672,-5.8498354,38.910686
331899791,1,3,-28.129505,-2.767445,38.910686
331899801,1,3,-36.140846,0.91849,38.910686
331899811,1,3,-38.849613,4.6990285,38.910686
331899821,1,3,-38.849613,5.628296,38.910686
331899831,1,3,-38.849613,3.0440698,38.910686
331899841,1,3,-38.849613,-1.3160633,38.910686
331899851,1,3,-38.849613,-2.4536974,38.910686
331899860,1,3,-38.849613,0.26584718,38.910686
331899870,1,3,-38.849613,0.9903406,38.910686
331899880,1,3,-38.849613,-3.1626234,38.910686
331899890,1,3,-38.849613,-9.687854,-33.527878
331899900,1,3,-38.849613,-14.555731,-28.201355
331899910,1,3,-38.849613,-16.79747,-24.526197
331899920,1,3,-38.849613,-19.869081,-23.720274
331899929,1,3,-38.849613,-23.435266,-23.558609
331899939,1,3,-38.849613,-25.633894,-25.538094
331899949,1,3,-38.849613,-27.160719,-29.262348
331899959,1,3,-38.849613,-26.16439,-32.174694
331899969,1,3,-38.849613,-21.530027,-32.947086
331899979,1,3,-38.849613,-14.668297,-29.658724
331899989,1,3,-38.849613,-10.402767,-24.916586
331899999,1,3,-38.849613,-8.065228,-19.026035
331900008,1,3,-38.849613,-4.87626,-15.870597
331900018,1,3,-38.849613,0.76281375,-17.288448
331900028,1,3,-38.849613,7.6317296,-15.0994005
331900038,1,3,-38.722675,11.049422,-10.333312
331900048,1,3,-37.610188,13.701907,-4.4738965
331900058,1,3,-36.217484,17.410595,-0.73048097
331900068,1,3,-34.513428,22.546715,2.1363573
331900078,1,3,-33.197365,28.664791,6.382727
331900087,1,3,-29.592861,34.32542,7.047345
331900097,1,3,-23.990911,-39.16336,3.925437
331900107,1,3,-16.187937,-39.16336,-3.2081287
331900117,1,3,-9.317823,-39.16336,-3.3506324
331900127,1,3,-4.4810815,-39.16336,0.18800904
331900137,1,3,-0.7867639,26.485323,11.023077
331900147,1,3,1.045426,10.967992,12.7498865
331900157,1,3,-1.5507752,2.262096,14.827566
331900166,1,3,-5.149292,0.14968872,13.109139
331900176,1,3,-7.277267,-0.49576905,8.612491
331900186,1,3,-8.188572,-2.692002,4.343368
331900196,1,3,-7.9083543,-6.8976564,1.9878662
331900206,1,3,-6.941964,-11.875705,1.2669654
331900216,1,3,-6.3994923,-15.568825,1.2490027
331900226,1,3,-5.9288707,-16.795074,2.1076171
331900236,1,3,-5.363646,-16.112494,1.8022522
331900245,1,3,-5.5923705,-15.271842,1.5519726
331900255,1,3,-6.149213,-15.919695,-0.35326537
331900265,1,3,-6.4497876,-16.24901,-1.3244458
331900275,1,3,-6.4797254,-17.706379,-1.5579602
331900285,1,3,-6.941964,-21.125269,-1.0466236
331900295,1,3,-7.394623,-24.180117,0.017962646
331900305,1,3,-7.795789,-25.290209,1.6956738
331900314,1,3,-8.31431,-24.374113,2.9099488
331900324,1,3,-8.077204,-22.628145,3.7733533
331900334,1,3,-6.8569407,-20.88936,4.5122166
331900344,1,3,-6.0031166,-20.169657,5.2630553
331900354,1,3,-5.0403185,-20.184027,5.555248
331900364,1,3,-4.1385937,-19.805614,5.300178
331900374,1,3,-2.814148,-18.245258,3.2236962
331900384,1,3,-1.658551,-16.992664,1.6717236
331900393,1,3,-0.2802173,-17.135168,-0.24908203
331900403,1,3,0.82867676,-18.118322,-1.8597326
331900413,1,3,1.4370117,-19.373314,-3.2356713
331900423,1,3,1.8226099,-20.907324,-4.164939
331900433,1,3,2.9602442,-22.92393,-4.8103967
331900450,1,3,4.0559654,-24.92377,-4.235592
331900460,1,3,5.19839,-25.062681,-3.9649549
331900470,1,3,6.0977197,-22.622156,-3.8715491
331900479,1,3,5.6270986,-19.733763,-5.652246
331900489,1,3,4.6499305,-17.147142,-7.147936
331900499,1,3,3.3949401,-17.402212,-7.9203296
331900509,1,3,2.5602758,-18.46081,-7.05453
331900519,1,3,1.3879138,-19.485878,-5.310956
331900529,1,3,0.5125342,-20.482206,-3.234474
331900539,1,3,0.7472461,-20.931273,-1.6310083
331900549,1,3,1.5687377,-20.386406,-0.5616321
331900558,1,3,2.3926246,-19.800823,-0.0035925293
331900568,1,3,3.060835,-19.166143,0.18561402
331900578,1,3,3.0356872,-18.339863,-0.4035608
331900588,1,3,2.5530908,-17.73991,-1.047821
331900598,1,3,1.9627185,-16.99985,-1.7998571
331900608,1,3,1.6621436,-16.168777,-2.6716442
331900618,1,3,1.6154407,-15.495776,-2.9865894
331900628,1,3,1.9926562,-14.432387,-2.743495
331900637,1,3,2.4704626,-13.104349,-2.5962012
331900647,1,3,2.7518775,-11.6948805,-2.76984
331900657,1,3,2.8392956,-10.346484,-2.5962012
331900667,1,3,2.4237597,-9.357342,-2.5315356
331900677,1,3,1.6992663,-8.630453,-2.6093738
331900687,1,3,1.0214758,-7.4461155,-2.830913
331900697,1,3,0.53289187,-6.291716,-3.37578
331900707,1,3,0.48020142,-4.956493,-3.979325
331900716,1,3,0.8825647,-3.3159046,-4.6990285
331900726,1,3,1.1029065,-1.658551,-5.0846267
331900736,1,3,1.228645,-0.43589357,-4.9277525
331900746,1,3,0.6825806,0.19279908,-4.4715014
331900756,1,3,-0.26704466,-0.18561402,-3.66917
331900766,1,3,-1.4717395,-1.3651612,-3.6416273
331900776,1,3,-2.6021888,-2.3099964,-3.7290454
331900786,1,3,-3.69312,-3.2009437,-4.629573
331900795,1,3,-4.8008165,-3.458408,-5.466632
331900805,1,3,-5.9348583,-3.2859669,-6.807843
331900815,1,3,-7.276069,-2.430945,-8.168214
331900825,1,3,-8.3957405,-1.4693445,-9.115444
331900835,1,3,-9.402846,-1.3639636,-9.546548
331900845,1,3,-9.80042,-2.4752526,-10.340497
331900855,1,3,-10.212363,-4.184099,-11.039843
331900865,1,3,-10.898537,-6.6078587,-11.522439
331900874,1,3,-11.90205,-8.892708,-11.963122
331900884,1,3,-12.959451,-10.335707,-12.636123
331900894,1,3,-13.0947695,-10.3440895,-13.604908
331900904,1,3,-11.3080845,-9.108259,-14.670692
331900914,1,3,-9.491463,-8.394544,-14.852714
331900924,1,3,-8.434061,-8.644823,-14.259946
331900934,1,3,-8.177794,-9.496252,-13.973742
331900943,1,3,-7.676038,-9.883048,-13.8492
331900953,1,3,-7.491621,-10.387199,-13.9809265
331900963,1,3,-7.0221972,-11.705658,-12.822934
331900973,1,3,-7.3706727,-14.697038,-11.293715
331900983,1,3,-7.484436,-18.03809,-9.085506
331900993,1,3,-6.8006577,-21.28933,-8.759784
331901003,1,3,-5.6019506,-23.413712,-10.844648
331901018,1,3,-4.0811133,-23.557411,-14.39766
331901028,1,3,-2.3495142,-21.381536,-17.298029
331901037,1,3,-0.8586145,-17.420174,-18.84162
331901047,1,3,-0.43709105,-13.737832,-19.631975
331901057,1,3,-2.687212,-11.848162,-21.453388
331901067,1,3,-5.7516394,-11.097323,-25.510551
331901077,1,3,-10.150093,-12.237352,-28.221712
331901087,1,3,-13.173805,-15.844252,-30.111383
331901097,1,3,-14.644347,-20.811522,-34.03682
331901107,1,3,-17.010626,-25.256678,38.910686
331901116,1,3,-21.512066,-24.364534,38.910686
331901126,1,3,-28.26123,-18.20095,38.910686
331901136,1,3,-38.849613,-6.821016,38.910686
331901146,1,3,-38.849613,4.8966174,38.910686
331901156,1,3,-38.849613,1.9375708,38.910686
331901166,1,3,-38.849613,-5.618716,38.910686
331901176,1,3,-38.849613,-10.649454,38.910686
331901186,1,3,-38.849613,-15.196399,38.910686
331901195,1,3,-38.849613,-18.772163,38.910686
331901205,1,3,-38.849613,-23.725063,38.910686
331901215,1,3,-38.849613,-28.408524,38.910686
331901225,1,3,-38.849613,-31.571148,38.910686
331901235,1,3,-38.849613,-33.59853,38.910686
331901245,1,3,-38.849613,-35.455868,38.910686
331901255,1,3,-38.849613,-34.11945,38.910686
331901264,1,3,-38.849613,-28.466005,38.910686
331901274,1,3,-38.849613,-22.0725,-38.743034
331901284,1,3,-38.849613,-14.9449215,-37.888012
331901294,1,3,-38.849613,-8.173004,-33.967365
331901304,1,3,-38.849613,-3.2823744,-27.764263
331901314,1,3,-38.849613,-1.8968555,-23.552622
331901324,1,3,-38.849613,2.3950195,-13.303136
331901334,1,3,-38.849613,7.635322,-9.920171
331901343,1,3,-38.849613,14.670692,-8.240065
331901353,1,3,-38.849613,20.506157,-4.702621
331901363,1,3,-35.078655,23.64962,-0.4754114
331901373,1,3,-30.184431,26.038652,3.05365
331901383,1,3,-25.90932,27.65529,5.9420433
331901393,1,3,-22.340742,28.024124,6.3551846
331901403,1,3,-18.578167,29.588072,4.815187
331901413,1,3,-15.118561,31.615456,2.2525158
331901422,1,3,-11.729609,33.628468,-0.9568103
331901432,1,3,-8.0436735,33.80929,-3.5350487
331901442,1,3,-6.046227,29.735365,-2.8907886
331901452,1,3,-6.2941113,22.09166,-0.4921765
331901462,1,3,-7.7227407,13.372592,1.108894
331901472,1,3,-9.655521,5.3875966,2.3291564
331901482,1,3,-11.225456,-0.6370752,4.5517344
331901492,1,3,-12.4337435,-5.47741,6.450985
331901501,1,3,-12.765454,-10.099797,8.01134
331901511,1,3,-11.879297,-12.418177,10.891352
331901521,1,3,-8.267608,-14.20007,10.942844
331901531,1,3,-6.9503465,-13.4648,11.600277
331901541,1,3,-7.745493,-10.286609,10.869796
331901551,1,3,-7.8592567,-8.502319,10.263856
331901561,1,3,-7.2652917,-9.613608,9.556128
331901571,1,3,-7.5922117,-12.036171,8.960965
331901580,1,3,-8.171806,-14.653927,7.804171
331901590,1,3,-8.760982,-16.478931,6.6797094
331901600,1,3,-8.87235,-17.30761,6.622229
331901610,1,3,-8.774154,-18.542242,7.765851
331901620,1,3,-8.429272,-20.900139,9.099876
331901630,1,3,-8.28078,-21.383932,8.59333
331901640,1,3,-8.102351,-18.445244,7.315587
331901649,1,3,-7.516769,-15.641872,5.2426977
331901659,1,3,-6.342012,-15.304174,3.070415
331901669,1,3,-5.100194,-15.754438,0.4287085
331901679,1,3,-4.6080174,-17.490828,0.25985962
331901689,1,3,-4.9229627,-22.828129,0.39877075
331901699,1,3,-5.0259485,-28.095974,1.0310559
331901709,1,3,-4.773274,-31.33883,-0.28859985
331901719,1,3,-4.4715014,-31.578333,-0.7604187
331901728,1,3,-3.1626234,-31.028675,-2.2920337
331901738,1,3,-0.53648436,-29.863499,-3.326682
331901748,1,3,1.475332,-28.89591,-2.1387525
331901765,1,3,3.1039453,-28.586952,-1.040636
331901775,1,3,4.2810974,-26.790688,-0.10777588
331901785,1,3,6.983877,-24.849525,0.6382727
331901795,1,3,10.399175,-24.113056,2.9470716
331901804,1,3,13.20973,-23.455624,5.0989966
331901814,1,3,13.325889,-22.128782,5.384004
331901824,1,3,10.120155,-21.051023,5.4821997
331901834,1,3,6.2545934,-20.416344,5.882168
331901844,1,3,4.181704,-19.714603,7.0485425
331901854,1,3,4.3517504,-18.48476,7.8161464
331901864,1,3,5.788762,-16.35918,7.619755
331901874,1,3,6.7276096,-14.350957,5.898933
331901883,1,3,6.661747,-12.112811,3.05365
331901893,1,3,5.812712,-9.727372,0.043110352
331901903,1,3,5.3875966,-6.937174,-2.3327491
331901913,1,3,3.735033,-5.090614,-1.8513501
331901923,1,3,3.2308815,-3.2871642,-1.8214123
331901933,1,3,2.8345056,-2.0213964,-1.2034973
331901943,1,3,2.2333558,-1.5795153,-0.86579955
331901953,1,3,1.2226574,-1.6130457,-0.20956421
331901962,1,3,0.27542725,-1.4669495,0.5652246
331901972,1,3,-0.429906,-1.5196398,1.0118958
331901982,1,3,-1.1939173,-1.9507434,1.1807446
331901992,1,3,-1.9722986,-2.7051744,0.5125342
331902002,1,3,-2.7913952,-3.5649865,-0.82747924
331902012,1,3,-3.9050794,-4.382886,-2.095642
331902022,1,3,-5.180427,-4.651128,-3.1231055
331902032,1,3,-6.2977037,-4.60682,-4.387676
331902041,1,3,-7.08327,-3.8679566,-5.606741
331902051,1,3,-8.133487,-2.6405091,-6.7946706
331902061,1,3,-9.746532,-1.419049,-7.773036
331902071,1,3,-10.903326,-1.22625,-8.832832
331902081,1,3,-10.593171,-2.1603076,-10.050699
331902091,1,3,-10.445878,-4.0044727,-11.668535
331902101,1,3,-10.284214,-5.886958,-13.577366
331902110,1,3,-10.657837,-7.3922276,-14.752123
331902120,1,3,-11.984677,-9.031619,-16.050224
331902130,1,3,-14.162948,-10.930869,-17.371077
331902140,1,3,-16.156801,-13.008549,-18.402132
331902150,1,3,-15.869399,-14.225219,-18.25843
331902160,1,3,-13.839621,-14.946119,-17.37946
331902170,1,3,-11.663745,-16.007113,-16.313675
331902180,1,3,-9.481882,-16.411871,-16.960331
331902189,1,3,-7.61257,-14.996415,-16.865728
331902199,1,3,-7.260502,-13.746215,-16.08974
331902209,1,3,-6.922804,-12.225377,-15.464642
331902219,1,3,-6.3994923,-10.735675,-14.839541
331902229,1,3,-6.3468018,-10.746452,-13.410912
331902239,1,3,-5.485792,-10.884167,-10.829081
331902249,1,3,-4.1194334,-11.565549,-7.359895
331902259,1,3,-3.885919,-14.986835,-0.54726195
331902268,1,3,-4.9385304,-22.350323,2.76026
331902278,1,3,-5.854625,-33.629665,1.905238
331902293,1,3,-6.6425867,-39.15857,-6.8952613
331902303,1,3,-1.113684,-39.121445,-15.185621
331902313,1,3,4.707411,-32.635735,-20.77919
331902322,1,3,6.6138463,-28.622879,-22.218596
331902332,1,3,4.452341,-28.47319,-24.661516
331902342,1,3,-0.0023950196,-30.068274,-28.329489
331902352,1,3,-3.109933,-30.524525,-32.605797
331902362,1,3,-5.811515,-27.406208,-37.659286
331902372,1,3,-9.595646,-24.031626,38.910686
331902382,1,3,-16.5424,-23.405329,38.910686
331902392,1,3,-25.38601,-24.686665,38.910686
331902401,1,3,-32.155533,-24.83276,38.910686
331902411,1,3,-35.47383,-22.333557,38.910686
331902421,1,3,-38.51431,-18.685942,38.910686
331902431,1,3,-38.849613,-17.511185,38.910686
331902441,1,3,-38.849613,-18.308727,38.910686
331902451,1,3,-38.849613,-19.843935,38.910686
331902461,1,3,-38.849613,-20.212767,38.910686
331902471,1,3,-38.849613,-19.816391,38.910686
331902480,1,3,-38.849613,-19.44756,38.910686
331902490,1,3,-38.849613,-20.600761,38.910686
331902500,1,3,-38.849613,-22.917942,38.910686
331902510,1,3,-38.849613,-24.40405,38.910686
331902520,1,3,-38.849613,-24.772884,38.910686
331902530,1,3,-38.849613,-23.946602,38.910686
331902540,1,3,-38.849613,-25.134533,38.910686
331902550,1,3,-38.849613,-28.113937,38.910686
331902559,1,3,-38.849613,-28.038494,38.910686
331902569,1,3,-38.849613,-26.22187,38.910686
331902579,1,3,-38.849613,-23.386168,38.910686
331902589,1,3,-38.849613,-16.318466,38.910686
331902599,1,3,-38.849613,-7.5850267,38.910686
331902609,1,3,-38.849613,3.359015,38.910686
331902619,1,3,-38.849613,10.230326,38.910686
331902629,1,3,-38.849613,15.680193,-32.6525
331902638,1,3,-38.849613,19.688257,-24.901018
331902648,1,3,-38.849613,21.999453,-13.105547
331902658,1,3,-38.523888,23.347847,-2.3782544
331902668,1,3,-35.651062,25.812323,4.3421702
331902678,1,3,-32.484848,28.966564,11.03625
331902688,1,3,-28.33907,31.653776,15.93646
331902698,1,3,-25.663832,33.82366,16.536413
331902708,1,3,-19.079924,35.690582,5.548063
331902717,1,3,-11.893667,38.559814,-11.754756
331902727,1,3,-6.1983104,-39.16336,-15.293397
331902737,1,3,-4.7517185,-39.16336,-12.573853
331902747,1,3,-7.32397,31.154413,-4.212839
331902757,1,3,-10.384805,13.145064,7.2784643
331902767,1,3,-11.567945,0.51971924,8.404123
331902777,1,3,-14.701827,-3.246449,4.6092153
331902787,1,3,-21.29771,-6.2545934,9.11784
331902796,1,3,-25.517736,-13.619279,10.375225
331902806,1,3,-18.227297,-19.488274,11.408675
331902816,1,3,-12.986994,-21.228256,10.157278
331902826,1,3,-12.425362,-18.43207,6.228248
331902836,1,3,-11.312875,-12.867243,3.0308971
331902846,1,3,-10.259067,-11.429033,-0.026345216
331902856,1,3,-10.111773,-13.272,-1.729204
331902866,1,3,-11.595487,-17.608183,-1.219065
331902875,1,3,-14.858701,-21.622236,-0.25506958
331902885,1,3,-16.276552,-25.247099,2.6836195
331902895,1,3,-14.548546,-29.820389,6.082152
331902905,1,3,-12.400213,-33.78654,7.0078273
331902915,1,3,-9.645941,-34.331406,7.6736426
331902925,1,3,-7.322772,-33.385376,7.8784165
331902935,1,3,-5.659431,-32.148346,7.029382
331902945,1,3,-4.0092626,-29.51622,5.82828
331902954,1,3,-3.0452673,-27.125992,3.8200562
331902964,1,3,-1.8741028,-26.142836,2.3195765
331902974,1,3,0.038320314,-26.316475,0.6658154
331902984,1,3,1.7639319,-27.131979,-0.9903406
331902994,1,3,3.9338195,-27.842102,-1.5184424
331903004,1,3,5.346881,-27.652895,-2.227368
331903014,1,3,7.874824,-27.114016,-0.15687378
331903024,1,3,10.039922,-25.90932,0.2969824
331903040,1,3,11.490107,-22.96225,1.0789562
331903050,1,3,11.879297,-19.34098,0.34727782
331903060,1,3,10.644665,-16.6382,-1.162782
331903069,1,3,8.485554,-15.829882,-1.6094531
331903079,1,3,6.6425867,-16.10052,-1.9016455
331903089,1,3,5.8031325,-16.405884,-1.9387683
331903099,1,3,5.86181,-16.020287,-2.3686743
331903109,1,3,6.680907,-14.991625,-2.9794042
331903119,1,3,7.1994286,-13.956976,-2.999762
331903129,1,3,6.9695067,-13.068424,-2.8620484
331903139,1,3,6.258186,-12.242143,-2.3507116
331903148,1,3,5.1852174,-11.445798,-2.1387525
331903158,1,3,4.2499623,-10.075848,-1.7627344
331903168,1,3,3.885919,-9.16574,-1.6214283
331903178,1,3,3.6068995,-9.16095,-0.9304651
331903188,1,3,3.0811927,-9.983639,-0.5125342
331903198,1,3,2.1064196,-10.510543,0.69096315
331903208,1,3,1.1927197,-10.739267,0.4418811
331903218,1,3,0.5269043,-9.971663,-0.859812
331903227,1,3,0.60833496,-9.18969,-2.1674926
331903237,1,3,0.7005432,-8.860374,-2.5195606
331903247,1,3,0.37601808,-8.788525,-2.6225464
331903257,1,3,0.008382568,-9.0567665,-2.9327013
331903267,1,3,-0.35206786,-9.359736,-3.1734009
331903277,1,3,-0.9292676,-9.496252,-3.333867
331903287,1,3,-1.275348,-9.523795,-3.3374598
331903297,1,3,-1.7890795,-9.583671,-2.506388
331903306,1,3,-2.3674767,-10.1824255,-2.2968237
331903316,1,3,-3.0213172,-10.166858,-2.4177723
331903326,1,3,-3.5314562,-9.2328005,-3.3135095
331903336,1,3,-3.7050953,-7.7682457,-4.4020457
331903346,1,3,-4.0092626,-6.2162733,-5.3684363
331903356,1,3,-4.8355446,-5.154082,-5.3361034
331903366,1,3,-4.60203,-4.0176454,-6.363567
331903375,1,3,-5.053491,-3.3913476,-6.7767076
331903385,1,3,-6.0150914,-3.2356713,-7.223379
331903395,1,3,-7.5179663,-3.3745825,-7.6221495
331903405,1,3,-8.681946,-3.942202,-7.1263804
331903415,1,3,-9.138197,-5.1061816,-6.925199
331903425,1,3,-8.55022,-5.6318884,-7.453301
331903435,1,3,-7.8400965,-5.5372853,-8.253238
331903445,1,3,-7.1994286,-5.0989966,-7.8891945
331903454,1,3,-7.731123,-5.447472,-11.522439
331903464,1,3,-8.176597,-5.2163525,-13.158237
331903474,1,3,-9.095087,-5.7588243,-14.946119
331903484,1,3,-10.083033,-7.1024303,-15.890955
331903494,1,3,-9.552535,-8.456814,-15.299385
331903504,1,3,-8.913065,-9.472302,-13.066029
331903514,1,3,-7.8664417,-10.542876,-12.439732
331903524,1,3,-6.652167,-10.3512745,-12.479249
331903533,1,3,-5.542075,-10.526111,-14.177319
331903543,1,3,-5.428312,-11.91163,-14.694642
331903553,1,3,-5.5756054,-14.598842,-12.815749
331903563,1,3,-6.09293,-20.030746,-9.599238
331903573,1,3,-5.981561,-26.70327,-7.6005945
331903583,1,3,-6.0498195,-32.14715,-7.339537
331903598,1,3,-4.622388,-32.616573,-10.342892
331903607,1,3,-0.979563,-26.726023,-14.39287
331903617,1,3,1.4956897,-20.467836,-18.026115
331903627,1,3,1.1424243,-16.368761,-19.65353
331903637,1,3,-1.4418018,-14.328204,-20.582798
331903647,1,3,-4.3457627,-13.003758,-22.013823
331903657,1,3,-7.4664736,-11.766731,-25.728497
331903667,1,3,-10.516531,-10.909314,-30.53171
331903677,1,3,-13.698315,-11.70925,-35.924095
331903686,1,3,-16.265776,-12.8876,38.910686
331903696,1,3,-17.99498,-13.069622,38.910686
331903706,1,3,-23.025719,-13.48875,38.910686
331903716,1,3,-32.416588,-12.879217,38.910686
331903726,1,3,-38.849613,-12.043356,38.910686
331903736,1,3,-38.849613,-12.430151,38.910686
331903746,1,3,-38.849613,-13.699512,38.910686
331903756,1,3,-38.849613,-13.149855,38.910686
331903765,1,3,-38.849613,-9.889035,38.910686
331903775,1,3,-38.849613,-4.64514,38.910686
331903785,1,3,-38.849613,-7.477251,38.910686
331903795,1,3,-38.849613,-17.572258,38.910686
331903805,1,3,-38.849613,-29.010872,38.910686
331903815,1,3,-38.849613,-34.059574,-35.3445
331903825,1,3,-38.849613,-32.457306,-30.000015
331903835,1,3,-38.849613,-28.379784,-26.758356
331903844,1,3,-38.849613,-24.485481,-27.232569
331903854,1,3,-38.849613,-18.824854,-26.742788
331903864,1,3,-38.849613,-15.353272,-25.318949
331903874,1,3,-38.849613,-12.216994,-24.845932
331903884,1,3,-38.849613,-7.2245765,-24.490273
331903894,1,3,-38.849613,-0.5173242,-21.298908
331903904,1,3,-38.849613,5.5756054,-19.434385
331903914,1,3,-38.849613,12.779824,-14.901812
331903923,1,3,-38.849613,18.99011,-9.765692
331903933,1,3,-38.849613,23.25564,-3.0249097
331903943,1,3,-38.849613,28.028913,10.317744
331903953,1,3,-38.849613,32.11721,20.871397
331903963,1,3,-38.849613,36.24503,7.749086
331903973,1,3,-25.225544,-39.16336,-7.38145
331903983,1,3,-13.313913,-39.16336,-18.354233
331903992,1,3,-4.047583,-39.16336,-18.650017
331904002,1,3,-1.8226099,-39.16336,-9.053174
331904012,1,3,-5.239105,20.994741,4.6175976
331904022,1,3,-7.883207,2.3710694,6.9431615
331904032,1,3,-8.048463,-4.2272096,6.1743603
331904042,1,3,-14.579681,-5.6797886,6.370752
331904052,1,3,-25.393194,-11.451786,6.773115
331904062,1,3,-22.65449,-21.87491,8.754993
331904071,1,3,-12.57505,-23.369404,8.198152
331904081,1,3,-9.718989,-18.010548,5.8905506
331904091,1,3,-10.441088,-12.649296,3.1494508
331904101,1,3,-10.589579,-7.826924,0.025147704
331904111,1,3,-11.712843,-3.8679566,-3.2919543
331904121,1,3,-13.374987,-5.9049206,-4.7720766
331904131,1,3,-17.063316,-13.643229,-4.2595425
331904141,1,3,-21.383932,-22.171894,-2.1291723
331904150,1,3,-21.0139,-29.64675,1.4837146
331904160,1,3,-18.660795,-34.029636,4.421206
331904170,1,3,-15.892152,-34.750534,4.6738806
331904180,1,3,-12.316388,-31.70886,4.3541455
331904190,1,3,-9.722582,-27.928322,2.994972
331904200,1,3,-8.683144,-24.810007,1.5352075
331904210,1,3,-8.441246,-23.068829,0.20237915
331904220,1,3,-8.00655,-22.3611,-0.9663904
331904229,1,3,-7.995773,-23.934628,-1.0178833
331904239,1,3,-7.1527257,-27.221792,-1.2921131
331904249,1,3,-5.4259167,-30.152098,-1.2693603
331904259,1,3,-3.5398388,-31.39631,-1.0981164
331904269,1,3,-2.022594,-30.937664,-0.69216067
331904279,1,3,-0.7807764,-30.199999,-0.082628176
331904295,1,3,0.038320314,-29.05039,0.5999524
331904305,1,3,0.48738647,-27.41938,1.0550061
331904315,1,3,0.6227051,-25.278234,1.2921131
331904324,1,3,0.96160036,-23.87595,0.96160036
331904334,1,3,1.895658,-22.531147,1.0526111
331904344,1,3,2.8009753,-21.383932,1.0346484
331904354,1,3,2.9698243,-20.248693,0.9508228
331904364,1,3,3.1003528,-18.903889,0.92807007
331904374,1,3,3.0332923,-17.828526,0.8298743
331904384,1,3,2.7494824,-16.968714,0.48618898
331904394,1,3,2.4405248,-16.231047,-0.2574646
331904403,1,3,2.0848646,-15.328125,-0.86220706
331904413,1,3,1.7878821,-14.045592,-1.5986755
331904423,1,3,1.4573693,-12.530743,-2.2632935
331904433,1,3,1.4920971,-11.5823145,-2.4776478
331904443,1,3,1.3495935,-11.290122,-2.3555017
331904453,1,3,1.4669495,-10.977572,-1.968706
331904463,1,3,1.341211,-10.791958,-2.0764818
331904473,1,3,1.1543994,-10.302176,-1.8273998
331904482,1,3,0.80113405,-9.842333,-1.419049
331904492,1,3,0.5149292,-9.574091,-1.5040723
331904502,1,3,0.24668701,-9.068742,-1.7771045
331904512,1,3,0.0035925293,-8.296348,-2.264491
331904522,1,3,0.062270507,-7.547904,-3.3374598
331904532,1,3,0.32093263,-6.815028,-4.3206153
331904542,1,3,0.24069947,-6.3108764,-5.1947975
331904552,1,3,0.2203418,-5.9288707,-5.586383
331904561,1,3,-0.11975098,-6.2162733,-5.007986
331904571,1,3,-0.7388635,-7.389833,-4.2787023
331904581,1,3,-1.5747254,-8.57417,-3.9457946
331904591,1,3,-2.0573218,-8.926238,-4.0463853
331904601,1,3,-2.5518932,-7.923922,-4.428391
331904611,1,3,-3.0488598,-6.8473606,-5.3828063
331904621,1,3,-3.1793885,-6.267766,-6.500083
331904631,1,3,-4.2296047,-6.2809386,-7.132368
331904640,1,3,-4.982838,-6.2569885,-8.26641
331904650,1,3,-5.762417,-6.194718,-9.129814
331904660,1,3,-6.4426026,-6.0977197,-9.889035
331904670,1,3,-6.5276256,-6.1743603,-9.22801
331904680,1,3,-6.798263,-7.2317615,-9.2747135
331904690,1,3,-6.9240017,-8.268805,-8.981323
331904700,1,3,-7.191046,-8.229287,-8.841214
331904709,1,3,-7.8233314,-7.494016,-9.941726
331904719,1,3,-8.386161,-6.4557753,-11.27695
331904729,1,3,-8.771759,-5.5684204,-12.358301
331904739,1,3,-8.9513855,-5.6809864,-13.033696
331904749,1,3,-8.531059,-6.9587293,-13.756992
331904759,1,3,-7.892787,-7.387438,-13.127102
331904769,1,3,-7.806566,-8.097561,-12.796589
331904779,1,3,-7.938292,-9.226812,-12.761862
331904788,1,3,-7.1706886,-11.1320505,-13.718672
331904798,1,3,-6.387517,-13.117522,-14.3677225
331904808,1,3,-5.273833,-13.695919,-14.167738
331904818,1,3,-4.221222,-14.574891,-12.166699
331904828,1,3,-3.5769618,-17.114809,-8.115523
331904838,1,3,-2.9853919,-21.666544,-4.867877
331904848,1,3,-2.0932472,-26.094934,-3.9074743
331904858,1,3,-0.7209009,-30.062284,-6.1839404
331904867,1,3,1.7890795,-31.193932,-11.577524
331904877,1,3,5.0810337,-30.12216,-17.662071
331904887,1,3,7.482041,-27.112818,-23.527473
331904903,1,3,7.408993,-22.468876,-29.741352
331904913,1,3,5.2510805,-18.429676,-36.496506
331904922,1,3,2.5542884,-15.520924,38.910686
331904932,1,3,-0.86699706,-13.310321,38.910686
331904942,1,3,-5.0630713,-11.6853,38.910686
331904952,1,3,-9.787248,-11.645782,38.910686
331904962,1,3,-18.773361,-13.390554,38.910686
331904972,1,3,-36.12408,-15.220349,38.910686
331904982,1,3,-38.849613,-8.420889,38.910686
331904992,1,3,-38.849613,-1.651366,38.910686
331905001,1,3,-38.849613,-3.7853284,38.910686
331905011,1,3,-38.849613,-2.186653,38.910686
331905021,1,3,-38.849613,0.76161623,38.910686
331905031,1,3,-38.849613,0.676593,38.910686
331905041,1,3,-38.849613,-1.5651453,38.910686
331905051,1,3,-38.849613,-5.2822156,38.910686
331905061,1,3,-38.849613,-9.668694,38.910686
331905071,1,3,-38.849613,-14.931749,38.910686
331905080,1,3,-38.849613,-18.94221,38.910686
331905090,1,3,-38.849613,-21.205503,-34.507442
331905100,1,3,-38.849613,-23.416105,-29.346174
331905110,1,3,-38.849613,-24.437582,-26.632618
331905120,1,3,-38.849613,-20.228334,-25.811125
331905130,1,3,-38.849613,-14.582076,-25.268654
331905140,1,3,-38.849613,-8.707093,-25.364454
331905150,1,3,-38.849613,-2.7638526,-25.147705
331905159,1,3,-38.849613,1.5471826,-22.315594
331905169,1,3,-38.849613,5.0966015,-15.337705
331905179,1,3,-38.849613,6.5455885,-11.791879
331905189,1,3,-38.849613,8.657995,-8.735834
331905199,1,3,-38.849613,12.596605,-5.3373013
331905209,1,3,-38.400547,16.550783,-4.574487
331905219,1,3,-34.154175,21.085752,-4.6271777
331905229,1,3,-29.37731,26.359585,-4.679868
331905238,1,3,-24.825575,32.03578,-6.508466
331905248,1,3,-20.85583,36.640205,-7.157516
331905258,1,3,-14.904206,-39.16336,-7.67005
331905268,1,3,-8.448431,38.390965,-9.19448
331905278,1,3,-2.386637,35.14332,-7.2509217
331905288,1,3,-0.11735596,27.4577,-1.7423767
331905298,1,3,-0.10538086,18.029707,4.198469
331905308,1,3,-0.49337402,10.116563,5.1385145
331905317,1,3,-1.8106347,5.8713903,6.045029
331905327,1,3,-3.885919,3.3386571,5.037924
331905337,1,3,-6.0809546,1.4382092,3.3254845
331905347,1,3,-7.6856174,-0.5628296,0.9460327
331905357,1,3,-7.369475,-2.5950036,1.0394385
331905367,1,3,-6.227051,-8.270002,1.1939173
331905377,1,3,-8.052055,-12.591815,1.3316308
331905387,1,3,-10.635084,-15.93646,3.473976
331905396,1,3,-10.66622,-20.466639,2.499203
331905406,1,3,-10.253078,-24.461533,2.5518932
331905416,1,3,-9.78126,-28.06005,1.4465919
331905426,1,3,-7.9251194,-30.302984,0.5017566
331905436,1,3,-5.698949,-29.01207,0.11735596
331905446,1,3,-4.6271777,-26.441015,0.42391846
331905456,1,3,-3.6368372,-24.61242,0.5448669
331905466,1,3,-3.1638207,-21.61625,1.2621753
331905475,1,3,-3.766168,-18.397343,2.4465125
331905485,1,3,-4.076323,-16.987873,3.5625916
331905495,1,3,-3.766168,-16.678917,4.712201
331905505,1,3,-3.2644117,-16.476538,5.2319202
331905515,1,3,-2.811753,-16.435822,5.4738173
331905525,1,3,-1.7304016,-17.299227,5.339696
331905535,1,3,-0.554447,-18.839224,5.069059
331905544,1,3,0.5987549,-20.186422,5.635481
331905554,1,3,2.034569,-21.449795,5.567223
331905564,1,3,3.297942,-22.055735,5.80433
331905574,1,3,4.2739124,-21.652174,6.2821364
331905584,1,3,4.768484,-21.273762,6.060597
331905594,1,3,4.567302,-20.685783,5.0989966
331905610,1,3,3.8404138,-20.387604,4.1709266
331905620,1,3,2.8105555,-20.757635,3.2428565
331905630,1,3,1.7519568,-21.417461,1.7603394
331905639,1,3,1.1292517,-21.022284,0.53169435
331905649,1,3,0.8190967,-19.50863,-0.859812
331905659,1,3,0.90411985,-17.568666,-2.032174
331905669,1,3,1.101709,-16.629818,-1.7507592
331905679,1,3,0.99992067,-15.546072,-3.0344896
331905689,1,3,0.6622229,-14.535374,-1.9387683
331905699,1,3,0.3197351,-14.270724,-2.0022364
331905709,1,3,-0.07544312,-13.81088,-0.7735913
331905718,1,3,-0.33171022,-13.640834,-0.23111938
331905728,1,3,-0.41074586,-12.755874,0.14489868
331905738,1,3,-0.41433838,-11.8565445,-0.4179309
331905748,1,3,-0.28859985,-11.165581,-1.1543994
331905758,1,3,-0.16884887,-10.312954,-1.7699194
331905768,1,3,0.07304809,-9.635163,-2.4740553
331905778,1,3,0.2802173,-9.298663,-3.305127
331905788,1,3,0.015567627,-9.148974,-4.01525
331905797,1,3,-0.5783972,-9.431587,-4.2176294
331905807,1,3,-1.1759546,-9.956097,-4.628375
331905817,1,3,-1.7579443,-11.037448,-5.2630553
331905827,1,3,-2.0800745,-11.888877,-5.386399
331905837,1,3,-2.3064039,-11.769126,-5.332511
331905847,1,3,-2.2656884,-10.859018,-5.533693
331905857,1,3,-2.086062,-9.770482,-5.846243
331905867,1,3,-1.8321899,-8.686736,-5.9528213
331905876,1,3,-1.7866845,-7.8305163,-6.270161
331905886,1,3,-1.9100281,-6.907236,-6.2797413
331905896,1,3,-2.3626869,-6.541996,-6.2150755
331905906,1,3,-2.8692334,-6.441405,-5.8857603
331905916,1,3,-3.5925293,-6.156398,-5.750442
331905926,1,3,-4.31822,-6.023474,-6.006709
331905936,1,3,-5.0989966,-5.703739,-7.1635036
331905946,1,3,-6.0270667,-5.5049524,-8.495134
331905955,1,3,-6.619834,-5.259463,-10.073452
331905965,1,3,-6.8473606,-4.912185,-10.942844
331905975,1,3,-6.774313,-4.572092,-11.193124
331905985,1,3,-6.8557434,-4.9648757,-11.460169
331905995,1,3,-7.171886,-5.5301,-11.693683
331906005,1,3,-7.8796144,-5.980364,-11.33922
331906015,1,3,-9.280701,-6.9240017,-12.518767
331906025,1,3,-10.659035,-7.620952,-15.526912
331906034,1,3,-11.803854,-8.58854,-19.169737
331906044,1,3,-11.952345,-9.028027,-22.489233
331906054,1,3,-11.236234,-8.8951025,-23.977737
331906064,1,3,-10.682984,-9.417217,-20.39359
331906074,1,3,-10.740465,-11.917617,-14.313834
331906084,1,3,-10.530901,-15.458653,-8.286768
331906094,1,3,-10.654244,-18.811682,-4.3912683
331906104,1,3,-10.300979,-21.204306,-2.3602917
331906113,1,3,-8.217312,-24.07833,-1.2502002
331906123,1,3,-6.650969,-27.47207,-2.682422
331906133,1,3,-4.590055,-28.685148,-6.387517
331906148,1,3,-2.3710694,-28.634853,-11.609858
331906158,1,3,0.83825684,-27.496021,-15.953225
331906168,1,3,3.2440538,-25.26506,-17.689613
331906177,1,3,3.0596375,-24.056774,-18.399738
331906187,1,3,0.17723145,-23.277195,-20.43311
331906197,1,3,-2.0920496,-21.51446,-26.82302
331906207,1,3,-3.7853284,-19.679876,-35.47982
331906217,1,3,-6.030659,-18.98053,38.910686
331906227,1,3,-10.875784,-18.539846,38.910686
331906237,1,3,-19.920574,-17.539925,38.910686
331906247,1,3,-31.89208,-15.3401,38.910686
331906256,1,3,-38.84602,-13.220508,38.910686
331906266,1,3,-38.849613,-15.851437,38.910686
331906276,1,3,-38.849613,-22.458097,38.910686
331906286,1,3,-38.849613,-29.250374,38.910686
331906296,1,3,-38.849613,-32.542328,38.910686
331906306,1,3,-38.849613,-28.300749,38.910686
331906316,1,3,-38.849613,-26.088947,38.910686
331906326,1,3,-38.849613,-22.08687,38.910686
331906335,1,3,-38.849613,-18.368603,38.910686
331906345,1,3,-38.849613,-21.052221,38.910686
331906355,1,3,-38.849613,-25.802742,38.910686
331906365,1,3,-38.849613,-29.289892,-34.39248
331906375,1,3,-38.849613,-26.97271,-29.820389
331906385,1,3,-38.849613,-19.337387,-29.920979
331906395,1,3,-38.849613,-9.319021,-29.322224
331906405,1,3,-38.849613,0.53648436,-25.474625
331906414,1,3,-38.849613,7.3347473,-22.494024
331906424,1,3,-38.849613,12.960649,-18.907482
331906434,1,3,-38.849613,18.85599,-13.269606
331906444,1,3,-38.849613,20.973186,-7.261699
331906454,1,3,-36.914436,21.10132,-0.54726195
331906464,1,3,-35.37324,22.13956,4.980443
331906474,1,3,-34.855915,23.64004,8.149054
331906484,1,3,-33.096775,26.89128,8.963361
331906493,1,3,-29.923374,31.888487,5.5025573
331906503,1,3,-24.347769,34.2404,-8.837622
331906513,1,3,-11.995456,-39.16336,-12.412189
331906523,1,3,-6.577921,-39.16336,-11.0602
331906533,1,3,-4.5780797,37.5563,-8.563393
331906543,1,3,-3.4284704,24.196882,4.24637
331906553,1,3,-2.6488917,11.93558,8.854387
331906563,1,3,-4.142186,5.8761806,11.226654
331906572,1,3,-8.031698,3.7769458,8.850795
331906582,1,3,-10.566826,3.9362147,4.622388
331906592,1,3,-10.905722,3.1482532,3.864364
331906602,1,3,-10.092612,-1.0466236,3.9517822
331906612,1,3,-11.262579,-6.5839086,4.0116577
331906622,1,3,-14.875466,-9.842333,4.076323
331906632,1,3,-18.277592,-11.808643,1.9854712
331906642,1,3,-18.202148,-13.922249,0.49576905
331906651,1,3,-18.621277,-17.809364,-1.9351758
331906661,1,3,-19.952908,-24.310646,-3.36141
331906671,1,3,-19.093096,-29.717402,-4.6499305
331906681,1,3,-16.84058,-31.528038,-3.5793567
331906691,1,3,-14.340179,-28.950996,-4.804409
331906701,1,3,-13.978532,-25.321344,-3.4093103
331906711,1,3,-14.584472,-23.456821,-1.9902612
331906721,1,3,-13.8755455,-21.680914,-0.4263135
331906730,1,3,-12.91634,-20.636686,1.4932947
331906740,1,3,-12.069701,-21.908442,3.1913636
331906750,1,3,-10.657837,-23.434069,3.8895118
331906760,1,3,-9.866283,-23.784939,2.8500733
331906770,1,3,-8.816067,-22.682032,1.3112732
331906780,1,3,-8.014933,-21.23065,-0.43469605
331906790,1,3,-7.4976087,-20.599564,-2.1627026
331906800,1,3,-6.5910935,-20.781584,-3.5889368
331906809,1,3,-5.283413,-21.468956,-4.6690907
331906819,1,3,-3.7338355,-22.726341,-5.7588243
331906829,1,3,-2.4249573,-24.838747,-6.7036595
331906839,1,3,-1.1951147,-27.287655,-5.9420433
331906849,1,3,-1.2609777,-28.978539,-3.8966968
331906859,1,3,-0.8107141,-29.697044,-3.2955468
331906875,1,3,0.029937744,-27.525959,-3.0344896
331906885,1,3,0.6442602,-23.696323,-3.3530273
331906895,1,3,0.52450925,-20.683388,-3.5817518
331906905,1,3,-0.20477417,-18.938618,-3.2057335
331906915,1,3,-0.37721556,-17.78781,-2.7482848
331906925,1,3,-0.4778064,-17.463285,-2.3782544
331906935,1,3,-0.50894165,-17.903969,-2.0692968
331906944,1,3,-0.49696654,-17.809364,-2.066902
331906954,1,3,-0.42032593,-17.058527,-2.015409
331906964,1,3,-0.2814148,-15.459851,-1.8058448
331906974,1,3,-0.069455564,-13.717474,-0.8813672
331906984,1,3,0.069455564,-12.375066,-0.11136841
331906994,1,3,0.30895752,-11.566747,0.41673338
331907004,1,3,0.4790039,-10.855426,0.3927832
331907014,1,3,0.31015503,-10.366842,0.24189697
331907023,1,3,0.064665526,-9.896221,-0.16765137
331907033,1,3,-0.10298584,-9.436377,-0.36404297
331907043,1,3,-0.36524048,-8.865165,-0.62989014
331907053,1,3,-0.6370752,-8.159832,-1.0274634
331907063,1,3,-0.7232959,-7.5443115,-1.3400134
331907073,1,3,-0.7580237,-7.1359606,-1.5735278
331907083,1,3,-0.86579955,-6.925199,-2.2884412
331907093,1,3,-0.9915381,-6.4306273,-3.2296839
331907102,1,3,-1.0202783,-5.940846,-4.0188427
331907112,1,3,-1.0526111,-6.4186525,-4.581672
331907122,1,3,-1.0909314,-6.6964746,-4.6128078
331907132,1,3,-1.531615,-6.9216065,-4.958888
331907142,1,3,-2.290836,-6.836583,-5.3768187
331907152,1,3,-3.1925611,-6.547983,-6.397097
331907162,1,3,-4.2008643,-6.1611876,-7.1922436
331907171,1,3,-5.254673,-6.180348,-7.205416
331907181,1,3,-6.532416,-6.8772984,-8.265212
331907191,1,3,-7.2808595,-7.167096,-8.2233
331907201,1,3,-7.692803,-6.702462,-8.150251
331907211,1,3,-7.897577,-5.9025254,-8.31431
331907221,1,3,-7.6005945,-5.52052,-8.461604
331907231,1,3,-6.8820887,-5.5145326,-8.721463
331907241,1,3,-6.580316,-6.053412,-9.690249
331907250,1,3,-6.060597,-5.948031,-10.5201235
331907260,1,3,-6.165978,-6.1983104,-11.524834
331907270,1,3,-6.5120583,-6.397097,-12.740307
331907280,1,3,-6.725215,-6.485713,-12.096046
331907290,1,3,-6.065387,-7.1275783,-9.342971
331907300,1,3,-5.932463,-9.072334,-8.071216
331907310,1,3,-5.139712,-10.518926,-6.883286
331907320,1,3,-4.28948,-11.015892,-7.4664736
331907329,1,3,-4.926555,-9.783655,-8.174202
331907339,1,3,-5.6462584,-8.273595,-11.673326
331907349,1,3,-6.3372216,-7.1658983,-15.5424795
331907359,1,3,-8.036488,-7.3491173,-17.544716
331907369,1,3,-8.929831,-9.720187,-17.901573
331907379,1,3,-9.237591,-13.500725,-16.257393
331907389,1,3,-8.595725,-17.341139,-13.529466
331907399,1,3,-7.7754307,-20.870201,-10.739267
331907408,1,3,-7.212601,-23.40892,-7.5742493
331907418,1,3,-7.067703,-25.144112,-5.4893847
331907428,1,3,-6.2102857,-25.768015,-4.5229945
331907438,1,3,-4.8726673,-23.878345,-5.6833816
331907448,1,3,-4.3780956,-20.549267,-9.601633
331907458,1,3,-4.2511597,-16.935183,-14.765295
331907473,1,3,-4.5301795,-14.829961,-19.809206
331907483,1,3,-4.078718,-13.9390135,-25.322542
331907493,1,3,-4.1146436,-14.4240055,-32.811768
331907503,1,3,-5.611531,-14.309044,-38.48437
331907512,1,3,-8.543035,-15.033538,38.910686
331907522,1,3,-14.065949,-16.137642,38.910686
331907532,1,3,-22.00544,-17.063316,38.910686
331907542,1,3,-31.268177,-15.944842,38.910686
331907552,1,3,-36.29652,-14.688655,38.910686
331907562,1,3,-38.849613,-15.730488,38.910686
331907572,1,3,-38.849613,-16.597485,38.910686
331907582,1,3,-38.849613,-16.094532,38.910686
331907591,1,3,-38.849613,-15.240706,38.910686
331907601,1,3,-38.849613,-18.288368,38.910686
331907611,1,3,-38.849613,-21.55278,38.910686
331907621,1,3,-38.849613,-27.969038,38.910686
331907631,1,3,-38.849613,-32.013027,38.910686
331907641,1,3,-38.849613,-34.988842,38.910686
331907651,1,3,-38.849613,-37.550312,-37.289257
331907661,1,3,-38.849613,-32.511192,-34.229618
331907671,1,3,-38.849613,-28.404932,-27.61218
331907680,1,3,-38.849613,-27.000252,-22.819746
331907690,1,3,-38.849613,-21.46177,-21.794678
331907700,1,3,-38.849613,-15.856227,-20.848644
331907710,1,3,-38.849613,-6.622229,-23.126308
331907720,1,3,-38.849613,3.5625916,-25.032743
331907730,1,3,-38.849613,9.605226,-21.256996
331907740,1,3,-38.563408,10.687775,-13.475577
331907750,1,3,-35.61873,7.2066135,-8.040081
331907759,1,3,-33.357834,5.4331017,-6.819818
331907769,1,3,-30.856234,8.66518,-6.810238
331907779,1,3,-27.807375,12.523557,-4.902605
331907789,1,3,-23.859184,14.182108,-4.103866
331907799,1,3,-21.300106,15.659835,-1.4382092
331907809,1,3,-19.59605,17.135168,1.0981164
331907819,1,3,-17.515976,18.420095,1.902843
331907829,1,3,-15.182029,19.38888,3.0356872
331907838,1,3,-12.460089,19.475101,3.202141
331907848,1,3,-10.356065,18.826052,3.2272887
331907858,1,3,-8.878338,18.040485,3.3662
331907868,1,3,-8.308323,16.739988,3.68354
331907878,1,3,-7.0245924,15.8310795,4.199667
331907888,1,3,-6.5671434,14.42161,2.5483007
331907898,1,3,-5.8198977,13.9246435,3.0979578
331907908,1,3,-5.6809864,11.54639,5.322931
331907917,1,3,-5.9911413,7.0964427,8.747808
331907927,1,3,-6.6210313,3.2751892,11.081756
331907937,1,3,-7.205416,0.39637575,13.1438675
331907947,1,3,-8.31431,-1.8537451,14.7126045
331907957,1,3,-9.008866,-3.9805224,15.088623
331907967,1,3,-8.398136,-6.3036914,16.60467
331907977,1,3,-7.6377172,-9.097482,17.742304
331907987,1,3,-7.726333,-8.351433,15.064672
331907996,1,3,-6.3276415,-5.870193,11.866124
331908006,1,3,-4.8990126,-6.509663,7.4221654
331908016,1,3,-3.629652,-10.025552,3.0308971
331908026,1,3,-3.2296839,-11.7439785,4.113446
331908036,1,3,-4.5301795,-11.64219,6.1456203
331908046,1,3,-7.2173915,-11.566747,7.988588
331908056,1,3,-9.47829,-14.148578,9.347761
331908066,1,3,-10.957214,-17.02859,10.291399
331908075,1,3,-11.652967,-18.745817,10.675799
331908085,1,3,-11.408675,-20.86541,11.190729
331908095,1,3,-9.765692,-22.842499,11.7930765
331908105,1,3,-7.7466908,-23.33707,11.759546
331908115,1,3,-5.7588243,-22.761068,10.686577
331908125,1,3,-4.254752,-21.641396,10.097403
331908135,1,3,-2.8812084,-20.913311,8.8316345
331908145,1,3,-1.6190332,-20.66303,7.676038
331908154,1,3,-0.5137317,-20.345692,6.8341885
331908164,1,3,0.24908203,-19.72538,5.8318725
331908174,1,3,0.6993457,-19.380499,4.860692
331908184,1,3,1.0669812,-19.393671,4.0823107
331908194,1,3,2.0046313,-19.216438,3.39015
331908204,1,3,2.9147387,-18.487156,2.6836195
331908214,1,3,3.3961377,-17.611776,0.85023195
331908224,1,3,4.667893,-16.31607,0.44427612
331908233,1,3,6.5180454,-15.441889,-0.21315674
331908243,1,3,8.58375,-14.704223,-0.40595582
331908253,1,3,9.344169,-14.225219,0.19758911
331908267,1,3,9.069939,-13.7629795,0.09101074
331908277,1,3,6.876101,-13.428875,-0.5891748
331908287,1,3,4.2810974,-12.534335,-2.1219873
331908296,1,3,2.7985804,-11.958332,-2.9374914
331908306,1,3,2.7890003,-9.52619,-2.7243347
331908316,1,3,3.3817675,-7.9203296,-3.297942
331908326,1,3,3.453618,-7.0413575,-2.8273206
331908336,1,3,2.5973988,-8.866363,-3.070415
331908346,1,3,2.3040087,-12.222982,-3.190166
331908356,1,3,3.382965,-14.709012,-3.0740075
331908366,1,3,5.3408937,-14.334192,-2.6572742
331908375,1,3,5.19839,-13.565391,-2.7937903
331908385,1,3,3.5015185,-12.56068,-2.4764502
331908395,1,3,1.9543359,-11.332035,-1.8429675
331908405,1,3,1.7878821,-10.498569,-1.8848804
331908415,1,3,2.1159997,-9.018446,-1.660946
331908425,1,3,1.8477576,-8.034093,-1.6429834
331908435,1,3,1.0382409,-7.450906,-1.778302
331908445,1,3,0.5628296,-6.9096313,-1.968706
331908454,1,3,0.062270507,-7.1527257,-2.1004322
331908464,1,3,-0.46942383,-7.0880604,-2.5423133
331908474,1,3,-0.6227051,-6.7276096,-3.509901
331908484,1,3,-0.9352551,-6.222261,-4.388873
331908494,1,3,-1.4501843,-6.3527894,-5.1768346
331908504,1,3,-2.4022045,-7.3838453,-4.939728
331908514,1,3,-2.6668541,-7.563472,-5.1600695
331908524,1,3,-2.450105,-6.1959157,-5.442682
331908533,1,3,-2.5830286,-4.736151,-5.6738014
331908543,1,3,-2.0968397,-2.990182,-6.947952
331908553,1,3,-1.895658,-1.2502002,-8.657995
331908563,1,3,-2.3159838,0.14010864,-9.742939
331908573,1,3,-3.0728102,1.1076965,-10.021959
331908583,1,3,-4.3349853,0.9592053,-9.717792
331908593,1,3,-6.060597,-0.1472937,-9.704619
331908603,1,3,-9.326206,-2.2129982,-7.860454
331908612,1,3,-14.692247,-5.9300685,-4.907395
331908622,1,3,-19.10507,-10.427915,-7.7107654
331908632,1,3,-16.659756,-12.497211,-10.239906
331908642,1,3,-11.439811,-11.965518,-13.771362
331908652,1,3,-8.466394,-11.57992,-17.429754
331908662,1,3,-6.411467,-12.285253,-19.82238
331908672,1,3,-4.60203,-13.283976,-20.21636
331908682,1,3,-3.7853284,-14.279106,-18.878742
331908691,1,3,-4.2008643,-14.966477,-17.663269
331908701,1,3,-5.2415004,-16.834593,-13.904285
331908711,1,3,-5.812712,-17.659676,-11.63261
331908721,1,3,-6.9611244,-15.469431,-10.578801
331908731,1,3,-8.199349,-13.324691,-8.495134
331908741,1,3,-7.7514806,-13.422887,-6.292914
331908751,1,3,-6.4917006,-15.092216,-4.7385464
331908761,1,3,-5.5540504,-16.805853,-5.6666164
331908770,1,3,-5.3313136,-17.450111,-8.592133
331908780,1,3,-6.422245,-15.94125,-13.082794
331908790,1,3,-7.01142,-13.645624,-16.804655
331908800,1,3,-6.588699,-12.068503,-19.538568
331908810,1,3,-6.138435,-11.01709,-20.59597
331908820,1,3,-5.252278,-11.013497,-19.96608
331908830,1,3,-6.212681,-11.02188,-20.502565
331908840,1,3,-8.856782,-9.956097,-22.973028
331908858,1,3,-11.8493595,-8.560997,-26.436226
331908868,1,3,-14.1988735,-8.563393,-32.00824
331908877,1,3,-17.40341,-10.300979,38.910686
331908887,1,3,-23.430475,-10.78118,38.910686
331908897,1,3,-33.826057,-10.281818,38.910686
331908907,1,3,-38.849613,-10.229129,38.910686
331908917,1,3,-38.849613,-12.8696375,38.910686
331908927,1,3,-38.849613,-12.658875,38.910686
331908937,1,3,-38.849613,-5.9863515,38.910686
331908947,1,3,-38.849613,2.506388,38.910686
331908956,1,3,-38.849613,5.9468336,38.910686
331908966,1,3,-38.849613,2.2573059,38.910686
331908976,1,3,-38.849613,-4.6080174,39.12384
331908986,1,3,-38.849613,-12.461287,-33.784145
331908996,1,3,-38.849613,-17.226177,-26.856552
331909006,1,3,-38.849613,-16.866924,-21.070185
331909016,1,3,-38.849613,-19.16375,-18.895506
331909026,1,3,-38.849613,-18.163828,-10.193203
331909035,1,3,-38.849613,-14.952106,-4.905
331909045,1,3,-38.849613,-11.702065,-4.3385777
331909055,1,3,-38.849613,-11.763139,-2.6165588
331909065,1,3,-38.849613,-12.339141,-5.500162
331909075,1,3,-38.849613,-10.908116,-11.442205
331909085,1,3,-38.849613,-8.268805,-10.11297
331909095,1,3,-38.849613,-3.3063245,-11.190729
331909105,1,3,-38.849613,6.349197,-13.439652
331909114,1,3,-38.849613,16.444204,-11.778706
331909124,1,3,-38.849613,22.265299,-6.6725245
331909134,1,3,-35.02716,23.842419,-4.301455
331909144,1,3,-30.596375,24.972868,-0.122145995
331909154,1,3,-26.869724,25.316553,4.381688
331909164,1,3,-23.344255,25.857828,6.109695
331909174,1,3,-19.62479,27.625353,5.7995396
331909184,1,3,-14.665902,30.98796,2.5997937
331909193,1,3,-11.233839,34.706226,-5.071454
331909203,1,3,-5.7049365,36.400703,-5.564828
331909213,1,3,-1.3208532,31.674133,-1.040636
331909223,1,3,-0.6286926,23.576572,3.4200878
331909233,1,3,0.014370117,16.680113,7.0653076
331909243,1,3,0.42391846,11.989468,8.486752
331909253,1,3,-0.50774413,9.016051,8.503517
331909263,1,3,-1.8968555,5.845045,7.036567
331909272,1,3,-2.842888,3.0105395,5.7456517
331909282,1,3,-3.690725,0.91250247,5.3624487
331909292,1,3,-4.6271777,-1.0502161,5.8091197
331909302,1,3,-5.4438796,-5.2426977,6.7623377
331909312,1,3,-7.252119,-8.340655,7.2976246
331909322,1,3,-9.325008,-9.326206,6.5863037
331909332,1,3,-9.994416,-10.642269,4.6822634
331909342,1,3,-9.24717,-13.654006,3.5913317
331909351,1,3,-9.813593,-18.155445,1.6429834
331909361,1,3,-11.009905,-20.991148,-0.26105714
331909371,1,3,-12.510385,-24.054379,-1.9675086
331909381,1,3,-11.355985,-28.207342,-2.071692
331909391,1,3,-8.828042,-33.36382,-1.5567627
331909401,1,3,-5.2894006,-34.24279,-0.9556128
331909411,1,3,-3.490741,-30.41076,-0.86220706
331909421,1,3,-2.7794201,-25.413551,0.04670288
331909430,1,3,-3.2751892,-22.031784,1.1160791
331909440,1,3,-3.2751892,-20.736078,2.6417065
331909450,1,3,-2.7470875,-20.86062,3.4703834
331909460,1,3,-2.2501209,-21.118084,4.0679407
331909470,1,3,-1.4573693,-21.089344,3.810476
331909480,1,3,-0.552052,-21.07737,3.9505847
331909490,1,3,0.50774413,-21.340822,3.612887
331909500,1,3,1.4334192,-21.007914,3.1446607
331909509,1,3,2.645299,-20.901335,2.5662634
331909519,1,3,3.8152661,-21.328846,2.7207422
331909529,1,3,4.7672863,-22.267694,3.661985
331909539,1,3,5.4821997,-23.641237,4.822372
331909549,1,3,6.175558,-24.541765,6.072572
331909565,1,3,6.2090883,-23.874752,6.6090565
331909575,1,3,5.7851696,-21.926403,6.8413734
331909585,1,3,5.036726,-19.671494,6.4593678
331909595,1,3,4.5852647,-17.52795,5.415139
331909605,1,3,3.0572424,-16.107704,4.4224033
331909614,1,3,2.718347,-14.737753,2.6740394
331909624,1,3,2.7422974,-13.494738,0.93884766
331909634,1,3,2.9770093,-12.601396,-0.6095325
331909644,1,3,3.4548156,-12.034973,-1.8824854
331909654,1,3,4.0571632,-11.57992,-2.2896388
331909664,1,3,4.418811,-11.351195,-2.2321582
331909674,1,3,4.6762757,-11.175161,-1.8633252
331909684,1,3,4.7110033,-10.821896,-1.341211
331909693,1,3,4.9696655,-10.049502,-1.2549902
331909703,1,3,4.7325587,-9.311836,-0.69096315
331909713,1,3,4.5625124,-8.539442,-0.3568579
331909723,1,3,4.333788,-7.6329274,-0.28859985
331909733,1,3,3.8883142,-6.631809,-0.31255004
331909743,1,3,3.4500256,-5.910908,-0.38440064
331909753,1,3,2.955454,-5.2498827,-0.63468015
331909763,1,3,2.5291407,-4.604425,-0.79514647
331909772,1,3,2.2465284,-4.0811133,-1.0286609
331909782,1,3,1.9064355,-3.7110827,-1.1460168
331909792,1,3,1.7363892,-3.6919227,-1.2729529
331909802,1,3,1.595083,-4.1529636,-1.4058765
331909812,1,3,1.2669654,-4.5373645,-1.6932788
331909822,1,3,0.9508228,-4.6092153,-1.8238074
331909832,1,3,0.6286926,-4.6834607,-1.9579284
331909842,1,3,0.19399658,-4.7720766,-1.4453943
331909851,1,3,-0.14609618,-5.083429,-1.2537928
331909861,1,3,-0.58438474,-5.54926,-1.5399976
331909871,1,3,-1.0166858,-5.9049206,-1.714834
331909881,1,3,-1.3567786,-6.2090883,-1.9651135
331909891,1,3,-1.653761,-6.072572,-2.2477257
331909901,1,3,-1.7902771,-5.4414845,-3.1985486
331909911,1,3,-1.8010547,-4.8918276,-4.2559495
331909921,1,3,-1.5471826,-4.6966333,-5.2570677
331909930,1,3,-1.4238391,-4.5625124,-6.1108923
331909940,1,3,-1.3939013,-4.9924183,-6.4593678
331909950,1,3,-1.7519568,-5.725294,-6.0258694
331909960,1,3,-2.4752526,-6.3276415,-5.4331017
331909970,1,3,-3.2823744,-6.427035,-5.310956
331909980,1,3,-4.1290135,-6.072572,-5.2846107
331909990,1,3,-4.949308,-5.366041,-5.708529
331910000,1,3,-5.5121374,-4.6906457,-6.1587925
331910009,1,3,-6.9204087,-4.416416,-6.843768
331910019,1,3,-8.786129,-4.8642845,-8.225695
331910029,1,3,-9.879456,-6.013894,-9.154963
331910039,1,3,-9.994416,-7.7622585,-10.0207615
331910049,1,3,-10.027946,-9.842333,-10.067465
331910059,1,3,-9.827963,-11.5260315,-10.68059
331910069,1,3,-9.922565,-12.359498,-11.686498
331910079,1,3,-10.682984,-12.337943,-13.778547
331910088,1,3,-12.125984,-12.525952,-16.23464
331910098,1,3,-12.600198,-13.455219,-17.276474
331910108,1,3,-12.3774605,-15.59038,-18.06204
331910118,1,3,-12.008628,-18.05246,-16.645386
331910128,1,3,-11.716435,-18.750608,-14.080319
331910138,1,3,-11.761941,-18.642832,-13.063634
331910148,1,3,-11.068583,-18.491945,-13.244458
331910158,1,3,-9.691446,-19.38888,-14.7629
331910173,1,3,-9.751322,-20.198397,-16.799864
331910183,1,3,-8.980125,-21.097727,-15.376025
331910193,1,3,-10.510543,-23.887924,-14.596447
331910202,1,3,-10.547666,-25.903334,-15.130536
331910212,1,3,-9.401649,-25.879383,-18.827248
331910222,1,3,-8.138276,-22.146746,-22.598207
331910232,1,3,-7.858059,-16.391514,-26.706863
331910242,1,3,-9.748927,-10.570418,-28.274403
331910252,1,3,-12.9355,-8.53585,-30.067076
331910262,1,3,-15.634687,-9.122629,-31.852562
331910271,1,3,-17.386644,-9.644744,-37.4126
331910281,1,3,-22.167103,-10.180031,38.910686
331910291,1,3,-29.677885,-11.37275,38.910686
331910301,1,3,-38.357437,-10.374027,38.910686
331910311,1,3,-38.849613,-6.4497876,38.910686
331910321,1,3,-38.849613,-3.911067,38.910686
331910331,1,3,-38.849613,-5.3780165,38.910686
331910341,1,3,-38.849613,-9.229208,38.910686
331910350,1,3,-38.849613,-13.145064,38.910686
331910360,1,3,-38.849613,-14.598842,38.910686
331910370,1,3,-38.849613,-17.897982,38.910686
331910380,1,3,-38.849613,-24.703428,38.910686
331910390,1,3,-38.849613,-31.847773,38.910686
331910400,1,3,-38.849613,-36.793488,38.910686
331910410,1,3,-38.849613,-36.803066,38.910686
331910420,1,3,-38.849613,-35.410362,38.910686
331910429,1,3,-38.849613,-32.996185,38.910686
331910439,1,3,-38.849613,-28.798912,38.910686
331910449,1,3,-38.849613,-22.882017,38.910686
331910459,1,3,-38.849613,-12.963043,38.910686
331910469,1,3,-38.849613,-2.1483326,38.910686
331910479,1,3,-38.849613,4.3002577,-38.338276
331910489,1,3,-38.849613,7.8173437,-24.744144
331910499,1,3,-38.849613,8.36221,-10.566826
331910508,1,3,-38.849613,11.524834,3.214116
331910518,1,3,-38.849613,18.287172,19.127823
331910528,1,3,-38.849613,23.843616,36.183956
331910538,1,3,-38.849613,31.375954,23.08679
331910548,1,3,-38.849613,-39.16336,-14.40724
331910558,1,3,-21.704865,-39.16336,38.910686
331910568,1,3,-10.17045,-39.16336,-28.091185
331910578,1,3,-12.3774605,-39.16336,-15.125746
331910587,1,3,-16.088543,28.906689,-4.2858872
331910597,1,3,-18.348244,8.144264,3.3230896
331910607,1,3,-15.9173,-3.885919,7.820936
331910617,1,3,-19.540964,-5.3313136,7.5838294
331910627,1,3,-24.552544,-8.655601,9.55972
331910637,1,3,-15.853832,-15.640675,7.452103
331910647,1,3,-7.69879,-17.98899,8.545429
331910657,1,3,-4.9540977,-17.168697,1.4621594
331910666,1,3,-3.8308337,-16.096926,-3.5218763
331910676,1,3,-7.061715,-21.5911,-1.2513977
331910686,1,3,-7.625742,-29.227621,0.38799316
331910696,1,3,-5.870193,-23.14547,2.8297155
331910706,1,3,-6.5719337,-13.347444,3.9972875
331910716,1,3,-9.839938,-6.749165,9.830358
331910726,1,3,-7.533534,-3.3985326,14.170133
331910736,1,3,-4.149371,-3.9948926,16.049026
331910745,1,3,-1.7040564,-5.2091675,17.839302
331910755,1,3,-0.9891431,-6.8090405,20.145706
331910765,1,3,-0.5173242,-8.753797,22.699995
331910775,1,3,1.1448194,-10.421927,23.679558
331910785,1,3,2.3770568,-10.053095,23.83763
331910795,1,3,3.3362622,-8.229287,23.080803
331910805,1,3,4.622388,-5.572013,21.804258
331910815,1,3,6.4821205,-2.3040087,20.513342
331910824,1,3,6.8952613,-0.05987549,18.666782
331910834,1,3,6.7683253,1.2837305,16.98548
331910844,1,3,6.2569885,1.8453625,15.621515
331910854,1,3,5.870193,2.0070264,14.548546
331910864,1,3,4.663103,1.6836988,14.409635
331910874,1,3,3.1805859,1.7112415,14.716198
331910884,1,3,2.1603076,1.9184107,14.859899
331910893,1,3,1.4741346,2.3519092,14.778468
331910903,1,3,1.0825489,2.6021888,14.492263
331910913,1,3,0.69096315,2.9231215,13.968951
331910923,1,3,0.35925293,3.3398547,13.331876
331910933,1,3,0.31255004,3.923042,12.164304
331910943,1,3,0.4287085,4.374503,11.245814
331910953,1,3,0.5269043,4.366121,10.354867
331910963,1,3,0.8490344,4.242777,9.831555
331910972,1,3,1.3112732,3.8272412,9.8028145
331910982,1,3,1.7315991,3.314707,9.892628
331910992,1,3,1.6872913,2.894381,9.514215
331911002,1,3,1.4513818,2.889591,9.108259
331911012,1,3,1.1160791,2.8045678,8.618478
331911022,1,3,0.80113405,2.623744,8.053253
331911032,1,3,0.6514453,2.454895,7.6389146
331911042,1,3,0.87657714,2.3483167,7.198231
331911051,1,3,1.2250525,2.3770568,7.028185
331911061,1,3,1.6094531,2.0968397,6.7276096
331911071,1,3,1.8022522,2.0261865,6.652167
331911081,1,3,1.7519568,1.9758911,6.580316
331911091,1,3,1.4394068,1.9914588,6.540798
331911101,1,3,1.2382251,2.0333717,6.086942
331911111,1,3,1.0909314,2.4321423,5.8342676
331911121,1,3,1.0130932,2.5854235,5.9216857
331911130,1,3,1.2609777,3.0871801,5.860613
331911140,1,3,1.5388,3.2835717,5.8725877
331911150,1,3,1.5196398,3.2284863,6.2545934
331911160,1,3,1.353186,3.117118,6.388715
331911170,1,3,1.4489868,3.354225,6.837781
331911180,1,3,1.2885205,3.5350487,7.0820727
331911190,1,3,1.2202624,3.6799476,7.33355
331911200,1,3,0.07903565,4.1074586,7.6472974
331911209,1,3,0.97477293,3.9026842,7.394623
331911219,1,3,1.4238391,3.8044884,8.115523
331911229,1,3,1.3603711,3.749403,8.414901
331911239,1,3,1.4489868,4.0583606,8.332273
331911249,1,3,1.4154565,4.0882983,8.410111
331911259,1,3,0.9627979,4.1852965,9.045989
331911269,1,3,1.2765454,4.0535707,8.076006
331911279,1,3,2.1878502,3.6500099,8.638836
331911288,1,3,1.5627502,3.2356713,8.79571
331911298,1,3,0.5113367,3.2404613,8.489147
331911308,1,3,0.16884887,3.4763708,8.344248
331911318,1,3,0.28500733,3.3673975,8.426876
331911328,1,3,0.53528684,3.2452514,8.565787
331911338,1,3,1.0705737,3.1937585,8.504714
331911348,1,3,0.9364526,3.3111145,8.235274
331911357,1,3,0.7484436,3.4009278,8.023315
331911367,1,3,0.5412744,3.4895434,7.860454
331911377,1,3,0.17244141,3.3410523,8.078401
331911387,1,3,-0.24548951,3.1734009,8.037685
331911397,1,3,-0.07783814,3.0847852,8.246052
331911407,1,3,0.04790039,3.0955627,8.361013
331911417,1,3,0.28979737,3.1434631,8.58375
331911427,1,3,0.19399658,3.075205,8.455616
331911436,1,3,-0.025147704,3.1889684,8.393346
331911446,1,3,-0.10178833,3.1614258,8.423284
331911456,1,3,-1.5459851,6.108497,5.5875807
331911466,1,3,0.74604857,-0.43589357,8.50711
331911476,1,3,-0.8741821,3.7015028,8.657995
331911486,1,3,-0.6442602,3.0835876,8.220904
331911496,1,3,-0.8454419,2.7243347,8.93941
331911506,1,3,-1.1220666,3.6236646,8.56938
331911515,1,3,-1.6214283,4.127816,7.8149486
331911525,1,3,1.2058923,4.728966,8.246052
331911535,1,3,-0.10298584,3.6895275,8.157436
331911545,1,3,-1.2717553,3.011737,8.032895
331911555,1,3,-1.5759228,3.0871801,8.165819
331911565,1,3,-1.3292358,3.6404297,8.092771
331911575,1,3,-0.9460327,3.942202,8.327483
331911585,1,3,-1.0418335,3.838019,8.53585
331911594,1,3,-1.3519886,3.8260436,8.731044
